更新日期: 2026-7-13 22:53:32,http://hlsztemgsplive.miguvideo.com:8080/wd_r2/cctv/cctv1hd/1200/index.m3u8?msisdn=b1664f95b543962a29a9b0f88f4c6542&mdspid=&spid=699004&netType=0&sid=2201057821&pid=2028597139&timestamp=20260713224930&Channel_ID=0116_2600034600-99000-201600010008646&ProgramID=608807420&ParentNodeID=-99&assertID=2201057821&client_ip=113.6.228.125&SecurityKey=20260713224930&promotionId=&mvid=2201057821&mcid=500020&playurlVersion=ZQ-A1-9.6.1.6-SNAPSHOT&userid=&jmhm=&videocodec=h264&appCode=miguvideo_android&bean=mgspad&tid=android&conFee=0&encrypt=57d9466b234e9f263675bd8af3821b8b&sv=10004&ct=android
广东民生,http://38.75.136.137:98/gslb/dsdqpub/gdgg.m3u8?auth=testpub
广东影视,https://hlsbkmgsplive.miguvideo.com/wd_r1/2018/nfmedia/nfys/1000/01.m3u8?&HlsSubType=&encrypt=
长沙县新闻综合,https://liveplay-srs.voc.com.cn/hls/tv/203_10cdf5.m3u8
衡山综合,https://liveplay-srs.voc.com.cn/hls/tv/161_8d2e76.m3u8
龙山综合,https://liveplay-srs.voc.com.cn/hls/tv/146_f067fe.m3u8
平江综合,https://liveplay-srs.voc.com.cn/hls/tv/168_ce2a0c.m3u8
津市综合,https://liveplay-srs.voc.com.cn/hls/tv/187_2abf84.m3u8
花垣综合,https://liveplay-srs.voc.com.cn/hls/tv/134_d590ee.m3u8
临武综合,https://liveplay-srs.voc.com.cn/hls/tv/148_feda2f.m3u8
桂东融媒,https://liveplay-srs.voc.com.cn/hls/tv/174_6ab9f8.m3u8
衡阳县电视台,https://liveplay-srs.voc.com.cn/hls/tv/183_554704.m3u8
新化电视台,https://liveplay-srs.voc.com.cn/hls/tv/170_49c556.m3u8
桂阳新闻综合,https://liveplay-srs.voc.com.cn/hls/tv/7_7c833e.m3u8
屈原融媒体,https://liveplay-srs.voc.com.cn/hls/tv/167_0d6151.m3u8
新邵新闻综合,https://liveplay-srs.voc.com.cn/hls/tv/171_daca67.m3u8
耒阳电视台,https://liveplay-srs.voc.com.cn/hls/tv/27_e9e1e5.m3u8
永兴电视台,https://liveplay-srs.voc.com.cn/hls/tv/40_1d0ed0.m3u8
沅江电视台,https://liveplay-srs.voc.com.cn/hls/tv/163_2c7011.m3u8
蓝山电视台,https://liveplay-srs.voc.com.cn/hls/tv/26_370917.m3u8
芷江综合,https://liveplay-srs.voc.com.cn/hls/tv/20_68acda.m3u8
靖州综合,https://liveplay-srs.voc.com.cn/hls/tv/34_5156ed.m3u8
双峰电视台,https://liveplay-srs.voc.com.cn/hls/tv/131_acfb72.m3u8
嘉禾新闻综合,https://liveplay-srs.voc.com.cn/hls/tv/184_e3af1a.m3u8
城步电视台,https://liveplay-srs.voc.com.cn/hls/tv/169_b4d7a4.m3u8
衡东电视台,https://liveplay-srs.voc.com.cn/hls/tv/180_60f888.m3u8
汝城台,https://liveplay-srs.voc.com.cn/hls/tv/149_40cf24.m3u8
中方台,https://liveplay-srs.voc.com.cn/hls/tv/18_3aa230.m3u8
吉首综合,https://liveplay-srs.voc.com.cn/hls/tv/143_70175b.m3u8
安化综合,https://liveplay-srs.voc.com.cn/hls/tv/204_16cb0f.m3u8
古丈1,https://liveplay-srs.voc.com.cn/hls/tv/144_4efb38.m3u8
浙江少儿,http://ali-xwl.cztv.com/live/channel081080Plxw.m3u8
浙江少儿,http://ali-xwl.cztv.com/live/channel08720Plxw.m3u8
浙江钱江都市,http://ali-xwl.cztv.com/live/channel021080Plxw.m3u8
浙江钱江都市,http://ali-xwl.cztv.com/live/channel02720Plxw.m3u8
浙江经济生活,http://ali-xwl.cztv.com/live/channel031080Plxw.m3u8
浙江经济生活,http://ali-xwl.cztv.com/live/channel03720Plxw.m3u8
浙江民生休闲,http://ali-xwl.cztv.com/live/channel061080Plxw.m3u8
浙江民生休闲,http://ali-xwl.cztv.com/live/channel06720Plxw.m3u8
浙江新闻,http://ali-xwl.cztv.com/live/channel071080Plxw.m3u8
浙江新闻,http://ali-xwl.cztv.com/live/channel07720Plxw.m3u8
浙江教科影视,http://ali-xwl.cztv.com/live/channel041080Plxw.m3u8
浙江教科影视,http://ali-xwl.cztv.com/live/channel04720Plxw.m3u8
浙江国际,http://ali-xwl.cztv.com/live/channel101080Plxw.m3u8
浙江国际,http://ali-xwl.cztv.com/live/channel10720Plxw.m3u8
嵊州综合,http://l.cztvcloud.com/channels/lantian/SXshengzhou1/720p.m3u8
象山综合,http://l.cztvcloud.com/channels/lantian/SXxiangshan1/720p.m3u8
新昌综合,http://l.cztvcloud.com/channels/lantian/SXxinchang1/720p.m3u8
平湖新闻综合,http://l.cztvcloud.com/channels/lantian/SXpinghu1/720p.m3u8
平湖民生休闲,http://l.cztvcloud.com/channels/lantian/SXpinghu2/720p.m3u8
青田电视台,http://l.cztvcloud.com/channels/lantian/SXqingtian1/720p.m3u8
余姚新闻综合,http://l.cztvcloud.com/channels/lantian/SXyuyao1/720p.m3u8
萧山综合,http://l.cztvcloud.com/channels/lantian/SXxiaoshan1/720p.m3u8
萧山生活,http://l.cztvcloud.com/channels/lantian/SXxiaoshan2/720p.m3u8
上虞新闻综合,http://l.cztvcloud.com/channels/lantian/SXshangyu1/720p.m3u8
上虞文化影视,http://l.cztvcloud.com/channels/lantian/SXshangyu2/720p.m3u8
普陀电视台,http://l.cztvcloud.com/channels/lantian/SXputuo1/720p.m3u8
庆元电视台,http://l.cztvcloud.com/channels/lantian/SXqingyuan1/720p.m3u8
东阳影视生活,http://l.cztvcloud.com/channels/lantian/SXdongyang1/720p.m3u8
兰溪新闻综合,http://l.cztvcloud.com/channels/lantian/SXlanxi1/720p.m3u8
缙云新闻综合,http://l.cztvcloud.com/channels/lantian/SXjinyun1/720p.m3u8
龙泉电视台,http://l.cztvcloud.com/channels/lantian/SXlongquan1/720p.m3u8
南京新闻综合,http://nklive.nbs.cn/hls/d511bc9d-a694-4453-b3a2-4fc842cc97a1/index.m3u8
南京教科,http://nklive.nbs.cn/hls/75b3c462-b831-4de7-a34b-5d3221db2069/index.m3u8
南京文旅纪录,http://nklive.nbs.cn/hls/9b2005c4-046c-422f-ba45-e6adc4f4de07/index.m3u8
南京十八生活,http://nklive.nbs.cn/hls/1173a815-bfdb-4c3c-9f73-89ec37ae7716/index.m3u8
南京少儿,http://nklive.nbs.cn/hls/e0981f3f-1a20-4a59-b8d1-17feb83a4610/index.m3u8
无锡新闻综合,http://stream.thmz.com/wxtv1/sd/live.m3u8
无锡都市资讯,http://stream.thmz.com/wxtv3/sd/live.m3u8
无锡生活,http://stream.thmz.com/wxtv4/sd/live.m3u8
无锡娱乐,http://stream.thmz.com/wxtv2/sd/live.m3u8
无锡经济,http://stream.thmz.com/wxtv5/sd/live.m3u8
哈尔滨新闻综合,https://rmplive.hljtv.com/live/haerbin.m3u8
哈尔滨新闻综合,https://stream.hrbtv.net/xwzh/sd/live.m3u8
哈尔滨新闻综合,http://stream.hrbtv.net/xwzh/sd/live.m3u8
哈尔滨生活,https://stream.hrbtv.net/shpd/sd/live.m3u8
哈尔滨生活,http://stream.hrbtv.net/shpd/sd/live.m3u8
哈尔滨资讯,https://stream.hrbtv.net/zxpd/sd/live.m3u8
哈尔滨娱乐,http://stream.hrbtv.net/ylpd/sd/live.m3u8
哈尔滨影视,https://stream.hrbtv.net/yspd/sd/live.m3u8
哈尔滨影视,http://stream.hrbtv.net/yspd/sd/live.m3u8
伊春综合,https://masterpull.hljtv.com/live/vQtnS3vX.m3u8
伊春综合,https://rmplive.hljtv.com/live/yichun.m3u8
漠河综合,https://masterpull.hljtv.com/live/rlVvbTZN.m3u8
大庆新闻综合,https://masterpull.hljtv.com/live/4WdrZLCq.m3u8
东宁综合,https://masterpull.hljtv.com/live/UQdxnsw8.m3u8
黑河新闻综合,https://masterpull.hljtv.com/live/iyoENgSP.m3u8
鹤岗综合,https://masterpull.hljtv.com/live/rApKWXbX.m3u8
鹤岗综合,https://rmplive.hljtv.com/live/hegang.m3u8
富锦综合,https://masterpull.hljtv.com/live/wOBN3GqO.m3u8
尚志电视台,https://masterpull.hljtv.com/live/EQnKvoc9.m3u8
佳木斯新闻综合,https://masterpull.hljtv.com/live/l9wQtsVs.m3u8
齐齐哈尔新闻综合,https://masterpull.hljtv.com/live/dUi8b96l.m3u8
齐齐哈尔新闻综合,https://rmplive.hljtv.com/live/qiqihaer.m3u8
七台河新闻综合,https://masterpull.hljtv.com/live/9FZ7k2XF.m3u8
七台河新闻综合,https://rmplive.hljtv.com/live/qitaihe.m3u8
勃利综合,https://masterpull.hljtv.com/live/6rx9bifO.m3u8
绥化新闻综合,https://masterpull.hljtv.com/live/v4o2g1hs.m3u8
绥化新闻综合,https://rmplive.hljtv.com/live/suihua.m3u8
安达综合,https://masterpull.hljtv.com/live/FsGxlDZQ.m3u8
海伦市综合,https://masterpull.hljtv.com/live/VFNlgeFO.m3u8
大兴安岭新闻综合,https://masterpull.hljtv.com/live/H2kVyS15.m3u8
大兴安岭新闻综合,https://rmplive.hljtv.com/live/daxinganling.m3u8
崇仁电视台,http://play-a2.quklive.com/live/1744277411242065.m3u8
崇仁电视台,http://play-a2.quklive.com/live/1744277411242065.flv
宁都综合,http://play-a2.quklive.com/live/1749084198822069.m3u8
宁都综合,http://play-a2.quklive.com/live/1749084198822069.flv
万载电视台1,http://play-a2.quklive.com/live/1739162440932308.m3u8
万载电视台1,http://play-a2.quklive.com/live/1739162440932308.flv
广丰电视台,https://play-a2.quklive.com/live/1754033359790055.m3u8
广丰电视台,https://play-a2.quklive.com/live/1754033359790055.flv
陕西新闻资讯,http://gxlive.snrtv.com/sx1-SD.m3u8
陕西都市青春,http://gxlive.snrtv.com/sx2-SD.m3u8
陕西银龄,http://gxlive.snrtv.com/sx3-SD.m3u8
陕西秦腔,http://gxlive.snrtv.com/sx5-SD.m3u8
陕西体育休闲,http://gxlive.snrtv.com/sx7-SD.m3u8
农林卫视,http://gxlive.snrtv.com/nlws-SD.m3u8
陕西西部电影,http://gxlive.snrtv.com/sx8-SD.m3u8
保定1,http://jwcdnqx.hebyun.com.cn/live/jybd/1500k/tzwj_video.m3u8
保定2,http://jwcdnqx.hebyun.com.cn/live/bdxw1/1500k/tzwj_video.m3u8
保定3,http://jwcdnqx.hebyun.com.cn/live/bddst/1500k/tzwj_video.m3u8
邯郸新闻,https://jwcdnqx.hebyun.com.cn/live/hdxwzh/1500k/tzwj_video.m3u8
邯郸公共,https://jwcdnqx.hebyun.com.cn/live/hdgg/1500k/tzwj_video.m3u8
邯郸科教,https://jwcdnqx.hebyun.com.cn/live/hdkj/1500k/tzwj_video.m3u8
兴隆综合,https://jwcdnqx.hebyun.com.cn/live/xlzh/1500k/tzwj_video.m3u8
兴隆影视,https://jwcdnqx.hebyun.com.cn/live/xlys/1500k/tzwj_video.m3u8
兴隆影视,https://jwcdnqx.hebyun.com.cn/live/xlys/1500k/tzwj_video.m3u8
迁西综合,https://jwcdnqx.hebyun.com.cn/live/qxzhpd/1500k/tzwj_video.m3u8
迁西农业,https://jwcdnqx.hebyun.com.cn/live/qxny/1500k/tzwj_video.m3u8
青县综合,http://jwcdnqx.hebyun.com.cn/live/qxtvlive1/1500k/tzwj_video.m3u8
海峡卫视,https://hlsbkmgsplive.miguvideo.com/migu/kailu/haixiaws/51/20230724/01.m3u8?&HlsSubType=&encrypt=
济源综合,http://tvpull.dxhmt.cn:9081/tv/19001-1.m3u8
兰考综合,http://tvpull.dxhmt.cn:9081/tv/10225-1.m3u8
伊川综合,http://tvpull.dxhmt.cn:9081/tv/10329-1.m3u8
长垣综合,http://tvpull.dxhmt.cn:9081/tv/10728-1.m3u8
开封新闻,http://tvpull.dxhmt.cn:9081/tv/10200-2.m3u8
开封文化旅游,http://tvpull.dxhmt.cn:9081/tv/10200-3.m3u8
内黄综合,http://tvpull.dxhmt.cn:9081/tv/10527-1.m3u8
新县电视台,http://tvpull.dxhmt.cn:9081/tv/11523-1.m3u8
淇县电视台,http://tvpull.dxhmt.cn:9081/tv/10622-1.m3u8
汤阴综合,http://tvpull.dxhmt.cn:9081/tv/10523-1.m3u8
新乡县综合,http://tvpull.dxhmt.cn:9081/tv/10721-1.m3u8
舞钢综合,http://tvpull.dxhmt.cn:9081/tv/10481-1.m3u8
鹤壁新闻,http://pili-live-hls.hebitv.com/hebi/hbtv.m3u8
灵宝新闻综合,http://tvpull.dxhmt.cn:9081/tv/11282-1.m3u8
淮滨综合,http://tvpull.dxhmt.cn:9081/tv/11527-1.m3u8
光山综合,http://tvpull.dxhmt.cn:9081/tv/11522-1.m3u8
滑县TV1,http://tvpull.dxhmt.cn:9081/tv/10526-1.m3u8
滑县TV2,http://tvpull.dxhmt.cn:9081/tv/10526-2.m3u8
清丰电视台,http://tvpull.dxhmt.cn:9081/tv/10922-1.m3u8
通许综合,http://tvpull.dxhmt.cn:9081/tv/10222-1.m3u8
沈丘新闻综合,http://tvpull.dxhmt.cn:9081/tv/11624-1.m3u8
桐柏新闻综合,http://tvpull.dxhmt.cn:9081/tv/11330-1.m3u8
夏邑综合,http://tvpull.dxhmt.cn:9081/tv/11426-1.m3u8
平兴新闻综合,http://tvpull.dxhmt.cn:9081/tv/11723-1.m3u8
偃师新闻,http://tvpull.dxhmt.cn:9081/tv/10381-1.m3u8
上街电视台,http://tvpull.dxhmt.cn:9081/tv/10106-1.m3u8
沁阳新闻综合,http://tvpull.dxhmt.cn:9081/tv/10882-1.m3u8
项城电视台,http://tvpull.dxhmt.cn:9081/tv/11681-1.m3u8
汝阳新闻综合,http://tvpull.dxhmt.cn:9081/tv/10326-1.m3u8
新安新闻综合,http://tvpull.dxhmt.cn:9081/tv/10323-1.m3u8
罗山电视台,http://tvpull.dxhmt.cn:9081/tv/11521-1.m3u8
潢川电视台,http://tvpull.dxhmt.cn:9081/tv/11526-1.m3u8
上蔡1,http://tvpull.dxhmt.cn:9081/tv/11722-1.m3u8
荥阳1,http://tvpull.dxhmt.cn:9081/tv/10182-1.m3u8
温县融媒,http://tvpull.dxhmt.cn:9081/tv/10825-1.m3u8
建安新闻,http://tvpull.dxhmt.cn:9081/tv/11003-1.m3u8
封丘新闻综合,http://tvpull.dxhmt.cn:9081/tv/10727-1.m3u8
林州电视台,http://tvpull.dxhmt.cn:9081/tv/10581-1.m3u8
鄢陵综合,http://tvpull.dxhmt.cn:9081/tv/11024-1.m3u8
邓州新闻,http://tvpull.dxhmt.cn:9081/tv/11381-1.m3u8
社旗电视台,http://tvpull.dxhmt.cn:9081/tv/11327-1.m3u8
镇平新闻综合,http://tvpull.dxhmt.cn:9081/tv/11324-1.m3u8
孟州1,http://tvpull.dxhmt.cn:9081/tv/10883-1.m3u8
郏县综合,http://tvpull.dxhmt.cn:9081/tv/10425-1.m3u8
浚县电视台,http://tvpull.dxhmt.cn:9081/tv/10621-1.m3u8
舞阳新闻综合,http://tvpull.dxhmt.cn:9081/tv/11121-1.m3u8
渑池新闻综合,http://tvpull.dxhmt.cn:9081/tv/11221-1.m3u8
武陟新闻综合,http://tvpull.dxhmt.cn:9081/tv/10823-1.m3u8
新郑1,http://tvpull.dxhmt.cn:9081/tv/10184-1.m3u8
辉县新闻综合,http://tvpull.dxhmt.cn:9081/tv/10782-1.m3u8
永城新闻,http://tvpull.dxhmt.cn:9081/tv/11481-1.m3u8
禹州综合,http://tvpull.dxhmt.cn:9081/tv/11081-1.m3u8
杞县新闻综合,http://tvpull.dxhmt.cn:9081/tv/10221-1.m3u8
林颖综合,http://tvpull.dxhmt.cn:9081/tv/11122-1.m3u8
宝丰1,http://tvpull.dxhmt.cn:9081/tv/10421-1.m3u8
新密新闻频道,http://tvpull.dxhmt.cn:9081/tv/10183-2.m3u8
嘉峪关综合,https://play.kankanlive.com/live/1658978094528926.m3u8
嘉峪关公共,https://play.kankanlive.com/live/1658978141553927.m3u8
金昌综合,http://play.kankanlive.com/live/1660096574549900.m3u8
金昌综合,http://play.kankanlive.com/live/1660096574549900.flv
张掖新闻,http://play.kankanlive.com/live/1675849013180979.m3u8
张掖新闻,http://play.kankanlive.com/live/1675849013180979.flv
定西综合,https://play.kankanlive.com/live/1675303871634928.m3u8
定西综合,http://play.kankanlive.com/live/1675303871634928.flv
定西文旅生活,http://play.kankanlive.com/live/1675303983674929.m3u8
定西文旅生活,http://play.kankanlive.com/live/1675303983674929.flv
天祝电视台,https://play.kankanlive.com/live/1656487214793905.m3u8
泰安综合,http://play.kankanlive.com/live/1680577080200944.m3u8
泰安综合,http://play.kankanlive.com/live/1680577080200944.flv
静宁新闻综合,https://play.kankanlive.com/live/1658194434596952.m3u8
景泰电视台,https://play.kankanlive.com/live/1624439143745981.m3u8
西和综合,https://play.kankanlive.com/live/1659926941626981.m3u8
古浪综合,http://play.kankanlive.com/live/1647934328544907.m3u8
古浪综合,http://play.kankanlive.com/live/1647934328544907.flv
永昌电视台,https://play.kankanlive.com/live/1652755738635915.m3u8
陇西电视台,https://play.kankanlive.com/live/1669881644081970.m3u8
平川电视台,http://play.kankanlive.com/live/1658907556249918.m3u8
平川电视台,http://play.kankanlive.com/live/1658907556249918.flv
岷县电视台,http://play.kankanlive.com/live/1672715401874967.m3u8
岷县电视台,http://play.kankanlive.com/live/1672715401874967.flv
庄浪电视台,https://play.kankanlive.com/live/1655107221272926.m3u8
金川电视台,http://play.kankanlive.com/live/1657360567739997.m3u8
金川电视台,http://play.kankanlive.com/live/1657360567739997.flv
安定电视台,https://play.kankanlive.com/live/1672881652415978.m3u8
安定电视台,http://play.kankanlive.com/live/1672881652415978.flv
靖远电视台,https://play.kankanlive.com/live/1658390970673988.m3u8
天祝电视台,https://play.kankanlive.com/live/1656487214793905.m3u8
天祝电视台,http://play.kankanlive.com/live/1656487214793905.m3u8
天祝电视台,http://play.kankanlive.com/live/1656487214793905.flv
靖远电视台,https://play.kankanlive.com/live/1658390970673988.m3u8
通渭电视台,http://play.kankanlive.com/live/1661761962676984.m3u8
通渭电视台,http://play.kankanlive.com/live/1661761962676984.flv
秦安电视台,https://play.kankanlive.com/live/1680577080200944.m3u8
秦安电视台,http://play.kankanlive.com/live/1680577080200944.flv
浙江卫视超清,http://ali-xwl.cztv.com/live/channel011080Plxw.m3u8
浙江卫视超清,http://ali-xwl.cztv.com/live/channel01720Plxw.m3u8
江苏卫视超清,https://hlsbkmgsplive.miguvideo.com/migu/kailu/jswshd265/55/20200407/01.m3u8?&HlsSubType=&encrypt=
湖北卫视超清,http://hlsztemgsplive.miguvideo.com:8080/wd_r2/2018/ocn/hubeiwshd/2000/index.m3u8?msisdn=574d85f52a15ea736392f5454547ae94&mdspid=&spid=600633&netType=0&sid=5910022163&pid=2028597139&timestamp=20260713222809&Channel_ID=0116_2600034600-99000-201600010009903&ProgramID=947472496&ParentNodeID=-99&assertID=5910022163&client_ip=113.6.228.94&SecurityKey=20260713222809&promotionId=&mvid=5900004355&mcid=500020&playurlVersion=ZQ-A1-9.6.1.6-SNAPSHOT&userid=&jmhm=&videocodec=h264&appCode=miguvideo_android&bean=mgspad&tid=android&conFee=0&encrypt=fd3670af09cad5a15f616e8b79afa398&sv=10004&ct=android
山东卫视超清,https://hlsbkmgsplive.miguvideo.com/wd_r4/yg/shandongwshd/3000/01.m3u8?&HlsSubType=&encrypt=
山东卫视超清,https://hlsbkmgsplive.miguvideo.com/wd-shandonghd-1200/01.m3u8?&HlsSubType=&encrypt=
辽宁卫视超清,https://hlsbkmgsplive.miguvideo.com/migu/kailu/lnwshd265/54/20200407/01.m3u8?&HlsSubType=&encrypt=
东南卫视超清,http://hlsztemgsplive.miguvideo.com:8080/migu/kailu/dongnanws/51/20230724/index.m3u8?msisdn=574d85f52a15ea736392f5454547ae94&mdspid=&spid=600717&netType=0&sid=5910022182&pid=2028597139&timestamp=20260713222700&Channel_ID=0116_2600034600-99000-201600010051737&ProgramID=849116810&ParentNodeID=-99&assertID=5910022182&client_ip=113.6.228.94&SecurityKey=20260713222700&promotionId=&mvid=5900006229&mcid=500020&playurlVersion=ZQ-A1-9.6.1.6-SNAPSHOT&userid=&jmhm=&videocodec=h264&appCode=miguvideo_android&bean=mgspad&tid=android&conFee=0&encrypt=99ffe0c3eea0054a1fa715cf02a5586e&sv=10004&ct=android
东南卫视超清,https://hlsbkmgsplive.miguvideo.com/migu/kailu/dongnanws/51/20230724/01.m3u8?&HlsSubType=&encrypt=
江西卫视超清,http://hlsztemgsplive.miguvideo.com:8080/migu/kailu/jxwshd/51/20190820/index.m3u8?msisdn=574d85f52a15ea736392f5454547ae94&mdspid=&spid=600633&netType=0&sid=5910021492&pid=2028597139&timestamp=20260713222840&Channel_ID=0116_2600034600-99000-201600010006295&ProgramID=783847495&ParentNodeID=-99&assertID=5910021492&client_ip=113.6.228.95&SecurityKey=20260713222840&promotionId=&mvid=5900004351&mcid=500020&playurlVersion=ZQ-A1-9.6.1.6-SNAPSHOT&userid=&jmhm=&videocodec=h264&appCode=miguvideo_android&bean=mgspad&tid=android&conFee=0&encrypt=fae549e88e588c71ebac17b134fc5efb&sv=10004&ct=android
浙江卫视4K,http://ali-xwl.cztv.com/live/channel4k2160p.m3u8
广东岭南戏曲,http://183.234.143.5:85/tsfile/live/1071_1.m3u8?key=txiptv&playlive=0&authid=0
广东移动,http://183.234.143.5:85/tsfile/live/1007_1.m3u8?key=txiptv&playlive=0&authid=0
广东移动,http://183.11.239.36:808/hls/14/index.m3u8
广东嘉佳卡通,http://183.234.143.5:85/tsfile/live/1069_1.m3u8?key=txiptv&playlive=0&authid=0
广东少儿,http://183.234.143.5:85/tsfile/live/1001_1.m3u8?key=txiptv&playlive=0&authid=0
广东少儿,http://120.238.85.131:9901/tsfile/live/1018_1.m3u8?key=txiptv&playlive=0&authid=0
广东影视,http://183.234.143.5:85/tsfile/live/1034_1.m3u8?key=txiptv&playlive=0&authid=0
广东影视,https://hlsbkmgsplive.miguvideo.com/wd_r1/2018/nfmedia/nfys/1000/01.m3u8?&HlsSubType=&encrypt=
广东影视,http://120.238.85.131:9901/tsfile/live/1017_1.m3u8?key=txiptv&playlive=0&authid=0
广东经济科教,http://218.13.170.98:9901/tsfile/live/0018_1.m3u8?key=txiptv&playlive=1&authid=0
广东4K超高清,http://183.11.239.36:808/hls/9/index.m3u8
广州番禺,http://video.epaper.pybtv.cn:8080/live/rtmp_live_demo.flv
深圳少儿,http://120.233.73.4:19901/tsfile/live/1035_1.m3u8?key=txiptv&playlive=1&authid=0
深圳都市,http://120.233.73.4:19901/tsfile/live/1037_1.m3u8?key=txiptv&playlive=1&authid=0
韶关综合,https://www.sgmsw.cn/videos/tv/201805/1308/SB05RIYZOU8JR418AUQOF62CAJQ08D0E/hls/live.m3u8
韶关绿色生活,https://www.sgmsw.cn/videos/tv/201805/1308/9P424TC5M000AFO13CXK6GN6BOA889D2/hls/live.m3u8
河源综合,http://tmpstream.hyrtv.cn/xwzh/sd/live.m3u8
河源公共,http://tmpstream.hyrtv.cn/hygg/sd/live.m3u8
长沙县新闻综合,https://liveplay-srs.voc.com.cn/hls/tv/203_10cdf5.m3u8
衡山综合,https://liveplay-srs.voc.com.cn/hls/tv/161_8d2e76.m3u8
龙山综合,https://liveplay-srs.voc.com.cn/hls/tv/146_f067fe.m3u8
平江综合,https://liveplay-srs.voc.com.cn/hls/tv/168_ce2a0c.m3u8
津市综合,https://liveplay-srs.voc.com.cn/hls/tv/187_2abf84.m3u8
湘潭新闻综合,http://live.hnxttv.com:9601/live/xwzh/800K/tzwj_video.m3u8
湘潭公共,http://live.hnxttv.com:9601/live/dspd/800K/tzwj_video.m3u8
花垣综合,https://liveplay-srs.voc.com.cn/hls/tv/134_d590ee.m3u8
临武综合,https://liveplay-srs.voc.com.cn/hls/tv/148_feda2f.m3u8
桂东融媒,https://liveplay-srs.voc.com.cn/hls/tv/174_6ab9f8.m3u8
衡阳县电视台,https://liveplay-srs.voc.com.cn/hls/tv/183_554704.m3u8
新化电视台,https://liveplay-srs.voc.com.cn/hls/tv/170_49c556.m3u8
桂阳新闻综合,https://liveplay-srs.voc.com.cn/hls/tv/7_7c833e.m3u8
屈原融媒体,https://liveplay-srs.voc.com.cn/hls/tv/167_0d6151.m3u8
新邵新闻综合,https://liveplay-srs.voc.com.cn/hls/tv/171_daca67.m3u8
耒阳电视台,https://liveplay-srs.voc.com.cn/hls/tv/27_e9e1e5.m3u8
永兴电视台,https://liveplay-srs.voc.com.cn/hls/tv/40_1d0ed0.m3u8
沅江电视台,https://liveplay-srs.voc.com.cn/hls/tv/163_2c7011.m3u8
蓝山电视台,https://liveplay-srs.voc.com.cn/hls/tv/26_370917.m3u8
芷江综合,https://liveplay-srs.voc.com.cn/hls/tv/20_68acda.m3u8
靖州综合,https://liveplay-srs.voc.com.cn/hls/tv/34_5156ed.m3u8
双峰电视台,https://liveplay-srs.voc.com.cn/hls/tv/131_acfb72.m3u8
嘉禾新闻综合,https://liveplay-srs.voc.com.cn/hls/tv/184_e3af1a.m3u8
城步电视台,https://liveplay-srs.voc.com.cn/hls/tv/169_b4d7a4.m3u8
衡东电视台,https://liveplay-srs.voc.com.cn/hls/tv/180_60f888.m3u8
汝城台,https://liveplay-srs.voc.com.cn/hls/tv/149_40cf24.m3u8
中方台,https://liveplay-srs.voc.com.cn/hls/tv/18_3aa230.m3u8
吉首综合,https://liveplay-srs.voc.com.cn/hls/tv/143_70175b.m3u8
安化综合,https://liveplay-srs.voc.com.cn/hls/tv/204_16cb0f.m3u8
古丈1,https://liveplay-srs.voc.com.cn/hls/tv/144_4efb38.m3u8
浙江少儿,http://ali-xwl.cztv.com/live/channel081080Plxw.m3u8
浙江少儿,http://ali-xwl.cztv.com/live/channel08720Plxw.m3u8
浙江钱江都市,http://ali-xwl.cztv.com/live/channel021080Plxw.m3u8
浙江钱江都市,http://ali-xwl.cztv.com/live/channel02720Plxw.m3u8
浙江经济生活,http://ali-xwl.cztv.com/live/channel031080Plxw.m3u8
上海第一财经,http://mgsp-hs2.live.miguvideo.com:8088/wd_r1/2018/bestv/dycj/1000/index.m3u8?msisdn=2be6b2ec9fcf10d2c2457e2c710e172c&mdspid=&spid=699212&netType=0&sid=2201008312&pid=2028597139&timestamp=20260714000212&Channel_ID=0116_2600034600-99000-201600010010028&ProgramID=608780988&ParentNodeID=-99&assertID=2201008312&client_ip=171.8.79.254&SecurityKey=20260714000212&promotionId=&mvid=2201008312&mcid=500020&playurlVersion=WX-A1-9.6.1.6-SNAPSHOT&userid=&jmhm=&videocodec=h264&appCode=miguvideo_android&bean=mgspad&tid=android&conFee=0&encrypt=c59b1a2511e3b7cc1d10cd035028466d&sv=10004&ct=android
上海纪实,http://iptv.huuc.edu.cn/hls/docuchina.m3u8
东方影视,https://zby.130519.xyz/PLTV/11/224/3221225744/index.m3u8
中天新闻,http://rihou.cc:555/tv/中天新闻
中天新闻,https://www.youtube.com/watch?v=vr3XyVCR4T0
中天新闻,https://hls-gateway.vpstv.net/streams/477695.m3u8
中視新聞,https://www.youtube.com/watch?v=baDV1O5EBP0
中視新聞,https://hls-gateway.vpstv.net/streams/476269.m3u8
中視新聞,https://raw.githubusercontent.com/ChiSheng9/iptv/master/TV09.m3u8
TVBS NEWS,https://www.youtube.com/watch?v=m_dhMSvUCIc
TVBS NEWS,https://hls-gateway.vpstv.net/streams/709562.m3u8
TVBS NEWS,https://hls-gateway.vpstv.net/streams/708927.m3u8
2026-07-14 04:24:56,http://63.141.230.178:82/gslb/zbdq5.m3u8?id=cctv1hd
浙江经济生活,http://ali-xwl.cztv.com/live/channel03720Plxw.m3u8
浙江民生休闲,http://ali-xwl.cztv.com/live/channel061080Plxw.m3u8
浙江民生休闲,http://ali-xwl.cztv.com/live/channel06720Plxw.m3u8
浙江新闻,http://ali-xwl.cztv.com/live/channel071080Plxw.m3u8
浙江新闻,http://ali-xwl.cztv.com/live/channel07720Plxw.m3u8
浙江教科影视,http://ali-xwl.cztv.com/live/channel041080Plxw.m3u8
浙江教科影视,http://ali-xwl.cztv.com/live/channel04720Plxw.m3u8
浙江国际,http://ali-xwl.cztv.com/live/channel101080Plxw.m3u8
浙江国际,http://ali-xwl.cztv.com/live/channel10720Plxw.m3u8
嵊州综合,http://l.cztvcloud.com/channels/lantian/SXshengzhou1/720p.m3u8
象山综合,http://l.cztvcloud.com/channels/lantian/SXxiangshan1/720p.m3u8
新昌综合,http://l.cztvcloud.com/channels/lantian/SXxinchang1/720p.m3u8
平湖新闻综合,http://l.cztvcloud.com/channels/lantian/SXpinghu1/720p.m3u8
平湖民生休闲,http://l.cztvcloud.com/channels/lantian/SXpinghu2/720p.m3u8
湖州新闻综合,http://hzcm-live.media.hugd.com/3f5fa7d64c7c46a38c6bd8ad35e836cc/65128273761b4731ae53729ea6dcf932.m3u8?auth_key=2277598215-9d21c15111244bea8d298c361d31a72e-0-d031198f58d44b0e91ba2e3f3b188865
湖州文化娱乐,http://hzcm-live.media.hugd.com/613c47f0ab0d4eaa98b21378d0db6ded/0051d31c9dd543a7825eea4e49675b2a.m3u8?auth_key=2277598059-0a5ebfa1c0dc4671b42a60810fc37039-0-fa625b7d1feab612062453c12e3c8887
湖州公共频道,http://hzcm-live.media.hugd.com/1e6b554b9ab74513958c0e1ffe664d22/9acaa7634309494cb29a85eb12136607.m3u8?auth_key=2272900830-9a2389b8bf4e49d580d4ad807423d326-0-ea78a5c7a678c436263582d368f5009e
青田电视台,http://l.cztvcloud.com/channels/lantian/SXqingtian1/720p.m3u8
余姚新闻综合,http://l.cztvcloud.com/channels/lantian/SXyuyao1/720p.m3u8
萧山综合,http://l.cztvcloud.com/channels/lantian/SXxiaoshan1/720p.m3u8
萧山生活,http://l.cztvcloud.com/channels/lantian/SXxiaoshan2/720p.m3u8
上虞新闻综合,http://l.cztvcloud.com/channels/lantian/SXshangyu1/720p.m3u8
上虞文化影视,http://l.cztvcloud.com/channels/lantian/SXshangyu2/720p.m3u8
普陀电视台,http://l.cztvcloud.com/channels/lantian/SXputuo1/720p.m3u8
庆元电视台,http://l.cztvcloud.com/channels/lantian/SXqingyuan1/720p.m3u8
东阳影视生活,http://l.cztvcloud.com/channels/lantian/SXdongyang1/720p.m3u8
兰溪新闻综合,http://l.cztvcloud.com/channels/lantian/SXlanxi1/720p.m3u8
缙云新闻综合,http://l.cztvcloud.com/channels/lantian/SXjinyun1/720p.m3u8
绍兴新闻综合,http://live.shaoxing.com.cn/video/s10001-sxtv1/index.m3u8
绍兴公共频道,http://live.shaoxing.com.cn/video/s10001-sxtv2/index.m3u8
绍兴文化影视,http://live.shaoxing.com.cn/video/s10001-sxtv3/index.m3u8
龙泉电视台,http://l.cztvcloud.com/channels/lantian/SXlongquan1/720p.m3u8
南京新闻综合,http://nklive.nbs.cn/hls/d511bc9d-a694-4453-b3a2-4fc842cc97a1/index.m3u8
南京教科,http://nklive.nbs.cn/hls/75b3c462-b831-4de7-a34b-5d3221db2069/index.m3u8
南京文旅纪录,http://nklive.nbs.cn/hls/9b2005c4-046c-422f-ba45-e6adc4f4de07/index.m3u8
南京十八生活,http://nklive.nbs.cn/hls/1173a815-bfdb-4c3c-9f73-89ec37ae7716/index.m3u8
南京少儿,http://nklive.nbs.cn/hls/e0981f3f-1a20-4a59-b8d1-17feb83a4610/index.m3u8
海门新闻综合,http://haimen-tv-hls.cm.jstv.com/haimen-tv/haimenxwzh.m3u8
海门经济生活,http://haimen-tv-hls.cm.jstv.com/haimen-tv/haimenjjzh.m3u8
沭阳综合,http://shuyang-tv-hls.cm.jstv.com/shuyang-tv/shuyangzh.m3u8
泗洪综合,http://sihong-tv-hls.cm.jstv.com/sihong-tv/sihongxinwenzonghe.m3u8
泗洪综合,http://sihong-tv-hls.cm.jstv.com/sihong-tv/sihongxinwenzonghe.flv
淮安公共,http://live1.habctv.com/ggpdsl/sd/live.m3u8
徐州2,http://stream3.huaihai.tv/xz2t/sd/live.m3u8
徐州3,http://stream3.huaihai.tv/xz3t/sd/live.m3u8
徐州4,http://stream3.huaihai.tv/xz4t/sd/live.m3u8
镇江新闻综合,http://zjtv-wshls.homecdn.com/live/2aa50.m3u8
镇江2,http://zjtv-wshls.homecdn.com/live/2aa16.m3u8
大丰一套,http://dafeng-tv-hls.cm.jstv.com/dafeng-tv/dafengyt.m3u8
如东1,http://rudong-tv-hls.cm.jstv.com/rudong-tv/rdxwzh.m3u8
无锡移动,http://m.m3u8.wifiwx.com/live/wifiwx-494.m3u8
无锡新闻综合,http://stream.thmz.com/wxtv1/sd/live.m3u8
无锡都市资讯,http://stream.thmz.com/wxtv3/sd/live.m3u8
无锡生活,http://stream.thmz.com/wxtv4/sd/live.m3u8
无锡娱乐,http://stream.thmz.com/wxtv2/sd/live.m3u8
无锡经济,http://stream.thmz.com/wxtv5/sd/live.m3u8
句容新闻综合,http://jrlive.jrntv.com/live/jrxwzh/playlist.m3u8
句容生活频道,http://jrlive.jrntv.com:80/live/shenghuo/playlist.m3u8
句容生活频道,http://jrlive.jrntv.com/live/shenghuos/playlist.m3u8
句容影视频道,http://jrlive.jrntv.com:80/live/yingshi/playlist.m3u8
句容党建频道,http://jrlive.jrntv.com:80/live/dangjian/playlist.m3u8
张家港新闻综合,http://3gvod.zjgonline.com.cn:1935/live/_definst_/xinwenzonghe_300_2/playlist.m3u8
张家港民生,http://3gvod.zjgonline.com.cn:1935/live/_definst_/shehuishenghuo_300_2/playlist.m3u8
姜偃新闻综合,http://jiangyan-tv-hls.cm.jstv.com/jiangyan-tv/jiangyanzh.m3u8
姜偃新闻综合,http://jiangyan-tv-hls.cm.jstv.com/jiangyan-tv/jiangyanzh.flv
武进生活,http://live.wjyanghu.com/live/CH2.m3u8
姜堰新闻综合,https://jiangyan-tv-hls.cm.jstv.com/jiangyan-tv/jiangyanzh.m3u8
顺义电视台,https://livebjsy.chinamcache.com/live/zb02.flv
通州电视台,http://pull.dayuntongzhou.com/live/tztv.m3u8
黑龙江新闻法治,https://idclive.hljtv.com:4430/live/hljxw_hd.m3u8
黑龙江都市,https://idclive.hljtv.com:4430/live/dushi_hd.m3u8
黑龙江影视,https://idclive.hljtv.com:4430/live/hljys_hd.m3u8
黑龙江农业科教,https://idclive.hljtv.com:4430/live/hljgg_hd.m3u8
黑龙江少儿,https://idclive.hljtv.com:4430/live/hljse_hd.m3u8
黑龙江文体,https://idclive.hljtv.com:4430/live/hljwy_hd.m3u8
哈尔滨新闻综合,https://rmplive.hljtv.com/live/haerbin.m3u8
哈尔滨新闻综合,https://stream.hrbtv.net/xwzh/sd/live.m3u8
哈尔滨新闻综合,http://stream.hrbtv.net/xwzh/sd/live.m3u8
哈尔滨生活,https://stream.hrbtv.net/shpd/sd/live.m3u8
哈尔滨生活,http://stream.hrbtv.net/shpd/sd/live.m3u8
哈尔滨资讯,https://stream.hrbtv.net/zxpd/sd/live.m3u8
哈尔滨娱乐,http://stream.hrbtv.net/ylpd/sd/live.m3u8
哈尔滨影视,https://stream.hrbtv.net/yspd/sd/live.m3u8
哈尔滨影视,http://stream.hrbtv.net/yspd/sd/live.m3u8
伊春综合,https://masterpull.hljtv.com/live/vQtnS3vX.m3u8
伊春综合,https://rmplive.hljtv.com/live/yichun.m3u8
漠河综合,https://masterpull.hljtv.com/live/rlVvbTZN.m3u8
大庆新闻综合,https://masterpull.hljtv.com/live/4WdrZLCq.m3u8
东宁综合,https://masterpull.hljtv.com/live/UQdxnsw8.m3u8
黑河新闻综合,https://masterpull.hljtv.com/live/iyoENgSP.m3u8
鹤岗综合,https://masterpull.hljtv.com/live/rApKWXbX.m3u8
鹤岗综合,https://rmplive.hljtv.com/live/hegang.m3u8
富锦综合,https://masterpull.hljtv.com/live/wOBN3GqO.m3u8
尚志电视台,https://masterpull.hljtv.com/live/EQnKvoc9.m3u8
佳木斯新闻综合,https://masterpull.hljtv.com/live/l9wQtsVs.m3u8
齐齐哈尔新闻综合,https://masterpull.hljtv.com/live/dUi8b96l.m3u8
齐齐哈尔新闻综合,https://rmplive.hljtv.com/live/qiqihaer.m3u8
七台河新闻综合,https://masterpull.hljtv.com/live/9FZ7k2XF.m3u8
七台河新闻综合,https://rmplive.hljtv.com/live/qitaihe.m3u8
七台河新闻综合,http://live.qthnews.org.cn:1935/live/live1/800k/tzwj_video.m3u8
七台河民生社教,http://live.qthnews.org.cn:1935/live/live2/800k/tzwj_video.m3u8
勃利综合,https://masterpull.hljtv.com/live/6rx9bifO.m3u8
绥化新闻综合,https://masterpull.hljtv.com/live/v4o2g1hs.m3u8
绥化新闻综合,https://liveplaysr.dbw.cn/lsdream/amzPoBP/1000/live.m3u8
绥化新闻综合,https://rmplive.hljtv.com/live/suihua.m3u8
安达综合,https://masterpull.hljtv.com/live/FsGxlDZQ.m3u8
海伦市综合,https://masterpull.hljtv.com/live/VFNlgeFO.m3u8
大兴安岭新闻综合,https://masterpull.hljtv.com/live/H2kVyS15.m3u8
大兴安岭新闻综合,https://rmplive.hljtv.com/live/daxinganling.m3u8
崇仁电视台,http://play-a2.quklive.com/live/1744277411242065.m3u8
崇仁电视台,http://play-a2.quklive.com/live/1744277411242065.flv
宁都综合,http://play-a2.quklive.com/live/1749084198822069.m3u8
宁都综合,http://play-a2.quklive.com/live/1749084198822069.flv
万载电视台1,http://play-a2.quklive.com/live/1739162440932308.m3u8
万载电视台1,http://play-a2.quklive.com/live/1739162440932308.flv
广丰电视台,https://play-a2.quklive.com/live/1754033359790055.m3u8
广丰电视台,https://play-a2.quklive.com/live/1754033359790055.flv
陕西新闻资讯,http://gxlive.snrtv.com/sx1-SD.m3u8
陕西都市青春,http://gxlive.snrtv.com/sx2-SD.m3u8
陕西银龄,http://gxlive.snrtv.com/sx3-SD.m3u8
陕西秦腔,http://gxlive.snrtv.com/sx5-SD.m3u8
陕西体育休闲,http://gxlive.snrtv.com/sx7-SD.m3u8
农林卫视,http://gxlive.snrtv.com/nlws-SD.m3u8
陕西西部电影,http://gxlive.snrtv.com/sx8-SD.m3u8
西安新闻综合,https://xatv-yt.xiancity.cn/live/1/index.m3u8
西安都市频道,https://xatv-yt.xiancity.cn/live/2/index.m3u8
西安影视频道,https://xatv-yt.xiancity.cn/live/4/index.m3u8
西安丝路频道,https://xatv-yt.xiancity.cn/live/5/index.m3u8
榆林1,https://hplayer1.juyun.tv/camera/140908134.m3u8
南宁新闻综合,http://hls.nntv.cn/nnlive/NNTV_NEWS_A.m3u8
浙江钱江频道,http://ali-m-l.cztv.com/channels/lantian/channel002/1080p.m3u8
浙江经济生活,http://ali-m-l.cztv.com/channels/lantian/channel003/1080p.m3u8
浙江教科频道,http://ali-m-l.cztv.com/channels/lantian/channel004/1080p.m3u8
浙江民生休闲,http://ali-m-l.cztv.com/channels/lantian/channel006/1080p.m3u8
浙江新闻频道,http://ali-m-l.cztv.com/channels/lantian/channel007/1080p.m3u8
浙江少儿频道,http://ali-m-l.cztv.com/channels/lantian/channel008/1080p.m3u8
中国蓝新闻,http://ali-m-l.cztv.com/channels/lantian/channel009/1080p.m3u8
浙江国际频道,http://ali-m-l.cztv.com/channels/lantian/channel010/1080p.m3u8
浙江之江纪录,http://ali-m-l.cztv.com/channels/lantian/channel012/1080p.m3u8
杭州余杭平安,http://l.cztvcloud.com/channels/lantian/SXyuhang2/720p.m3u8
杭州余杭未来,http://l.cztvcloud.com/channels/lantian/SXyuhang3/720p.m3u8
杭州余杭综合,http://l.cztvcloud.com/channels/lantian/SXyuhang1/720p.m3u8
宁波象山综合,http://l.cztvcloud.com/channels/lantian/SXxiangshan1/720p.m3u8
宁波余姚综合,http://l.cztvcloud.com/channels/lantian/SXyuyao1/720p.m3u8
上虞新闻综合,http://l.cztvcloud.com/channels/lantian/SXshangyu1/720p.m3u8
上虞文化影院,http://l.cztvcloud.com/channels/lantian/SXshangyu2/720p.m3u8
上虞新商都,http://l.cztvcloud.com/channels/lantian/SXshangyu3/720p.m3u8
丽水云和综合,http://l.cztvcloud.com/channels/lantian/SXyunhe1/720p.m3u8
丽水庆元综合,http://l.cztvcloud.com/channels/lantian/SXqingyuan1/720p.m3u8
丽水松阳综合,http://l.cztvcloud.com/channels/lantian/SXsongyang1/720p.m3u8
丽水缙云综合,http://l.cztvcloud.com/channels/lantian/SXjinyun1/720p.m3u8
丽水遂昌综合,http://l.cztvcloud.com/channels/lantian/SXsuichang1/720p.m3u8
丽水青田综合,http://l.cztvcloud.com/channels/lantian/SXqingtian1/720p.m3u8
丽水龙泉综合,http://l.cztvcloud.com/channels/lantian/SXlongquan1/720p.m3u8
云和新闻综合,http://l.cztvcloud.com/channels/lantian/SXyunhe1/720p.m3u8
兰溪新闻综合,http://l.cztvcloud.com/channels/lantian/SXlanxi1/720p.m3u8
宁波余姚生活,http://l.cztvcloud.com/channels/lantian/SXyuyao2/720p.m3u8
宁波余姚综合,http://l.cztvcloud.com/channels/lantian/SXyuyao1/720p.m3u8
宁波象山综合,http://l.cztvcloud.com/channels/lantian/SXxiangshan1/720p.m3u8
嵊州公共新闻综合,http://l.cztvcloud.com/channels/lantian/SXshengzhou1/720p.m3u8
平湖公共新闻综合,http://l.cztvcloud.com/channels/lantian/SXpinghu1/720p.m3u8
平湖新闻综合,http://l.cztvcloud.com/channels/lantian/SXpinghu1/720p.m3u8
平湖民生休闲,http://l.cztvcloud.com/channels/lantian/SXpinghu2/720p.m3u8
庆元综合频道,http://l.cztvcloud.com/channels/lantian/SXqingyuan1/720p.m3u8
开化新闻综合,http://l.cztvcloud.com/channels/lantian/SXkaihua1/720p.m3u8
开化国家公园,http://l.cztvcloud.com/channels/lantian/SXkaihua2/720p.m3u8
南宁都市生活,http://hls.nntv.cn/nnlive/NNTV_METRO_A.m3u8
南宁公共,http://hls.nntv.cn/nnlive/NNTV_PUB_A.m3u8
南宁影视娱乐,http://hls.nntv.cn/nnlive/NNTV_VOD_A.m3u8
宾阳电视台,http://live.gxrb.com.cn/gx/binyang/index.m3u8
博白电视台,http://live.gxrb.com.cn/hls/a22/index.m3u8
巴马电视台,http://live.gxrb.com.cn/gx/bama/index.m3u8
黄山综合,http://hslive.hsnewsnet.com/lsdream/hve9Wjs/1000/live.m3u8
黄山公共,http://hslive.hsnewsnet.com/lsdream/iY92ady/1000/live.m3u8
宿州综合,http://live.ahsz.tv/video/s10001-szzh/index.m3u8
宿州综合,http://live.ahsz.tv/video/s10001-xwzh-hd/index.m3u8
宿州公共,http://live.ahsz.tv/video/s10001-ggpd/index.m3u8
宿州科教,http://live.ahsz.tv/video/s10001-kxjy/index.m3u8
萧县新闻综合,http://60.171.239.216:9080/hls/stream1.m3u8
萧县新闻综合,http://60.171.239.216:9080/hls/stream1.m3u8
固镇综合,http://www.guzhenm.com:7001/hls/hd-live.m3u8
固镇影视,http://www.guzhenm.com:7004/hls/hd-live.m3u8
灵璧综合,http://live.cms.anhuinews.com/video/s10003-lbtv/index.m3u8
璧山综合,http://222.179.42.129:8181/hls1.m3u8
江津新闻综合,http://222.179.155.21:1935/ch1.m3u8
江津新闻综合,http://222.179.155.21:1935/ch1.m3u8
潼南綜合,http://183.230.184.51:65500/tntv1.m3u8
涪陵电视台,http://183.64.215.48:1002/1.m3u8
荣昌综合,http://183.64.181.25:40023/rongchang01.m3u8
甘孜综合,http://tv.drs.ganzitv.com:8100/channellive/gztv.flv
沐川综合,http://tvfile.mcrm.org.cn/nmip-media/channellive/channel103064/playlist.m3u8
凉山新闻,http://file.yizu.tv/nmip-media/channellive/channel106606/playlist.m3u8
凉山彝语,http://file.i0834.cn/nmpi-media/channellive/channel115044/playlist.m3u8
乐至综合,http://175.155.106.72:89/live1/live1.m3u8
广安综合,http://live1.gatv.com.cn:85/live/XWZH.m3u8
广安公共,http://live1.gatv.com.cn:85/live/GGPD_ggpdzm.m3u8
泸州1,http://m3u8.channel.luzhoubs.com/nmip-media/channellive/channel106011/playlist.m3u8
泸州2,http://m3u8.channel.luzhoubs.com/nmip-media/channellive/channel102221/playlist.m3u8
泸州3,http://m3u8.channel.luzhoubs.com/nmip-media/channellive/channel103074/playlist.m3u8
黑水综合,http://live.schstv.com:90/live/xwzh.m3u8
金川综合,http://live.jinchuanrmt.com:90/live/zhxw.m3u8
金川综合,http://live.jinchuanrmt.com:90/live/zhxw.m3u8
武胜综合,http://live2.gatv.com.cn:86/live/WS.m3u8
营山电视台,http://file.ysxtv.cn/cms/videos/nmip-media/channellive/channel1/playlist.m3u8
旺苍新闻综合,http://channel.wcrmt.cn/nmip-media/channellive/channel105268/playlist.m3u8
达川电视台,https://livepull.dachuan.org.cn/live/fmzb1653876985419.m3u8
文成二套,http://l.cztvcloud.com/channels/lantian/SXwencheng2/720p.m3u8
文成综合频道,http://l.cztvcloud.com/channels/lantian/SXwencheng1/720p.m3u8
文成综合频道,http://l.cztvcloud.com/channels/lantian/SXwencheng1/720p.m3u8
普陀新闻综合,http://l.cztvcloud.com/channels/lantian/SXputuo1/720p.m3u8
松阳综合频道,http://l.cztvcloud.com/channels/lantian/SXsongyang1/720p.m3u8
永嘉新闻综合,http://l.cztvcloud.com/channels/lantian/SXyongjia1/720p.m3u8
温州永嘉综合,http://l.cztvcloud.com/channels/lantian/SXyongjia1/720p.m3u8
绍兴上虞影视,http://l.cztvcloud.com/channels/lantian/SXshangyu2/720p.m3u8
绍兴上虞综合,http://l.cztvcloud.com/channels/lantian/SXshangyu1/720p.m3u8
绍兴公共频道,http://live.shaoxing.com.cn/video/s10001-sxtv2/index.m3u8
绍兴新闻综合,http://live.shaoxing.com.cn/video/s10001-sxhb/index.m3u8
云南都市,https://hwapi.yntv.net/62hdvf/rjwt14.m3u8
云南娱乐,https://hwapi.yntv.net/62hdvf/q9vs1b.m3u8
云南康旅频道,https://hwapi.yntv.net/62hdvf/227q43.m3u8
保定1,http://jwcdnqx.hebyun.com.cn/live/jybd/1500k/tzwj_video.m3u8
保定2,http://jwcdnqx.hebyun.com.cn/live/bdxw1/1500k/tzwj_video.m3u8
保定3,http://jwcdnqx.hebyun.com.cn/live/bddst/1500k/tzwj_video.m3u8
邯郸新闻,https://jwcdnqx.hebyun.com.cn/live/hdxwzh/1500k/tzwj_video.m3u8
邯郸公共,https://jwcdnqx.hebyun.com.cn/live/hdgg/1500k/tzwj_video.m3u8
邯郸科教,https://jwcdnqx.hebyun.com.cn/live/hdkj/1500k/tzwj_video.m3u8
衡水新闻综合,http://hls.hsrtv.cn/live/hshstv1.m3u8
衡水公共,http://hls.hsrtv.cn/live/hshstv2.m3u8
邢台综合,http://jwplay.hebyun.com.cn/live/xtsrmtzs/1500k/tzwj_video.m3u8
邢台综合,https://jwplay.hebyun.com.cn/live/xtsrmtzs/1500k/tzwj_video.m3u8
兴隆综合,https://jwcdnqx.hebyun.com.cn/live/xlzh/1500k/tzwj_video.m3u8
绍兴公共频道,http://live.shaoxing.com.cn/video/s10001-sxtv2/index.m3u8
绍兴嵊州综合,http://l.cztvcloud.com/channels/lantian/SXshengzhou1/720p.m3u8
绍兴文化影视,http://live.shaoxing.com.cn/video/s10001-sxtv3/index.m3u8
绍兴新闻综合,http://live.shaoxing.com.cn/video/s10001-sxhb/index.m3u8
缙云综合频道,http://l.cztvcloud.com/channels/lantian/SXjinyun1/720p.m3u8
舟山新闻综合,http://live1.plus.wifizs.cn/xwzh/sd/live.m3u8
舟山公共生活,http://live1.plus.wifizs.cn/ggsh/sd/live.m3u8
苍南新闻综合,http://l.cztvcloud.com/channels/lantian/SXcangnan1/720p.m3u8
萧山新闻综合,http://l.cztvcloud.com/channels/lantian/SXxiaoshan1/720p.m3u8
萧山生活频道,http://l.cztvcloud.com/channels/lantian/SXxiaoshan2/720p.m3u8
衢州开化综合,http://l.cztvcloud.com/channels/lantian/SXkaihua1/720p.m3u8
衢州衢江综合,http://l.cztvcloud.com/channels/lantian/SXqujiang1/720p.m3u8
衢州龙游生活,https://l.cztvcloud.com/channels/lantian/SXlongyou2/720p.m3u8
衢州龙游综合,https://l.cztvcloud.com/channels/lantian/SXlongyou1/720p.m3u8
诸暨新闻综合,http://l.cztvcloud.com/channels/lantian/SXzhuji3/720p.m3u8
遂昌综合频道,http://l.cztvcloud.com/channels/lantian/SXsuichang1/720p.m3u8
金华东阳综合,http://l.cztvcloud.com/channels/lantian/SXdongyang1/720p.m3u8
金华兰溪综合,http://l.cztvcloud.com/channels/lantian/SXlanxi1/720p.m3u8
青田电视台,http://l.cztvcloud.com/channels/lantian/SXqingtian1/720p.m3u8
龙泉公共新闻综合,http://l.cztvcloud.com/channels/lantian/SXlongquan1/720p.m3u8
龙游新闻综合,http://l.cztvcloud.com/channels/lantian/SXlongyou1/720p.m3u8
龙游生活娱乐,http://l.cztvcloud.com/channels/lantian/SXlongyou2/720p.m3u8
浙江之声,http://ali-m-l.cztv.com/channels/lantian/fm88/128k.m3u8
兴隆影视,https://jwcdnqx.hebyun.com.cn/live/xlys/1500k/tzwj_video.m3u8
兴隆影视,https://jwcdnqx.hebyun.com.cn/live/xlys/1500k/tzwj_video.m3u8
迁西综合,https://jwcdnqx.hebyun.com.cn/live/qxzhpd/1500k/tzwj_video.m3u8
迁西农业,https://jwcdnqx.hebyun.com.cn/live/qxny/1500k/tzwj_video.m3u8
张家口2,https://nlive.zjkgdcs.com:8572/live/zjktv2.m3u8
青县综合,http://jwcdnqx.hebyun.com.cn/live/qxtvlive1/1500k/tzwj_video.m3u8
福建综合,http://fjnhdb.chinashadt.com:2036/live/stream:10003.stream/chunklist.m3u8
福建综合,http://fjnhdb.chinashadt.com:2036/live/stream:10003.stream/chunklist.m3u8
海峡卫视,https://hlsbkmgsplive.miguvideo.com/migu/kailu/haixiaws/51/20230724/01.m3u8?&HlsSubType=&encrypt=
福州生活,http://live.zohi.tv/video/s10001-fztv-3/index.m3u8
福州少儿,http://live.zohi.tv/video/s10001-fztv-4/index.m3u8
漳浦综合,http://183.250.71.80:8090/hls/0/index.m3u8
云霄综合,http://live.zzyxxw.com:85/live/xwzh.m3u8
梨园频道,http://live.dxhmt.cn:9080/19903718786/3159ec673c114135816d45dd52ad7396.m3u8
移动戏曲,http://live.dxhmt.cn:9080/19903718786/a9aab4c5eef74da18d684c75c6dd7e10.m3u8
河南曲艺,http://live.dxhmt.cn:9080/19903718786/854deb36f8db4c9098cad18cc35bd632.m3u8
济源综合,http://tvpull.dxhmt.cn:9081/tv/19001-1.m3u8
安阳新闻,http://zhpull.dxhmt.cn/anyang/7e3b40563af54e2f9f48e2c67c5d9fab/playlist.m3u8
安阳文旅,http://zhpull.dxhmt.cn/anyang/24edb37167474b17948c6fbaf09890b8/playlist.m3u8
兰考综合,http://tvpull.dxhmt.cn:9081/tv/10225-1.m3u8
洛阳科教,http://wshls.live.migucloud.com/live/A2HVH5BQ_C0/playlist.m3u8
洛阳科教,http://devlivepull.migucloud.com/live/A2HVH5BQ_C0.flv
洛阳文旅,http://wshls.live.migucloud.com/live/Q081CD54_C0/playlist.m3u8
洛阳文旅,http://devlivepull.migucloud.com/live/Q081CD54_C0.flv
伊川综合,http://tvpull.dxhmt.cn:9081/tv/10329-1.m3u8
周口新闻综合,http://222.136.190.68:8081/live/6520562530090312540.m3u8
长垣综合,http://tvpull.dxhmt.cn:9081/tv/10728-1.m3u8
开封新闻,http://tvpull.dxhmt.cn:9081/tv/10200-2.m3u8
开封文化旅游,http://tvpull.dxhmt.cn:9081/tv/10200-3.m3u8
信阳综合,http://push.xytv.cn/live/871627674812443875/index.m3u8
内黄综合,http://tvpull.dxhmt.cn:9081/tv/10527-1.m3u8
新县电视台,http://tvpull.dxhmt.cn:9081/tv/11523-1.m3u8
淇县电视台,http://tvpull.dxhmt.cn:9081/tv/10622-1.m3u8
汤阴综合,http://tvpull.dxhmt.cn:9081/tv/10523-1.m3u8
新乡县综合,http://tvpull.dxhmt.cn:9081/tv/10721-1.m3u8
舞钢综合,http://tvpull.dxhmt.cn:9081/tv/10481-1.m3u8
鹤壁新闻,http://pili-live-hls.hebitv.com/hebi/hbtv.m3u8
灵宝新闻综合,http://tvpull.dxhmt.cn:9081/tv/11282-1.m3u8
浙江新闻广播,http://ali-m-l.cztv.com/channels/lantian/fm988/128k.m3u8
浙江广播经济,http://ali-m-l.cztv.com/channels/lantian/fm95/128k.m3u8
浙江民生资讯,http://ali-m-l.cztv.com/channels/lantian/fm996/128k.m3u8
浙江音乐调频,http://ali-m-l.cztv.com/channels/lantian/fm968/128k.m3u8
浙江交通之声,http://ali-m-l.cztv.com/channels/lantian/fm93/128k.m3u8
浙江旅游之声,http://ali-m-l.cztv.com/channels/lantian/fm1045/128k.m3u8
浙江城市之声,http://ali-m-l.cztv.com/channels/lantian/fm107/128k.m3u8
广东新闻频道,http://183.236.43.98:4013/udp/239.77.0.173:5146
广东民生频道,http://183.236.43.98:4013/udp/239.77.0.225:5146
广东体育频道,http://183.236.43.98:4013/udp/239.77.0.112:5146
广东体育频道,http://183.236.43.98:4013/udp/239.77.0.168:5146
广东经济科教,http://183.236.43.98:4013/udp/239.77.0.85:5146
广东经济科教,http://183.236.43.98:4013/udp/239.77.0.167:5146
广东大湾区卫视,http://183.236.43.98:4013/udp/239.77.0.215:5146
广东影视频道,http://183.236.43.98:4013/udp/239.77.0.217:5146
广东少儿频道,http://183.236.43.98:4013/udp/239.77.0.250:5146
广东嘉佳卡通,http://183.236.43.98:4013/udp/239.77.0.179:5146
广东综艺4K,http://183.236.43.98:4013/udp/239.77.0.252:5146
广东4K超高清,http://183.236.43.98:4013/udp/239.77.0.245:5146
广东4K超高清,http://183.236.43.98:4013/udp/239.77.1.237:5146
广东4K超高清,http://183.236.43.98:4013/udp/239.77.0.244:5146
广州综合频道,http://183.236.43.98:4013/udp/239.253.43.71:5146
广州新闻频道,http://183.236.43.98:4013/udp/239.253.43.72:5146
广州影视频道,http://183.236.43.98:4013/udp/239.253.43.73:5146
广州法治频道,http://183.236.43.98:4013/udp/239.253.43.74:5146
南国都市4K,http://183.236.43.98:4013/udp/239.253.43.99:5146
深圳都市频道,http://183.236.43.98:4013/udp/239.77.1.176:5146
深圳电视剧频道,http://183.236.43.98:4013/udp/239.77.1.177:5146
深圳财经生活,http://183.236.43.98:4013/udp/239.77.1.242:5146
深圳体育健康,http://183.236.43.98:4013/udp/239.77.1.128:5146
淮滨综合,http://tvpull.dxhmt.cn:9081/tv/11527-1.m3u8
光山综合,http://tvpull.dxhmt.cn:9081/tv/11522-1.m3u8
滑县TV1,http://tvpull.dxhmt.cn:9081/tv/10526-1.m3u8
滑县TV2,http://tvpull.dxhmt.cn:9081/tv/10526-2.m3u8
清丰电视台,http://tvpull.dxhmt.cn:9081/tv/10922-1.m3u8
通许综合,http://tvpull.dxhmt.cn:9081/tv/10222-1.m3u8
沈丘新闻综合,http://tvpull.dxhmt.cn:9081/tv/11624-1.m3u8
桐柏新闻综合,http://tvpull.dxhmt.cn:9081/tv/11330-1.m3u8
夏邑综合,http://tvpull.dxhmt.cn:9081/tv/11426-1.m3u8
平兴新闻综合,http://tvpull.dxhmt.cn:9081/tv/11723-1.m3u8
偃师新闻,http://tvpull.dxhmt.cn:9081/tv/10381-1.m3u8
上街电视台,http://tvpull.dxhmt.cn:9081/tv/10106-1.m3u8
上街电视台,http://live.dxhmt.cn:9081/tv/10106-1.m3u8
沁阳新闻综合,http://tvpull.dxhmt.cn:9081/tv/10882-1.m3u8
项城电视台,http://tvpull.dxhmt.cn:9081/tv/11681-1.m3u8
汝阳新闻综合,http://tvpull.dxhmt.cn:9081/tv/10326-1.m3u8
新安新闻综合,http://tvpull.dxhmt.cn:9081/tv/10323-1.m3u8
罗山电视台,http://tvpull.dxhmt.cn:9081/tv/11521-1.m3u8
潢川电视台,http://tvpull.dxhmt.cn:9081/tv/11526-1.m3u8
上蔡1,http://tvpull.dxhmt.cn:9081/tv/11722-1.m3u8
荥阳1,http://tvpull.dxhmt.cn:9081/tv/10182-1.m3u8
荥阳1,http://live.dxhmt.cn:9081/tv/10182-1.m3u8
温县融媒,http://tvpull.dxhmt.cn:9081/tv/10825-1.m3u8
建安新闻,http://tvpull.dxhmt.cn:9081/tv/11003-1.m3u8
封丘新闻综合,http://tvpull.dxhmt.cn:9081/tv/10727-1.m3u8
林州电视台,http://tvpull.dxhmt.cn:9081/tv/10581-1.m3u8
鄢陵综合,http://tvpull.dxhmt.cn:9081/tv/11024-1.m3u8
邓州新闻,http://tvpull.dxhmt.cn:9081/tv/11381-1.m3u8
社旗电视台,http://tvpull.dxhmt.cn:9081/tv/11327-1.m3u8
深圳少儿频道,http://183.236.43.98:4013/udp/239.77.1.244:5146
宝安频道,http://183.236.43.98:4013/udp/239.77.1.67:5146
深圳龙岗频道,http://183.236.43.98:4013/udp/239.77.1.223:5146
佛山公共频道,http://183.236.43.98:4013/udp/239.253.43.53:5146
佛山南海频道,http://183.236.43.98:4013/udp/239.253.43.54:5146
佛山顺德频道,http://183.236.43.98:4013/udp/239.253.43.55:5146
佛山影视频道,http://183.236.43.98:4013/udp/239.253.43.56:5146
佛山综合频道,http://183.236.43.98:4013/udp/239.253.43.57:5146
东莞新闻综合,http://183.236.43.98:4013/udp/239.253.43.104:5146
东莞生活资讯,http://183.236.43.98:4013/udp/239.253.43.105:5146
韶关新闻综合,http://183.236.43.98:4013/udp/239.77.0.117:5146
湛江新闻综合,http://183.236.43.98:4013/udp/239.77.0.141:5146
湛江公共频道,http://183.236.43.98:4013/udp/239.77.0.140:5146
揭阳综合频道,http://183.236.43.98:4013/udp/239.77.0.229:5146
揭阳生活频道,http://183.236.43.98:4013/udp/239.77.0.251:5146
汕尾新闻综合,http://183.236.43.98:4013/udp/239.77.0.25:5146
汕尾文化生活,http://183.236.43.98:4013/udp/239.77.0.187:5146
江门综合频道,http://183.236.43.98:4013/udp/239.77.0.201:5146
江门侨乡生活,http://183.236.43.98:4013/udp/239.77.0.202:5146
镇平新闻综合,http://tvpull.dxhmt.cn:9081/tv/11324-1.m3u8
孟州1,http://tvpull.dxhmt.cn:9081/tv/10883-1.m3u8
郏县综合,http://tvpull.dxhmt.cn:9081/tv/10425-1.m3u8
浚县电视台,http://tvpull.dxhmt.cn:9081/tv/10621-1.m3u8
舞阳新闻综合,http://tvpull.dxhmt.cn:9081/tv/11121-1.m3u8
渑池新闻综合,http://tvpull.dxhmt.cn:9081/tv/11221-1.m3u8
武陟新闻综合,http://tvpull.dxhmt.cn:9081/tv/10823-1.m3u8
新郑1,http://tvpull.dxhmt.cn:9081/tv/10184-1.m3u8
辉县新闻综合,http://tvpull.dxhmt.cn:9081/tv/10782-1.m3u8
潮州综合频道,http://183.236.43.98:4013/udp/239.253.43.70:5146
潮州民生频道,http://183.236.43.98:4013/udp/239.253.43.75:5146
HZTV-1,http://183.236.43.98:4013/udp/239.77.1.232:5146
HZTV-2,http://183.236.43.98:4013/udp/239.77.1.233:5146
珠海-1,http://183.236.43.98:4013/udp/239.77.0.155:5146
肇庆综合频道,http://183.236.43.98:4013/udp/239.253.43.1:5146
肇庆生活服务,http://183.236.43.98:4013/udp/239.253.43.2:5146
河源综合频道,http://183.236.43.98:4013/udp/239.253.43.213:5146
河源公共频道,http://183.236.43.98:4013/udp/239.253.43.214:5146
清远新闻综合,http://183.236.43.98:4013/udp/239.253.43.33:5146
清远文旅生活,http://183.236.43.98:4013/udp/239.253.43.34:5146
云浮综合频道,http://183.236.43.98:4013/udp/239.77.0.253:5146
云浮文旅频道,http://183.236.43.98:4013/udp/239.77.0.254:5146
茂名综合频道,http://183.236.43.98:4013/udp/239.77.0.206:5146
茂名文化生活,http://183.236.43.98:4013/udp/239.77.0.207:5146
汕头综合频道,http://183.236.43.98:4013/udp/239.253.43.45:5146
汕头经济生活,http://183.236.43.98:4013/udp/239.253.43.46:5146
中山综合频道,http://183.236.43.98:4013/udp/239.253.43.62:5146
香山文化频道,http://183.236.43.98:4013/udp/239.253.43.63:5146
CCTV-4K超高清,http://183.236.43.98:4013/udp/239.77.0.194:5146
CCTV-4K超高清,http://183.236.43.98:4013/udp/239.77.0.174:5146
CCTV-电视指南,http://183.236.43.98:4013/udp/239.253.43.10:5146
永城新闻,http://tvpull.dxhmt.cn:9081/tv/11481-1.m3u8
永城新闻,http://live.dxhmt.cn:9081/tv/11481-1.m3u8
禹州综合,http://tvpull.dxhmt.cn:9081/tv/11081-1.m3u8
杞县新闻综合,http://tvpull.dxhmt.cn:9081/tv/10221-1.m3u8
林颖综合,http://tvpull.dxhmt.cn:9081/tv/11122-1.m3u8
宝丰1,http://tvpull.dxhmt.cn:9081/tv/10421-1.m3u8
新密新闻频道,http://tvpull.dxhmt.cn:9081/tv/10183-2.m3u8
荆门新闻,http://stream.jmtv.com.cn/xwzh/sd/live.m3u8
荆门教育,http://stream.jmtv.com.cn/ggsh/sd/live.m3u8
江夏综合,http://59.175.226.142:280/gb28181/xwzh.m3u8
江夏综合,http://59.175.226.142:280/gb28181/xwzh.flv
宜昌综合,https://liveplay.ycrmt.cn/sxgd/zhpd.m3u8
宜昌旅游生活,https://liveplay.ycrmt.cn/sxgd/lysh.m3u8
五家渠综合,http://liveout.btzx.com.cn/62ds9e/d9vi5g.m3u8
晋城综合,http://live.jinnews.com.cn/xwzh/sd/live.m3u8
晋城公共,http://live.jinnews.com.cn/ggpd/sd/live.m3u8
屯留电视台,https://f3jok3az.live.sxmty.com/live/hls/ebaa2bf2e7f94dc79d4e642ac76d2415/0d97361a940348729fbd0ee3f4eb9e47.m3u8
武乡融媒体,http://uzoiczhh.live.sxmty.com/live/hls/0d41f1480c4042d49927858f01fde707/53130407737b417b9a6259b57246bae3.m3u8
古交电视台,http://pili-live-hls.189.i2863.com/i2863-189/live_189_170656.m3u8
万荣综合,http://60.222.246.220:19433/hls1.m3u8
天津文艺,http://60.26.15.49:85/tsfile/live/13/1002.m3u8?key=txiptv
天津影视,http://60.26.15.49:85/tsfile/live/17/1003.m3u8?key=txiptv
天津都市,http://60.26.15.49:85/tsfile/live/21/1004.m3u8?key=txiptv
CCTV-高尔夫·网球,http://183.236.43.98:4013/udp/239.253.43.12:5146
CETV早期教育,http://183.236.43.98:4013/udp/239.77.0.180:5146
CGTN纪录,http://183.236.43.98:4013/udp/239.253.43.122:5146
CGTN英语,http://183.236.43.98:4013/udp/239.77.0.199:5146
CGTN西班牙语,http://183.236.43.98:4013/udp/239.77.0.221:5146
CGTN阿拉伯语,http://183.236.43.98:4013/udp/239.253.43.200:5146
CGTN俄语,http://183.236.43.98:4013/udp/239.253.43.201:5146
广东新闻频道,http://113.119.24.80:58888/udp/239.77.0.173:5146
广东民生频道,http://113.119.24.80:58888/udp/239.77.0.225:5146
广东体育频道,http://113.119.24.80:58888/udp/239.77.0.112:5146
天津教育,http://60.26.15.49:85/tsfile/live/29/1006.m3u8?key=txiptv
嘉峪关综合,https://play.kankanlive.com/live/1658978094528926.m3u8
嘉峪关公共,https://play.kankanlive.com/live/1658978141553927.m3u8
金昌综合,http://play.kankanlive.com/live/1660096574549900.m3u8
金昌综合,http://play.kankanlive.com/live/1660096574549900.flv
张掖新闻,http://play.kankanlive.com/live/1675849013180979.m3u8
张掖新闻,http://play.kankanlive.com/live/1675849013180979.flv
定西综合,https://play.kankanlive.com/live/1675303871634928.m3u8
定西综合,http://play.kankanlive.com/live/1675303871634928.flv
定西文旅生活,http://play.kankanlive.com/live/1675303983674929.m3u8
定西文旅生活,http://play.kankanlive.com/live/1675303983674929.flv
天祝电视台,https://play.kankanlive.com/live/1656487214793905.m3u8
泰安综合,http://play.kankanlive.com/live/1680577080200944.m3u8
泰安综合,http://play.kankanlive.com/live/1680577080200944.flv
静宁新闻综合,https://play.kankanlive.com/live/1658194434596952.m3u8
景泰电视台,https://play.kankanlive.com/live/1624439143745981.m3u8
西和综合,https://play.kankanlive.com/live/1659926941626981.m3u8
古浪综合,http://play.kankanlive.com/live/1647934328544907.m3u8
古浪综合,http://play.kankanlive.com/live/1647934328544907.flv
临夏市电视台,http://124.152.34.102:8030/wCMq71/wCMq71_0.m3u8
永昌电视台,https://play.kankanlive.com/live/1652755738635915.m3u8
陇西电视台,https://play.kankanlive.com/live/1669881644081970.m3u8
平川电视台,http://play.kankanlive.com/live/1658907556249918.m3u8
平川电视台,http://play.kankanlive.com/live/1658907556249918.flv
岷县电视台,http://play.kankanlive.com/live/1672715401874967.m3u8
岷县电视台,http://play.kankanlive.com/live/1672715401874967.flv
庄浪电视台,https://play.kankanlive.com/live/1655107221272926.m3u8
金川电视台,http://play.kankanlive.com/live/1657360567739997.m3u8
金川电视台,http://play.kankanlive.com/live/1657360567739997.flv
安定电视台,https://play.kankanlive.com/live/1672881652415978.m3u8
安定电视台,http://play.kankanlive.com/live/1672881652415978.flv
靖远电视台,https://play.kankanlive.com/live/1658390970673988.m3u8
天祝电视台,https://play.kankanlive.com/live/1656487214793905.m3u8
广东体育频道,http://113.119.24.80:58888/udp/239.77.0.168:5146
广东经济科教,http://113.119.24.80:58888/udp/239.77.0.85:5146
广东经济科教,http://113.119.24.80:58888/udp/239.77.0.167:5146
广东大湾区卫视,http://113.119.24.80:58888/udp/239.77.0.215:5146
广东影视频道,http://113.119.24.80:58888/udp/239.77.0.217:5146
广东少儿频道,http://113.119.24.80:58888/udp/239.77.0.250:5146
广东嘉佳卡通,http://113.119.24.80:58888/udp/239.77.0.179:5146
广东综艺4K,http://113.119.24.80:58888/udp/239.77.0.252:5146
广东4K超高清,http://113.119.24.80:58888/udp/239.77.0.245:5146
广东4K超高清,http://113.119.24.80:58888/udp/239.77.1.237:5146
广东4K超高清,http://113.119.24.80:58888/udp/239.77.0.244:5146
广州综合频道,http://113.119.24.80:58888/udp/239.253.43.71:5146
广州新闻频道,http://113.119.24.80:58888/udp/239.253.43.72:5146
广州影视频道,http://113.119.24.80:58888/udp/239.253.43.73:5146
广州法治频道,http://113.119.24.80:58888/udp/239.253.43.74:5146
南国都市4K,http://113.119.24.80:58888/udp/239.253.43.99:5146
深圳都市频道,http://113.119.24.80:58888/udp/239.77.1.176:5146
天祝电视台,http://play.kankanlive.com/live/1656487214793905.m3u8
天祝电视台,http://play.kankanlive.com/live/1656487214793905.flv
靖远电视台,https://play.kankanlive.com/live/1658390970673988.m3u8
通渭电视台,http://play.kankanlive.com/live/1661761962676984.m3u8
通渭电视台,http://play.kankanlive.com/live/1661761962676984.flv
秦安电视台,https://play.kankanlive.com/live/1680577080200944.m3u8
秦安电视台,http://play.kankanlive.com/live/1680577080200944.flv
浙江卫视超清,http://ali-xwl.cztv.com/live/channel011080Plxw.m3u8
浙江卫视超清,http://ali-xwl.cztv.com/live/channel01720Plxw.m3u8
江苏卫视超清,http://hlszymgsplive.miguvideo.com:8080/wd_r2/cctv/jiangsuhd/1200/01.m3u8?msisdn=574d85f52a15ea736392f5454547ae94&mdspid=&spid=699067&netType=0&sid=5500199408&pid=2028597139&timestamp=20260713222914&Channel_ID=0116_2600034600-99000-201600010058145&ProgramID=623899368&ParentNodeID=-99&assertID=5500199408&client_ip=113.6.228.95&SecurityKey=20260713222914&promotionId=&mvid=5100156802&mcid=500020&playurlVersion=ZQ-A1-9.6.1.6-SNAPSHOT&userid=&jmhm=&videocodec=h264&appCode=miguvideo_android&bean=mgspad&tid=android&conFee=0&mtv_session=da9180ded3eecf266d0676704dde4d16&sv=10004&ct=android&HlsSubType=1&HlsProfileId=1&nphaid=0&encrypt=f8fd1d01f48e529482059076d6ef1727
江苏卫视超清,http://81.70.201.91:1234/623899368?reptoken=R/mg&auth=
江苏卫视超清,https://hlsbkmgsplive.miguvideo.com/migu/kailu/jswshd265/55/20200407/01.m3u8?&HlsSubType=&encrypt=
深圳卫视超清,http://182.140.125.47:808/hls/23/index.m3u8
深圳卫视超清,http://139.227.21.22:9901/tsfile/live/0126_1.m3u8?key=txiptv&playlive=1&authid=0
深圳卫视超清,http://182.150.112.112:2025/hls/59/index.m3u8
深圳卫视超清,http://120.233.73.4:19901/tsfile/live/1034_1.m3u8?key=txiptv&playlive=1&authid=0
湖北卫视超清,http://hlsztemgsplive.miguvideo.com:8080/wd_r2/2018/ocn/hubeiwshd/2000/index.m3u8?msisdn=574d85f52a15ea736392f5454547ae94&mdspid=&spid=600633&netType=0&sid=5910022163&pid=2028597139&timestamp=20260713222809&Channel_ID=0116_2600034600-99000-201600010009903&ProgramID=947472496&ParentNodeID=-99&assertID=5910022163&client_ip=113.6.228.94&SecurityKey=20260713222809&promotionId=&mvid=5900004355&mcid=500020&playurlVersion=ZQ-A1-9.6.1.6-SNAPSHOT&userid=&jmhm=&videocodec=h264&appCode=miguvideo_android&bean=mgspad&tid=android&conFee=0&encrypt=fd3670af09cad5a15f616e8b79afa398&sv=10004&ct=android
湖北卫视超清,http://81.70.201.91:1234/947472496?reptoken=R/mg&auth=
广东卫视超清,http://hlszymgsplive.miguvideo.com:8080/migu/kailu/gdwshd265/54/20200407/01.m3u8?msisdn=574d85f52a15ea736392f5454547ae94&mdspid=&spid=699054&netType=0&sid=2202428795&pid=2028597139&timestamp=20260713223020&Channel_ID=0116_2600034600-99000-201600010048949&ProgramID=608831231&ParentNodeID=-99&assertID=2202428795&client_ip=113.6.228.97&SecurityKey=20260713223020&promotionId=&mvid=2202428795&mcid=500020&playurlVersion=ZQ-A1-9.6.1.6-SNAPSHOT&userid=&jmhm=&videocodec=h265&appCode=miguvideo_android&bean=mgspad&tid=android&conFee=0&mtv_session=a941b4f2ffe02270ee7108c4902fe54e&sv=10004&ct=android&HlsSubType=1&HlsProfileId=1&nphaid=0&encrypt=bdd6a42e0b1a94523202919019865241
天津卫视超清,http://183.11.239.36:808/hls/42/index.m3u8
山东卫视超清,https://hlsbkmgsplive.miguvideo.com/wd_r4/yg/shandongwshd/3000/01.m3u8?&HlsSubType=&encrypt=
深圳电视剧频道,http://113.119.24.80:58888/udp/239.77.1.177:5146
深圳财经生活,http://113.119.24.80:58888/udp/239.77.1.242:5146
深圳体育健康,http://113.119.24.80:58888/udp/239.77.1.128:5146
深圳少儿频道,http://113.119.24.80:58888/udp/239.77.1.244:5146
宝安频道,http://113.119.24.80:58888/udp/239.77.1.67:5146
深圳龙岗频道,http://113.119.24.80:58888/udp/239.77.1.223:5146
佛山公共频道,http://113.119.24.80:58888/udp/239.253.43.53:5146
佛山南海频道,http://113.119.24.80:58888/udp/239.253.43.54:5146
佛山顺德频道,http://113.119.24.80:58888/udp/239.253.43.55:5146
佛山影视频道,http://113.119.24.80:58888/udp/239.253.43.56:5146
佛山综合频道,http://113.119.24.80:58888/udp/239.253.43.57:5146
东莞新闻综合,http://113.119.24.80:58888/udp/239.253.43.104:5146
东莞生活资讯,http://113.119.24.80:58888/udp/239.253.43.105:5146
韶关新闻综合,http://113.119.24.80:58888/udp/239.77.0.117:5146
湛江新闻综合,http://113.119.24.80:58888/udp/239.77.0.141:5146
山东卫视超清,https://hlsbkmgsplive.miguvideo.com/wd-shandonghd-1200/01.m3u8?&HlsSubType=&encrypt=
东方卫视超清,http://hlszymgsplive.miguvideo.com:8080/wd_r4/dfl/dongfangwshd/1200/01.m3u8?msisdn=574d85f52a15ea736392f5454547ae94&mdspid=&spid=600697&netType=0&sid=5910022185&pid=2028597139&timestamp=20260713223054&Channel_ID=0116_2600034600-99000-201600010051359&ProgramID=651632648&ParentNodeID=-99&assertID=5910022185&client_ip=113.6.228.98&SecurityKey=20260713223054&promotionId=&mvid=5100043384&mcid=500020&playurlVersion=ZQ-A1-9.6.1.6-SNAPSHOT&userid=&jmhm=&videocodec=h264&appCode=miguvideo_android&bean=mgspad&tid=android&conFee=0&mtv_session=1bc55572d64adb39d0cd0fea2acafd2f&sv=10004&ct=android&HlsSubType=1&HlsProfileId=1&nphaid=0&encrypt=bdf9e87edfa82524da6168e0fa06177b
辽宁卫视超清,http://hlszymgsplive.miguvideo.com:8080/wd_r2/2018/ocn/liaoningwshd/2000/01.m3u8?msisdn=574d85f52a15ea736392f5454547ae94&mdspid=&spid=600572&netType=0&sid=5910022198&pid=2028597139&timestamp=20260713222732&Channel_ID=0116_2600034600-99000-201600010025763&ProgramID=630291707&ParentNodeID=-99&assertID=5910022198&client_ip=113.6.228.94&SecurityKey=20260713222732&promotionId=&mvid=5101043014&mcid=500020&playurlVersion=ZQ-A1-9.6.1.6-SNAPSHOT&userid=&jmhm=&videocodec=h264&appCode=miguvideo_android&bean=mgspad&tid=android&conFee=0&mtv_session=975f96e8ade691813ca84ae9db95060d&sv=10004&ct=android&HlsSubType=1&HlsProfileId=1&nphaid=0&encrypt=ab87c7fc6d7d78feb489a839fe637e6f
辽宁卫视超清,http://81.70.201.91:1234/630291707?reptoken=R/mg&auth=
辽宁卫视超清,https://hlsbkmgsplive.miguvideo.com/migu/kailu/lnwshd265/54/20200407/01.m3u8?&HlsSubType=&encrypt=
黑龙江卫视超清,https://idclive.hljtv.com:4430/live/hljws_own.m3u8
黑龙江卫视超清,http://112.123.243.37:50085/tsfile/live/0142_1.m3u8?key=txiptv&playlive=0&authid=0
东南卫视超清,http://hlsztemgsplive.miguvideo.com:8080/migu/kailu/dongnanws/51/20230724/index.m3u8?msisdn=574d85f52a15ea736392f5454547ae94&mdspid=&spid=600717&netType=0&sid=5910022182&pid=2028597139&timestamp=20260713222700&Channel_ID=0116_2600034600-99000-201600010051737&ProgramID=849116810&ParentNodeID=-99&assertID=5910022182&client_ip=113.6.228.94&SecurityKey=20260713222700&promotionId=&mvid=5900006229&mcid=500020&playurlVersion=ZQ-A1-9.6.1.6-SNAPSHOT&userid=&jmhm=&videocodec=h264&appCode=miguvideo_android&bean=mgspad&tid=android&conFee=0&encrypt=99ffe0c3eea0054a1fa715cf02a5586e&sv=10004&ct=android
东南卫视超清,https://hlsbkmgsplive.miguvideo.com/migu/kailu/dongnanws/51/20230724/01.m3u8?&HlsSubType=&encrypt=
江西卫视超清,http://hlsztemgsplive.miguvideo.com:8080/migu/kailu/jxwshd/51/20190820/index.m3u8?msisdn=574d85f52a15ea736392f5454547ae94&mdspid=&spid=600633&netType=0&sid=5910021492&pid=2028597139&timestamp=20260713222840&Channel_ID=0116_2600034600-99000-201600010006295&ProgramID=783847495&ParentNodeID=-99&assertID=5910021492&client_ip=113.6.228.95&SecurityKey=20260713222840&promotionId=&mvid=5900004351&mcid=500020&playurlVersion=ZQ-A1-9.6.1.6-SNAPSHOT&userid=&jmhm=&videocodec=h264&appCode=miguvideo_android&bean=mgspad&tid=android&conFee=0&encrypt=fae549e88e588c71ebac17b134fc5efb&sv=10004&ct=android
广西卫视超清,http://222.214.208.34:59901/tsfile/live/0113_1.m3u8?key=txiptv&playlive=1&authid=0
浙江卫视4K,http://ali-xwl.cztv.com/live/channel4k2160p.m3u8
浙江卫视4K,https://bd-xwl.cztv.com/live/channel4k2160p.m3u8
更新日期: 2026-7-14 06:53:32,http://hlsztemgsplive.miguvideo.com:8080/wd_r2/cctv/cctv1hd/1200/index.m3u8?msisdn=b1664f95b543962a29a9b0f88f4c6542&mdspid=&spid=699004&netType=0&sid=2201057821&pid=2028597139&timestamp=20260713224930&Channel_ID=0116_2600034600-99000-201600010008646&ProgramID=608807420&ParentNodeID=-99&assertID=2201057821&client_ip=113.6.228.125&SecurityKey=20260713224930&promotionId=&mvid=2201057821&mcid=500020&playurlVersion=ZQ-A1-9.6.1.6-SNAPSHOT&userid=&jmhm=&videocodec=h264&appCode=miguvideo_android&bean=mgspad&tid=android&conFee=0&encrypt=57d9466b234e9f263675bd8af3821b8b&sv=10004&ct=android
湛江公共频道,http://113.119.24.80:58888/udp/239.77.0.140:5146
揭阳综合频道,http://113.119.24.80:58888/udp/239.77.0.229:5146
揭阳生活频道,http://113.119.24.80:58888/udp/239.77.0.251:5146
汕尾新闻综合,http://113.119.24.80:58888/udp/239.77.0.25:5146
汕尾文化生活,http://113.119.24.80:58888/udp/239.77.0.187:5146
江门综合频道,http://113.119.24.80:58888/udp/239.77.0.201:5146
江门侨乡生活,http://113.119.24.80:58888/udp/239.77.0.202:5146
潮州综合频道,http://113.119.24.80:58888/udp/239.253.43.70:5146
潮州民生频道,http://113.119.24.80:58888/udp/239.253.43.75:5146
HZTV-1,http://113.119.24.80:58888/udp/239.77.1.232:5146
HZTV-2,http://113.119.24.80:58888/udp/239.77.1.233:5146
珠海-1,http://113.119.24.80:58888/udp/239.77.0.155:5146
肇庆综合频道,http://113.119.24.80:58888/udp/239.253.43.1:5146
肇庆生活服务,http://113.119.24.80:58888/udp/239.253.43.2:5146
河源综合频道,http://113.119.24.80:58888/udp/239.253.43.213:5146
河源公共频道,http://113.119.24.80:58888/udp/239.253.43.214:5146
清远新闻综合,http://113.119.24.80:58888/udp/239.253.43.33:5146
清远文旅生活,http://113.119.24.80:58888/udp/239.253.43.34:5146
云浮综合频道,http://113.119.24.80:58888/udp/239.77.0.253:5146
云浮文旅频道,http://113.119.24.80:58888/udp/239.77.0.254:5146
茂名综合频道,http://113.119.24.80:58888/udp/239.77.0.206:5146
茂名文化生活,http://113.119.24.80:58888/udp/239.77.0.207:5146
汕头综合频道,http://113.119.24.80:58888/udp/239.253.43.45:5146
汕头经济生活,http://113.119.24.80:58888/udp/239.253.43.46:5146
中山综合频道,http://113.119.24.80:58888/udp/239.253.43.62:5146
香山文化频道,http://113.119.24.80:58888/udp/239.253.43.63:5146
CCTV-4K超高清,http://113.119.24.80:58888/udp/239.77.0.194:5146
CCTV-4K超高清,http://113.119.24.80:58888/udp/239.77.0.174:5146
CCTV-电视指南,http://113.119.24.80:58888/udp/239.253.43.10:5146
CCTV-高尔夫·网球,http://113.119.24.80:58888/udp/239.253.43.12:5146
CETV早期教育,http://113.119.24.80:58888/udp/239.77.0.180:5146
CGTN纪录,http://113.119.24.80:58888/udp/239.253.43.122:5146
CGTN英语,http://113.119.24.80:58888/udp/239.77.0.199:5146
CGTN西班牙语,http://113.119.24.80:58888/udp/239.77.0.221:5146
CGTN阿拉伯语,http://113.119.24.80:58888/udp/239.253.43.200:5146
CGTN俄语,http://113.119.24.80:58888/udp/239.253.43.201:5146
北京新闻频道,http://123.118.62.91:8686/rtp/239.3.1.159:8000
北京影视频道,http://123.118.62.91:8686/rtp/239.3.1.158:8000
北京文艺频道,http://123.118.62.91:8686/rtp/239.3.1.242:8000
北京财经频道,http://123.118.62.91:8686/rtp/239.3.1.116:8000
北京生活频道,http://123.118.62.91:8686/rtp/239.3.1.117:8000
北京纪实科教,http://123.118.62.91:8686/rtp/239.3.1.115:8000
北京卡酷少儿,http://123.118.62.91:8686/rtp/239.3.1.189:8000
北京体育休闲,http://123.118.62.91:8686/rtp/239.3.1.243:8000
北京国际频道,http://123.118.62.91:8686/rtp/239.3.1.235:8000
厦门卫视,http://123.118.62.91:8686/rtp/239.3.1.143:4120
华数爱上4K,http://123.118.62.91:8686/rtp/239.3.1.236:2000
北京IPTV4K超清,http://123.118.62.91:8686/rtp/239.3.1.249:8001
北京IPTV淘电影,http://123.118.62.91:8686/rtp/239.3.1.250:8001
北京IPTV淘剧场,http://123.118.62.91:8686/rtp/239.3.1.95:8001
北京IPTV淘娱乐,http://123.118.62.91:8686/rtp/239.3.1.100:8001
北京IPTV淘BABY,http://123.118.62.91:8686/rtp/239.3.1.238:8001
北京IPTV萌宠TV,http://123.118.62.91:8686/rtp/239.3.1.102:8001
CGTN英语,http://123.118.62.91:8686/rtp/239.3.1.215:4220
CGTN纪录,http://123.118.62.91:8686/rtp/239.3.1.216:4220
CGTN西班牙语,http://123.118.62.91:8686/rtp/239.3.1.217:4220
CGTN阿拉伯语,http://123.118.62.91:8686/rtp/239.3.1.219:4220
CGTN俄语,http://123.118.62.91:8686/rtp/239.3.1.220:4220
中国交通,http://123.118.62.91:8686/rtp/239.3.1.188:8001
朝阳融媒,http://123.118.62.91:8686/rtp/239.3.1.163:8001
通州融媒,http://123.118.62.91:8686/rtp/239.3.1.221:8001
房山电视台,http://123.118.62.91:8686/rtp/239.3.1.96:8001
密云电视台,http://123.118.62.91:8686/rtp/239.3.1.154:8001
延庆电视台,http://123.118.62.91:8686/rtp/239.3.1.187:8001
湖南金鹰纪实,http://123.118.62.91:8686/rtp/239.3.1.58:8156
湖南茶频道,http://123.118.62.91:8686/rtp/239.3.1.165:8001
湖南快乐垂钓,http://123.118.62.91:8686/rtp/239.3.1.164:8001
华数星影,http://123.118.62.91:8686/rtp/239.3.1.94:4120
华数动作影院,http://123.118.62.91:8686/rtp/239.3.1.92:4120
华数喜剧影院,http://123.118.62.91:8686/rtp/239.3.1.91:4120
华数家庭影院,http://123.118.62.91:8686/rtp/239.3.1.93:4120
华数精选,http://123.118.62.91:8686/rtp/239.3.1.74:4120
华数经典电影,http://123.118.62.91:8686/rtp/239.3.1.195:9024
华数热播剧场,http://123.118.62.91:8686/rtp/239.3.1.194:9020
华数军旅剧场,http://123.118.62.91:8686/rtp/239.3.1.68:4120
华数城市剧场,http://123.118.62.91:8686/rtp/239.3.1.67:4120
华数武侠剧场,http://123.118.62.91:8686/rtp/239.3.1.90:4120
华数魅力时尚,http://123.118.62.91:8686/rtp/239.3.1.196:9012
古装剧场,http://123.118.62.91:8686/rtp/239.3.1.69:4120
华数少儿动画,http://123.118.62.91:8686/rtp/239.3.1.199:9000
华数动画,http://123.118.62.91:8686/rtp/239.3.1.80:4120
金鹰卡通,http://123.118.62.91:8686/rtp/239.3.1.51:9252
嘉佳卡通,http://123.118.62.91:8686/rtp/239.3.1.147:9268
IPTV地理,http://123.118.62.91:8686/rtp/239.3.1.71:4120
IPTV10解密,http://123.118.62.91:8686/rtp/239.3.1.75:4120
IPTV7军事,http://123.118.62.91:8686/rtp/239.3.1.76:4120
IPTV台球,http://123.118.62.91:8686/rtp/239.3.1.85:4120
IPTV国学,http://123.118.62.91:8686/rtp/239.3.1.77:4120
IPTV墨宝,http://123.118.62.91:8686/rtp/239.3.1.83:4120
IPTV好学生,http://123.118.62.91:8686/rtp/239.3.1.81:4120
山东教育卫视,http://123.118.62.91:8686/rtp/239.3.1.52:4120
IPTV11戏曲,http://123.118.62.91:8686/rtp/239.3.1.78:4120
IPTV收视指南,http://123.118.62.91:8686/rtp/239.3.1.193:8012
IPTV14早教,http://123.118.62.91:8686/rtp/239.3.1.79:4120
IPTV武术,http://123.118.62.91:8686/rtp/239.3.1.87:4120
IPTV爱生活,http://123.118.62.91:8686/rtp/239.3.1.86:4120
IPTV美人,http://123.118.62.91:8686/rtp/239.3.1.73:4120
IPTV美妆,http://123.118.62.91:8686/rtp/239.3.1.72:4120
IPTV足球,http://123.118.62.91:8686/rtp/239.3.1.89:4120
IPTV鉴赏,http://123.118.62.91:8686/rtp/239.3.1.82:4120
IPTV15音乐现场,http://123.118.62.91:8686/rtp/239.3.1.70:4120
光影,http://123.118.62.91:8686/rtp/239.3.1.84:4120
北京新闻频道,http://221.220.131.71:8012/rtp/239.3.1.159:8000
北京影视频道,http://221.220.131.71:8012/rtp/239.3.1.158:8000
北京文艺频道,http://221.220.131.71:8012/rtp/239.3.1.242:8000
北京财经频道,http://221.220.131.71:8012/rtp/239.3.1.116:8000
北京生活频道,http://221.220.131.71:8012/rtp/239.3.1.117:8000
北京纪实科教,http://221.220.131.71:8012/rtp/239.3.1.115:8000
北京卡酷少儿,http://221.220.131.71:8012/rtp/239.3.1.189:8000
北京体育休闲,http://221.220.131.71:8012/rtp/239.3.1.243:8000
北京国际频道,http://221.220.131.71:8012/rtp/239.3.1.235:8000
厦门卫视,http://221.220.131.71:8012/rtp/239.3.1.143:4120
华数爱上4K,http://221.220.131.71:8012/rtp/239.3.1.236:2000
北京IPTV4K超清,http://221.220.131.71:8012/rtp/239.3.1.249:8001
北京IPTV淘电影,http://221.220.131.71:8012/rtp/239.3.1.250:8001
北京IPTV淘剧场,http://221.220.131.71:8012/rtp/239.3.1.95:8001
北京IPTV淘娱乐,http://221.220.131.71:8012/rtp/239.3.1.100:8001
北京IPTV淘BABY,http://221.220.131.71:8012/rtp/239.3.1.238:8001
北京IPTV萌宠TV,http://221.220.131.71:8012/rtp/239.3.1.102:8001
CGTN英语,http://221.220.131.71:8012/rtp/239.3.1.215:4220
CGTN纪录,http://221.220.131.71:8012/rtp/239.3.1.216:4220
CGTN西班牙语,http://221.220.131.71:8012/rtp/239.3.1.217:4220
CGTN阿拉伯语,http://221.220.131.71:8012/rtp/239.3.1.219:4220
CGTN俄语,http://221.220.131.71:8012/rtp/239.3.1.220:4220
中国交通,http://221.220.131.71:8012/rtp/239.3.1.188:8001
朝阳融媒,http://221.220.131.71:8012/rtp/239.3.1.163:8001
通州融媒,http://221.220.131.71:8012/rtp/239.3.1.221:8001
房山电视台,http://221.220.131.71:8012/rtp/239.3.1.96:8001
密云电视台,http://221.220.131.71:8012/rtp/239.3.1.154:8001
延庆电视台,http://221.220.131.71:8012/rtp/239.3.1.187:8001
湖南金鹰纪实,http://221.220.131.71:8012/rtp/239.3.1.58:8156
湖南茶频道,http://221.220.131.71:8012/rtp/239.3.1.165:8001
湖南快乐垂钓,http://221.220.131.71:8012/rtp/239.3.1.164:8001
华数星影,http://221.220.131.71:8012/rtp/239.3.1.94:4120
华数动作影院,http://221.220.131.71:8012/rtp/239.3.1.92:4120
华数喜剧影院,http://221.220.131.71:8012/rtp/239.3.1.91:4120
华数家庭影院,http://221.220.131.71:8012/rtp/239.3.1.93:4120
华数精选,http://221.220.131.71:8012/rtp/239.3.1.74:4120
华数经典电影,http://221.220.131.71:8012/rtp/239.3.1.195:9024
华数热播剧场,http://221.220.131.71:8012/rtp/239.3.1.194:9020
华数军旅剧场,http://221.220.131.71:8012/rtp/239.3.1.68:4120
华数城市剧场,http://221.220.131.71:8012/rtp/239.3.1.67:4120
华数武侠剧场,http://221.220.131.71:8012/rtp/239.3.1.90:4120
华数魅力时尚,http://221.220.131.71:8012/rtp/239.3.1.196:9012
古装剧场,http://221.220.131.71:8012/rtp/239.3.1.69:4120
华数少儿动画,http://221.220.131.71:8012/rtp/239.3.1.199:9000
华数动画,http://221.220.131.71:8012/rtp/239.3.1.80:4120
金鹰卡通,http://221.220.131.71:8012/rtp/239.3.1.51:9252
嘉佳卡通,http://221.220.131.71:8012/rtp/239.3.1.147:9268
IPTV地理,http://221.220.131.71:8012/rtp/239.3.1.71:4120
IPTV10解密,http://221.220.131.71:8012/rtp/239.3.1.75:4120
IPTV7军事,http://221.220.131.71:8012/rtp/239.3.1.76:4120
IPTV台球,http://221.220.131.71:8012/rtp/239.3.1.85:4120
IPTV国学,http://221.220.131.71:8012/rtp/239.3.1.77:4120
IPTV墨宝,http://221.220.131.71:8012/rtp/239.3.1.83:4120
IPTV好学生,http://221.220.131.71:8012/rtp/239.3.1.81:4120
山东教育卫视,http://221.220.131.71:8012/rtp/239.3.1.52:4120
IPTV11戏曲,http://221.220.131.71:8012/rtp/239.3.1.78:4120
IPTV收视指南,http://221.220.131.71:8012/rtp/239.3.1.193:8012
IPTV14早教,http://221.220.131.71:8012/rtp/239.3.1.79:4120
IPTV武术,http://221.220.131.71:8012/rtp/239.3.1.87:4120
IPTV爱生活,http://221.220.131.71:8012/rtp/239.3.1.86:4120
切换EXO解码,1
小米YU7,http://www.iesdouyin.com/aweme/v1/playwm/?video_id=v0200fg10000d0nrolvog65uva9acetg∶=720p&line=0
小米SU7 ultra,https://www.iesdouyin.com/aweme/v1/playwm/?video_id=v0300fg10000cv4jntnog65skq4ct860∶=720p&line=0
朴彩英-APT,https://www.iesdouyin.com/aweme/v1/playwm/?video_id=v02f52g10003css23uiljht5d6b6mnq0∶=720p&line=0
wonder girls-Nobody,https://www.iesdouyin.com/aweme/v1/playwm/?video_id=v0d00fg10000c6loblbc77u7hd3mel20∶=720p&line=0
街道办GDC/欧阳耀莹-春娇与志明,https://www.iesdouyin.com/aweme/v1/playwm/?video_id=v0200f890000bt2sn535j22kbcal83p0∶=720p&line=0
handsome lau/HYPEEZY/冯泳-梦醒,https://www.iesdouyin.com/aweme/v1/playwm/?video_id=v0200fg10000cd2h8erc77u41qn32org∶=720p&line=0
欧阳耀莹-戒不掉,https://www.iesdouyin.com/aweme/v1/playwm/?video_id=v0300fg10000cpa5fhvog65hgvocq0vg∶=720p&line=0
陈芯怡-不需要挽留,https://www.iesdouyin.com/aweme/v1/playwm/?video_id=v0200fg10000cmj9767og65mocrpq5fg∶=720p&line=0
王心凌-第一次爱的人,https://www.iesdouyin.com/aweme/v1/playwm/?video_id=v0d00fg10000c8kod7rc77u382vs27jg∶=720p&line=0
王心凌-当你,https://www.iesdouyin.com/aweme/v1/playwm/?video_id=v0d00fg10000ciro1jbc77u72t4qmdpg∶=720p&line=0
IPTV美人,http://221.220.131.71:8012/rtp/239.3.1.73:4120
IPTV美妆,http://221.220.131.71:8012/rtp/239.3.1.72:4120
IPTV足球,http://221.220.131.71:8012/rtp/239.3.1.89:4120
IPTV鉴赏,http://221.220.131.71:8012/rtp/239.3.1.82:4120
IPTV15音乐现场,http://221.220.131.71:8012/rtp/239.3.1.70:4120
光影,http://221.220.131.71:8012/rtp/239.3.1.84:4120
北京新闻频道,http://123.118.54.216:8686/rtp/239.3.1.159:8000
北京影视频道,http://123.118.54.216:8686/rtp/239.3.1.158:8000
北京文艺频道,http://123.118.54.216:8686/rtp/239.3.1.242:8000
北京财经频道,http://123.118.54.216:8686/rtp/239.3.1.116:8000
北京生活频道,http://123.118.54.216:8686/rtp/239.3.1.117:8000
北京纪实科教,http://123.118.54.216:8686/rtp/239.3.1.115:8000
北京卡酷少儿,http://123.118.54.216:8686/rtp/239.3.1.189:8000
北京体育休闲,http://123.118.54.216:8686/rtp/239.3.1.243:8000
北京国际频道,http://123.118.54.216:8686/rtp/239.3.1.235:8000
陈冠希-战争,https://www.iesdouyin.com/aweme/v1/playwm/?video_id=v0300fg10000ch5hv2jc77udla7jom10∶=720p&line=0
蔡依林-日不落,https://www.iesdouyin.com/aweme/v1/playwm/?video_id=v0d00fg10000ch00eijc77u0akslavig∶=720p&line=0
蔡依林/陶喆-今天你要嫁给我,https://www.iesdouyin.com/aweme/v1/playwm/?video_id=v0300fg10000cj0h9mrc77ubbgnamamg∶=720p&line=0
钟嘉欣-我结婚了,https://www.iesdouyin.com/aweme/v1/playwm/?video_id=v0300fg10000c2utibbc77u7pgisaep0∶=720p&line=0
韩安旭-多幸运,https://www.iesdouyin.com/aweme/v1/playwm/?line=0&logo_name=aweme_diversion_search∶=720p&video_id=v0300fg10000d0m9etvog65nglhodq2g
卫兰/24味-Wonderlanad,https://www.iesdouyin.com/aweme/v1/playwm/?video_id=v0d00fg10000ce1gm2jc77u9vqku0lk0∶=720p&line=0
卫兰-大哥,https://www.iesdouyin.com/aweme/v1/playwm/?video_id=v0300fg10000cc50gabc77ue2vb9akd0∶=720p&line=0
卫兰-残酷游戏,https://www.iesdouyin.com/aweme/v1/playwm/?video_id=v0200fg10000cfhlbnrc77u33819un70∶=720p&line=0
卫兰-my cokie can,https://www.iesdouyin.com/aweme/v1/playwm/?video_id=v0300fg10000ckpa68bc77u0e09rgs6g∶=720p&line=0
卫兰-离家出走,https://www.iesdouyin.com/aweme/v1/playwm/?video_id=v0d00fg10000cj9nctrc77u9f26arls0∶=720p&line=0
卫兰-心有不甘,https://www.iesdouyin.com/aweme/v1/playwm/?video_id=v0300fg10000ch5k663c77u3qu84l3t0∶=720p&line=0
卫兰-就算世界无童话,https://www.iesdouyin.com/aweme/v1/playwm/?video_id=v0300fg10000chnenb3c77u2moocu08g∶=720p&line=0
卫诗-宁愿你永不知道,https://www.iesdouyin.com/aweme/v1/playwm/?video_id=v0300fg10000c8ehvsbc77ue6b6p56hg∶=720p&line=0
謝安琪-喜帖街,https://www.iesdouyin.com/aweme/v1/playwm/?video_id=v0200f580000bqulipikgg1hr4eidvvg∶=720p&line=0
謝安琪-钟无艳,https://www.iesdouyin.com/aweme/v1/playwm/?video_id=v0d00fg10000chq2bsjc77uc3k8tcp5g∶=720p&line=0
厦门卫视,http://123.118.54.216:8686/rtp/239.3.1.143:4120
华数爱上4K,http://123.118.54.216:8686/rtp/239.3.1.236:2000
北京IPTV4K超清,http://123.118.54.216:8686/rtp/239.3.1.249:8001
北京IPTV淘电影,http://123.118.54.216:8686/rtp/239.3.1.250:8001
北京IPTV淘剧场,http://123.118.54.216:8686/rtp/239.3.1.95:8001
北京IPTV淘娱乐,http://123.118.54.216:8686/rtp/239.3.1.100:8001
北京IPTV淘BABY,http://123.118.54.216:8686/rtp/239.3.1.238:8001
北京IPTV萌宠TV,http://123.118.54.216:8686/rtp/239.3.1.102:8001
CGTN英语,http://123.118.54.216:8686/rtp/239.3.1.215:4220
CGTN纪录,http://123.118.54.216:8686/rtp/239.3.1.216:4220
CGTN西班牙语,http://123.118.54.216:8686/rtp/239.3.1.217:4220
CGTN阿拉伯语,http://123.118.54.216:8686/rtp/239.3.1.219:4220
CGTN俄语,http://123.118.54.216:8686/rtp/239.3.1.220:4220
中国交通,http://123.118.54.216:8686/rtp/239.3.1.188:8001
朝阳融媒,http://123.118.54.216:8686/rtp/239.3.1.163:8001
通州融媒,http://123.118.54.216:8686/rtp/239.3.1.221:8001
房山电视台,http://123.118.54.216:8686/rtp/239.3.1.96:8001
密云电视台,http://123.118.54.216:8686/rtp/239.3.1.154:8001
延庆电视台,http://123.118.54.216:8686/rtp/239.3.1.187:8001
湖南金鹰纪实,http://123.118.54.216:8686/rtp/239.3.1.58:8156
湖南茶频道,http://123.118.54.216:8686/rtp/239.3.1.165:8001
郑欣宜-上心,https://www.iesdouyin.com/aweme/v1/playwm/?video_id=v0200fg10000cmvk5cnog65judt62tcg∶=720p&line=0
阿细-细界,https://www.iesdouyin.com/aweme/v1/playwm/?video_id=v0d00fg10000ck02v0rc77u87sj16lcg∶=720p&line=0
林奕匡-高山低谷,https://www.iesdouyin.com/aweme/v1/playwm/?video_id=v0200fg10000cms7f7nog65tv408a84g∶=720p&line=0
周柏豪-我的宣言,https://www.iesdouyin.com/aweme/v1/playwm/?video_id=v0200fg10000c7sm6u3c77uace3houd0∶=720p&line=0
周柏豪-够钟,https://www.iesdouyin.com/aweme/v1/playwm/?video_id=v0300fg10000cmbebvbc77u6p4blmqtg∶=720p&line=0
周柏豪-传闻,https://www.iesdouyin.com/aweme/v1/playwm/?video_id=v0200fg10000c9d38o3c77u1jf2r3r6g∶=720p&line=0
周柏豪-小白,https://www.iesdouyin.com/aweme/v1/playwm/?video_id=v0d00fg10000c9go7bjc77u3qv0480gg∶=720p&line=0
周柏豪/郑融-一事无成,https://www.iesdouyin.com/aweme/v1/playwm/?video_id=v0d00fg10000cbcbg2jc77u4rikmlblg∶=720p&line=0
周柏豪-还记得,https://www.iesdouyin.com/aweme/v1/playwm/?video_id=v0200fg10000ca9qcubc77u3d3jrsp9g∶=720p&line=0
CAllStar-天梯,https://www.iesdouyin.com/aweme/v1/playwm/?video_id=v0200fg10000cisenvvog65r87k65dr0∶=720p&line=0
黄凯芹-雨中的恋人们,https://www.iesdouyin.com/aweme/v1/playwm/?video_id=v0300fg10000cjli7rfog65o4vh2p4ug∶=720p&line=0
谢霆锋-活着viva,https://www.iesdouyin.com/aweme/v1/playwm/?video_id=v0d00fg10000ccdmdsbc77u0hvhjiuc0∶=720p&line=0
潘玮柏/弦子-不得不爱,https://www.iesdouyin.com/aweme/v1/playwm/?video_id=v0d00fg10000ct4mq2vog65i8p1hflg0∶=720p&line=0
葛东琪-悬溺,https://www.iesdouyin.com/aweme/v1/playwm/?video_id=v0200fg10000cg7gf7rc77ufgvikae50∶=720p&line=0
周杰伦-七里香,https://www.iesdouyin.com/aweme/v1/playwm/?line=0&logo_name=aweme_diversion_search_app∶=720p&video_id=v0200fg10000cpbvhp7og65tm36f7f9g
周杰伦-说好的幸福呢,https://www.iesdouyin.com/aweme/v1/playwm/?video_id=v0200fg10000cssvfd7og65s05l6fb30∶=720p&line=0
周杰伦-珊瑚海,https://www.iesdouyin.com/aweme/v1/playwm/?video_id=v0200fg10000cu53j17og65mdmh6uuvg∶=720p&line=0
周杰伦-退后,https://www.iesdouyin.com/aweme/v1/playwm/?video_id=v0200fg10000cu4gqmvog65ugg1to2qg∶=720p&line=0
周杰伦-说好不哭,https://www.iesdouyin.com/aweme/v1/playwm/?video_id=v0200fg10000cu1rh9vog65imnpbre70∶=720p&line=0
周杰伦-等你下课,https://www.iesdouyin.com/aweme/v1/playwm/?video_id=v0200fg10000cu1nfonog65trp6p79ug∶=720p&line=0
周杰伦-蒲公英的约定,https://www.iesdouyin.com/aweme/v1/playwm/?video_id=v0200fg10000cu16plvog65nf0t5gj8g∶=720p&line=0
周杰伦-我落泪情绪零碎,https://www.iesdouyin.com/aweme/v1/playwm/?video_id=v0200fg10000ctt2hmvog65usvfqcpf0∶=720p&line=0
周杰伦-晴天,https://www.iesdouyin.com/aweme/v1/playwm/?video_id=v0200fg10000ctrtl67og65qlnn3p6q0∶=720p&line=0
周杰伦-一路向北,https://www.iesdouyin.com/aweme/v1/playwm/?video_id=v0200fg10000ctdf26vog65kmvqmvk1g∶=720p&line=0
周杰伦-我不配,https://www.iesdouyin.com/aweme/v1/playwm/?video_id=v0200fg10000ctckvvnog65m6b34rft0∶=720p&line=0
周杰伦-花海,https://www.iesdouyin.com/aweme/v1/playwm/?video_id=v0200fg10000ct25167og65te5cdbhj0∶=720p&line=0
周杰伦-青花瓷,https://www.iesdouyin.com/aweme/v1/playwm/?video_id=v0200fg10000cslnpcnog65tu8njd7pg∶=720p&line=0
周杰伦-稻香,https://www.iesdouyin.com/aweme/v1/playwm/?video_id=v0200fg10000ctlmcvvog65o5ds0167g∶=720p&line=0
周杰伦-龙卷风,https://www.iesdouyin.com/aweme/v1/playwm/?video_id=v0200fg10000crd9uj7og65v04u0dc7g∶=720p&line=0
周杰伦-简单爱,https://www.iesdouyin.com/aweme/v1/playwm/?video_id=v0d00fg10000csnbkmqljht17n76quv0∶=720p&line=0
周杰伦-告白气球,https://www.iesdouyin.com/aweme/v1/playwm/?video_id=v0d00fg10000ci86emrc77ualbim8bv0∶=720p&line=0
周杰伦-不能说的秘密,https://www.iesdouyin.com/aweme/v1/playwm/?video_id=v0200fg10000cum99unog65osqdmttig∶=720p&line=0
周杰伦-搁浅,https://www.iesdouyin.com/aweme/v1/playwm/?video_id=v0200fg10000cuflqnvog65rdj8jqpc0∶=720p&line=0
光良-童话,https://www.iesdouyin.com/aweme/v1/playwm/?video_id=v0200fg10000cmhcjp3c77u6lekc7am0∶=720p&line=0
江语晨-最后一页,https://www.iesdouyin.com/aweme/v1/playwm/?video_id=v0300fg10000cn5q3rbc77ubqm4m4jsg∶=720p&line=0
江语晨-浪漫爱,https://www.iesdouyin.com/aweme/v1/playwm/?video_id=v0300fd80000bqt2lkroe0ndof6sf6d0∶=720p&line=0
陶喆-就是爱你,https://www.iesdouyin.com/aweme/v1/playwm/?video_id=v0300fg10000c2j1oprc77u04674qfu0∶=720p&line=0
郭静-心墙,https://www.iesdouyin.com/aweme/v1/playwm/?video_id=v0d00fg10000cjb9s3bc77u14r09k960∶=720p&line=0
SHE-67首合集,https://www.iesdouyin.com/aweme/v1/playwm/?video_id=v0200fg10000cp7v5hvog65pib9gvgr0∶=720p&line=0
湖南快乐垂钓,http://123.118.54.216:8686/rtp/239.3.1.164:8001
华数星影,http://123.118.54.216:8686/rtp/239.3.1.94:4120
华数动作影院,http://123.118.54.216:8686/rtp/239.3.1.92:4120
华数喜剧影院,http://123.118.54.216:8686/rtp/239.3.1.91:4120
华数家庭影院,http://123.118.54.216:8686/rtp/239.3.1.93:4120
华数精选,http://123.118.54.216:8686/rtp/239.3.1.74:4120
华数经典电影,http://123.118.54.216:8686/rtp/239.3.1.195:9024
华数热播剧场,http://123.118.54.216:8686/rtp/239.3.1.194:9020
华数军旅剧场,http://123.118.54.216:8686/rtp/239.3.1.68:4120
华数城市剧场,http://123.118.54.216:8686/rtp/239.3.1.67:4120
华数武侠剧场,http://123.118.54.216:8686/rtp/239.3.1.90:4120
华数魅力时尚,http://123.118.54.216:8686/rtp/239.3.1.196:9012
古装剧场,http://123.118.54.216:8686/rtp/239.3.1.69:4120
华数少儿动画,http://123.118.54.216:8686/rtp/239.3.1.199:9000
华数动画,http://123.118.54.216:8686/rtp/239.3.1.80:4120
金鹰卡通,http://123.118.54.216:8686/rtp/239.3.1.51:9252
嘉佳卡通,http://123.118.54.216:8686/rtp/239.3.1.147:9268
IPTV地理,http://123.118.54.216:8686/rtp/239.3.1.71:4120
IPTV10解密,http://123.118.54.216:8686/rtp/239.3.1.75:4120
IPTV7军事,http://123.118.54.216:8686/rtp/239.3.1.76:4120
IPTV台球,http://123.118.54.216:8686/rtp/239.3.1.85:4120
IPTV国学,http://123.118.54.216:8686/rtp/239.3.1.77:4120
IPTV墨宝,http://123.118.54.216:8686/rtp/239.3.1.83:4120
IPTV好学生,http://123.118.54.216:8686/rtp/239.3.1.81:4120
山东教育卫视,http://123.118.54.216:8686/rtp/239.3.1.52:4120
IPTV11戏曲,http://123.118.54.216:8686/rtp/239.3.1.78:4120
IPTV收视指南,http://123.118.54.216:8686/rtp/239.3.1.193:8012
IPTV14早教,http://123.118.54.216:8686/rtp/239.3.1.79:4120
林俊杰-当你,https://www.iesdouyin.com/aweme/v1/playwm/?video_id=v0200fg10000c7kn3mjc77u760cntbs0∶=720p&line=0
林俊杰-可惜没如果,https://www.iesdouyin.com/aweme/v1/playwm/?video_id=v0200fg10000cc04j43c77ucueo1ls5g∶=720p&line=0
林俊杰-不为谁而做的歌,https://www.iesdouyin.com/aweme/v1/playwm/?video_id=v0300fg10000cfrkaljc77ue6grom5qg∶=720p&line=0
林俊杰-她说,https://www.iesdouyin.com/aweme/v1/playwm/?video_id=v0200fg10000c7kn4r3c77u8dq4r1vo0∶=720p&line=0
林俊杰-背对背拥抱,https://www.iesdouyin.com/aweme/v1/playwm/?video_id=v0300fg10000c5a6qjbc77u4nhrr8s0g∶=720p&line=0
林俊杰-修炼爱情,https://www.iesdouyin.com/aweme/v1/playwm/?video_id=v0200fg10000chdi71rc77u1eim5a4t0∶=720p&line=0
林俊杰-手心的蔷薇,https://www.iesdouyin.com/aweme/v1/playwm/?video_id=v0d00fg10000c4p3rrbc77u5vns816r0∶=720p&line=0
林俊杰-江南,https://www.iesdouyin.com/aweme/v1/playwm/?video_id=v0300fg10000c8t5ac3c77u822ppftmg∶=720p&line=0
林俊杰-小酒窝,https://www.iesdouyin.com/aweme/v1/playwm/?video_id=v0200fg10000cg5ghijc77ud4ehka23g∶=720p&line=0
林俊杰-Always Online,https://www.iesdouyin.com/aweme/v1/playwm/?video_id=v0300fg10000ck65c1rc77ucdedd9tpg∶=720p&line=0
林俊杰-不潮不用花钱,https://www.iesdouyin.com/aweme/v1/playwm/?video_id=v0200fg10000c7kn32bc77u538kgoopg∶=720p&line=0
by2-爱丫爱丫,https://www.iesdouyin.com/aweme/v1/playwm/?video_id=v0d00fg10000croe187og65pl22ksg00∶=720p&line=0
by2-我知道,https://www.iesdouyin.com/aweme/v1/playwm/?video_id=v0200fg10000citn8ivog65usodfhif0∶=720p&line=0
by2-我知道,https://www.iesdouyin.com/aweme/v1/playwm/?video_id=v0d00fg10000ct0ushnog65rec0oavug∶=720p&line=0
by2-你并不懂我,https://www.iesdouyin.com/aweme/v1/playwm/?video_id=v0200fg10000crhpin7og65vnbko3vm0∶=720p&line=0
by2-你并不懂我,https://www.iesdouyin.com/aweme/v1/playwm/?video_id=v0200fg10000c8bids3c77ufr1d2duag∶=720p&line=0
by2/汪苏泷-有点甜,https://www.iesdouyin.com/aweme/v1/playwm/?video_id=v0300fg10000cb5bsu3c77ucgqht5pj0∶=720p&line=0
关淑怡-难得有情人,https://www.iesdouyin.com/aweme/v1/playwm/?video_id=v0200fg10000cockvfrc77uecmqmqq40∶=720p&line=0
刘小慧-初恋情人,https://www.iesdouyin.com/aweme/v1/playwm/?video_id=v0d00fg10000cc9cli3c77u4vdavpd70∶=720p&line=0
李克勤-红日,https://www.iesdouyin.com/aweme/v1/playwm/?video_id=v0d00fg10000co87rbjc77ueeb2bpbbg∶=720p&line=0
李克勤-护花使者,https://www.iesdouyin.com/aweme/v1/playwm/?video_id=v0300fg10000cit40pbc77uae67r96cg∶=720p&line=0
徐小凤-风的季节,https://www.iesdouyin.com/aweme/v1/playwm/?video_id=v0d00fg10000c9v0f3bc77u2pia8a8vg∶=720p&line=0
罗文-几许风雨,https://www.iesdouyin.com/aweme/v1/playwm/?video_id=v0300fg10000co6fijvog65rloj3i5n0∶=720p&line=0
周慧敏-最爱,https://www.iesdouyin.com/aweme/v1/playwm/?video_id=v0d00fg10000cihdb9rc77uaaibdjvl0∶=720p&line=0
陈百强-偏偏喜欢你,https://www.iesdouyin.com/aweme/v1/playwm/?video_id=v0300fg10000c4sd0hjc77uadn62vdpg∶=720p&line=0
陈百强-一生何求,https://www.iesdouyin.com/aweme/v1/playwm/?video_id=v0d00fg10000c62hppbc77u6phu370hg∶=720p&line=0
陈慧娴-千千阙歌,https://www.iesdouyin.com/aweme/v1/playwm/?video_id=v0200fg10000cobq6e3c77udq71olmb0∶=720p&line=0
陈慧娴-夜半小夜曲,https://www.iesdouyin.com/aweme/v1/playwm/?video_id=v0300fc30000bu3s66l91uupo5jllq40∶=720p&line=0
陈慧娴-人生何处不相逢,https://www.iesdouyin.com/aweme/v1/playwm/?video_id=v0d00fg10000chrn8sjc77u9t0ofndkg∶=720p&line=0
陈慧娴-情意结,https://www.iesdouyin.com/aweme/v1/playwm/?video_id=v0200fg10000c7mte0bc77u646crfqj0∶=720p&line=0
陈慧娴-傻女,https://www.iesdouyin.com/aweme/v1/playwm/?video_id=v0300fg10000ccg7jsrc77u3n0hmrrn0∶=720p&line=0
林忆莲-假如让你吻下去,https://www.iesdouyin.com/aweme/v1/playwm/?video_id=v0300fg10000cm13h63c77u825g1pq90∶=720p&line=0
张国荣-沉默是金,https://www.iesdouyin.com/aweme/v1/playwm/?video_id=v0d00fg10000cgjuqvbc77uc1cnf47ag∶=720p&line=0
钟镇涛-让一切随风,https://www.iesdouyin.com/aweme/v1/playwm/?video_id=v0200fg10000clvs8cjc77u7555h0er0∶=720p&line=0
刘德华-暗里着迷,https://www.iesdouyin.com/aweme/v1/playwm/?video_id=v0300fg10000c8rv9cjc77u58p5sd07g∶=720p&line=0
刘德华-一起走过的日子,https://www.iesdouyin.com/aweme/v1/playwm/?video_id=v0200fg10000cl9255rc77uagabjkqkg∶=720p&line=0
谭咏麟-讲不出再见,https://www.iesdouyin.com/aweme/v1/playwm/?video_id=v0200fg10000co5ch8rc77u2dtata9sg∶=720p&line=0
谭咏麟-一生中最爱,https://www.iesdouyin.com/aweme/v1/playwm/?video_id=v0d00fg10000cni9357og65hefir2gf0∶=720p&line=0
王杰-谁明浪子心,https://www.iesdouyin.com/aweme/v1/playwm/?video_id=v0300fg10000c5knm9rc77uboe0h3rgg∶=720p&line=0
王杰-不浪漫罪名,https://www.iesdouyin.com/aweme/v1/playwm/?video_id=v0200fg10000c9bvck3c77ucqkhpnfd0∶=720p&line=0
吕方-你的浅笑,https://www.iesdouyin.com/aweme/v1/playwm/?video_id=v0200fg10000cmp585fog65v3t4i0v80∶=720p&line=0
张学友-饿狼传说,https://www.iesdouyin.com/aweme/v1/playwm/?video_id=v0300fg10000cfapr43c77u621266pjg∶=720p&line=0
张学友-只想一生跟你走,https://www.iesdouyin.com/aweme/v1/playwm/?video_id=v0200fg10000ci8ljnbc77u7qp8pt7cg∶=720p&line=0
邓丽君-漫步人生路,https://www.iesdouyin.com/aweme/v1/playwm/?video_id=v0300fg10000cgg6rljc77ub1k9u4dug∶=720p&line=0
邓丽欣-电灯胆,https://www.iesdouyin.com/aweme/v1/playwm/?video_id=v0d00fg10000cmhsnt3c77u2ra2n3e2g∶=720p&line=0
邓丽欣/傅颖-亲朋勿友,https://www.iesdouyin.com/aweme/v1/playwm/?video_id=v0300fg10000ccs4uirc77u12f0g60vg∶=720p&line=0
Beyond-光辉岁月,https://www.iesdouyin.com/aweme/v1/playwm/?video_id=v0300fg10000ccu4ldjc77u4nmf3f54g∶=720p&line=0
Beyond-真的爱你,https://www.iesdouyin.com/aweme/v1/playwm/?video_id=v0300fg10000ceksa4bc77u77da91tfg∶=720p&line=0
Beyond-大地,https://www.iesdouyin.com/aweme/v1/playwm/?video_id=v0200fg10000cojstabc77uerhn878qg∶=720p&line=0
IPTV武术,http://123.118.54.216:8686/rtp/239.3.1.87:4120
Beyond-冷雨夜,https://www.iesdouyin.com/aweme/v1/playwm/?video_id=v0200fg10000cdqcbe3c77ucgubud6i0∶=720p&line=0
IPTV爱生活,http://123.118.54.216:8686/rtp/239.3.1.86:4120
IPTV美人,http://123.118.54.216:8686/rtp/239.3.1.73:4120
IPTV美妆,http://123.118.54.216:8686/rtp/239.3.1.72:4120
IPTV足球,http://123.118.54.216:8686/rtp/239.3.1.89:4120
IPTV鉴赏,http://123.118.54.216:8686/rtp/239.3.1.82:4120
IPTV15音乐现场,http://123.118.54.216:8686/rtp/239.3.1.70:4120
光影,http://123.118.54.216:8686/rtp/239.3.1.84:4120
江苏城市频道,http://114.226.212.135:8787/rtp/239.49.8.107:8000
江苏综艺频道,http://114.226.212.135:8787/rtp/239.49.8.108:8000
江苏体育休闲,http://114.226.212.135:8787/rtp/239.49.8.117:8000
江苏影视频道,http://114.226.212.135:8787/rtp/239.49.8.118:8000
江苏优漫卡通,http://114.226.212.135:8787/rtp/239.49.8.119:8000
江苏新闻频道,http://114.226.212.135:8787/rtp/239.49.8.120:8000
江苏教育频道,http://114.226.212.135:8787/rtp/239.49.8.122:8000
江苏国际频道,http://114.226.212.135:8787/rtp/239.49.1.23:6000
江苏财富天下,http://114.226.212.135:8787/rtp/239.49.1.29:6000
南京新闻综合,http://114.226.212.135:8787/rtp/239.49.0.25:8192
南京科教频道,http://114.226.212.135:8787/rtp/239.49.0.183:9434
南京生活频道,http://114.226.212.135:8787/rtp/239.49.0.26:8200
GCTN英语,http://114.226.212.135:8787/rtp/239.49.0.9:8064
河南都市频道,http://171.8.170.20:8800/rtp/239.16.20.164:11640
河南民生频道,http://171.8.170.20:8800/rtp/239.16.20.165:11650
河南法治频道,http://171.8.170.20:8800/rtp/239.16.10.122:2000
河南电视剧频道,http://171.8.170.20:8800/rtp/239.16.20.167:11670
河南新闻频道,http://171.8.170.20:8800/rtp/239.16.20.168:11680
河南乡村频道,http://171.8.170.20:8800/rtp/239.16.20.195:11950
河南戏曲频道,http://171.8.170.20:8800/rtp/239.16.20.171:11710
河南收藏天下,http://171.8.170.20:8800/rtp/239.16.10.149:2000
河南中华功夫,http://171.8.170.20:8800/rtp/239.16.20.173:11730
河南移动电视,http://171.8.170.20:8800/rtp/239.16.20.204:12040
河南调解剧场,http://171.8.170.20:8800/rtp/239.16.20.197:11970
河南移动戏曲,http://171.8.170.20:8800/rtp/239.16.20.120:11200
河南睛彩中原,http://171.8.170.20:8800/rtp/239.16.20.122:11220
郑州1新闻综合,http://171.8.170.20:8800/rtp/239.16.10.154:2000
郑州2商都频道,http://171.8.170.20:8800/rtp/239.16.10.155:2000
郑州3文体旅游,http://171.8.170.20:8800/rtp/239.16.10.156:2000
郑州4豫剧频道,http://171.8.170.20:8800/rtp/239.16.10.157:2000
郑州5妇女儿童,http://171.8.170.20:8800/rtp/239.16.10.158:2000
郑州6都市生活,http://171.8.170.20:8800/rtp/239.16.10.159:2000
洛阳-1新闻综合,http://171.8.170.20:8800/rtp/239.16.20.179:11790
洛阳-2科教频道,http://171.8.170.20:8800/rtp/239.16.20.177:11770
洛阳-3文旅频道,http://171.8.170.20:8800/rtp/239.16.20.178:11780
南阳1新闻综合,http://171.8.170.20:8800/rtp/239.16.10.58:2000
南阳2公共频道,http://171.8.170.20:8800/rtp/239.16.10.165:2000
南阳3科教频道,http://171.8.170.20:8800/rtp/239.16.10.164:2000
周口公共频道,http://171.8.170.20:8800/rtp/239.16.10.172:2000
周口教育频道,http://171.8.170.20:8800/rtp/239.16.10.173:2000
周口新闻综合,http://171.8.170.20:8800/rtp/239.16.10.59:2000
开封1新闻综合,http://171.8.170.20:8800/rtp/239.16.10.57:2000
开封2文化旅游,http://171.8.170.20:8800/rtp/239.16.10.177:2000
新乡公共频道,http://171.8.170.20:8800/rtp/239.16.20.154:11540
新乡新闻综合,http://171.8.170.20:8800/rtp/239.16.20.139:11390
焦作公共频道,http://171.8.170.20:8800/rtp/239.16.20.155:11550
焦作综合频道,http://171.8.170.20:8800/rtp/239.16.20.140:11400
漯河新闻综合,http://171.8.170.20:8800/rtp/239.16.10.49:2000
信阳新闻综合,http://171.8.170.20:8800/rtp/239.16.10.52:2000
信阳文旅频道,http://171.8.170.20:8800/rtp/239.16.10.71:2000
封丘1新闻综合,http://171.8.170.20:8800/rtp/239.16.20.19:10190
叶县电视台-1,http://171.8.170.20:8800/rtp/239.16.20.32:10320
新密综合频道,http://171.8.170.20:8800/rtp/239.16.20.41:10410
登封综合频道,http://171.8.170.20:8800/rtp/239.16.20.42:10420
Beyond-海阔天空,https://www.iesdouyin.com/aweme/v1/playwm/?video_id=v0d00fg10000chfntjrc77uf4o64t5qg∶=720p&line=0
Beyond-岁月无声,https://www.iesdouyin.com/aweme/v1/playwm/?video_id=v0d00fg10000cfhoeq3c77u4flt6fni0∶=720p&line=0
叶蒨文-情人知己,https://www.iesdouyin.com/aweme/v1/playwm/?video_id=v0300fg10000cmcmv33c77uer3e2mdag∶=720p&line=0
叶蒨文-祝福,https://www.iesdouyin.com/aweme/v1/playwm/?video_id=v0d00fg10000c8rfd1bc77u0gvo4f8b0∶=720p&line=0
叶丽仪-上海滩,https://www.iesdouyin.com/aweme/v1/playwm/?video_id=v0300fg10000c56uiubc77uc6dubb3q0∶=720p&line=0
甄妮-友谊太阳,https://m.douyin.com/aweme/v1/playwm/?video_id=v0d00fg10000c7dm1ojc77udvrshcceg∶=720p&line=0
甄妮-我曾用心爱着你,https://www.iesdouyin.com/aweme/v1/playwm/?video_id=v0200fg10000c61mgpjc77u30e9dfqa0∶=720p&line=0
王菲-容易受伤的女人,https://www.iesdouyin.com/aweme/v1/playwm/?video_id=v0200fg10000coul6kjc77u020n5vnvg∶=720p&line=0
郑中基-无赖,https://www.iesdouyin.com/aweme/v1/playwm/?video_id=v0300fg10000cmaj7d7og65vg4bdm0h0∶=720p&line=0
孙耀威-爱的故上集,https://www.iesdouyin.com/aweme/v1/playwm/?video_id=v0200fg10000c60cbq3c77u4kbdnbc3g∶=720p&line=0
林子祥-男儿当自强,https://www.iesdouyin.com/aweme/v1/playwm/?video_id=v0300f4a0000bt4chkq5lp9jpvrs4u0g∶=720p&line=0
梁咏琪-灰姑娘,https://www.iesdouyin.com/aweme/v1/playwm/?video_id=v0300fg10000c3r9krjc77u4v5e0hcig∶=720p&line=0
梁咏琪/李荣浩-紫荆花盛开,https://www.iesdouyin.com/aweme/v1/playwm/?video_id=v0d00fg10000cs9se97og65n0tue68vg∶=720p&line=0
容祖儿-心淡,https://www.iesdouyin.com/aweme/v1/playwm/?video_id=v0200fg10000cep4bprc77u0o4umqlt0∶=720p&line=0
巩义综合频道,http://171.8.170.20:8800/rtp/239.16.20.43:10430
新郑TV-1,http://171.8.170.20:8800/rtp/239.16.20.45:10450
渑池新闻综合,http://171.8.170.20:8800/rtp/239.16.20.47:10470
淅川电视台-1,http://171.8.170.20:8800/rtp/239.16.20.48:10480
新蔡TV,http://171.8.170.20:8800/rtp/239.16.20.49:10490
镇平新闻综合,http://171.8.170.20:8800/rtp/239.16.20.50:10500
宝丰TV-1,http://171.8.170.20:8800/rtp/239.16.20.63:10630
义马综合频道,http://171.8.170.20:8800/rtp/239.16.20.109:11090
鹤壁新闻综合,http://171.8.170.20:8800/rtp/239.16.20.142:11420
安阳新闻综合,http://171.8.170.20:8800/rtp/239.16.20.144:11440
三门峡新闻综合,http://171.8.170.20:8800/rtp/239.16.20.145:11450
卫辉综合频道,http://171.8.170.20:8800/rtp/239.16.20.191:11910
孟津综合综合,http://171.8.170.20:8800/rtp/239.16.20.192:11920
安阳文旅频道,http://171.8.170.20:8800/rtp/239.16.20.193:11930
淇县电视台,http://171.8.170.20:8800/rtp/239.16.20.205:12050
宜阳综合频道,http://171.8.170.20:8800/rtp/239.16.20.206:12060
汝阳综合频道,http://171.8.170.20:8800/rtp/239.16.20.207:12070
原阳电视台,http://171.8.170.20:8800/rtp/239.16.20.208:12080
宝丰-1,http://171.8.170.20:8800/rtp/239.16.20.209:12090
内黄综合频道,http://171.8.170.20:8800/rtp/239.16.20.228:12280
国学频道,http://171.8.170.20:8800/rtp/239.16.20.232:12320
容祖儿-习惯失恋,https://www.iesdouyin.com/aweme/v1/playwm/?video_id=v0d00fg10000cdhtuo3c77u4qg4mdmq0∶=720p&line=0
郏县综合频道,http://171.8.170.20:8800/rtp/239.16.20.235:12350
禹州电视台,http://171.8.170.20:8800/rtp/239.16.10.39:2000
杞县新闻综合,http://171.8.170.20:8800/rtp/239.16.10.80:2000
永城新闻联播,http://171.8.170.20:8800/rtp/239.16.10.93:2000
光山综合频道,http://171.8.170.20:8800/rtp/239.16.10.94:2000
上海都市剧场,http://171.8.170.20:8800/rtp/239.16.20.38:10380
上海纪实人文,http://171.8.170.20:8800/rtp/239.16.20.124:11240
上海欢笑剧场,http://171.8.170.20:8800/rtp/239.16.20.39:10390
上海动漫秀场,http://171.8.170.20:8800/rtp/239.16.20.40:10400
上海东方财经,http://171.8.170.20:8800/rtp/239.16.20.64:10640
上海法治天地,http://171.8.170.20:8800/rtp/239.16.20.156:11560
上海乐游纪实,http://171.8.170.20:8800/rtp/239.16.20.111:11110
上海游戏风云,http://171.8.170.20:8800/rtp/239.16.20.112:11120
上海魅力足球,http://171.8.170.20:8800/rtp/239.16.20.113:11130
上海生活时尚,http://171.8.170.20:8800/rtp/239.16.20.114:11140
上海金色学堂,http://171.8.170.20:8800/rtp/239.16.20.115:11150
湖南金鹰纪实,http://171.8.170.20:8800/rtp/239.16.20.153:11530
湖南金鹰卡通,http://171.8.170.20:8800/rtp/239.16.20.104:11040
湖南快乐垂钓,http://171.8.170.20:8800/rtp/239.16.20.67:10670
湖南茶频道,http://171.8.170.20:8800/rtp/239.16.20.68:10680
容祖儿-续集,https://www.iesdouyin.com/aweme/v1/playwm/?video_id=v0d00fg10000cdaap5bc77u0ioga7ah0∶=720p&line=0
容祖儿-怯,https://www.iesdouyin.com/aweme/v1/playwm/?video_id=v0300fg10000c383g33c77u99amrpkl0∶=720p&line=0
跟我学养生,http://live.haibao365.cn/playlist/818.m3u8
好物推荐,http://live.haibao365.cn/playlist/844.m3u8
精品甄选,http://live.haibao365.cn/playlist/845.m3u8
CCTV-4中文国际欧洲,http://38.75.136.137:82/live1/jdtv2.m3u8?id=cctv4o&usign=tnO5JvE7EOUNT8al6DLMiw
CCTV-4中文国际欧洲,http://38.75.136.137:82/live1/jdtv2.m3u8?id=cctv4o&usign=tnO5JvE7EOUNT8al6DLMiw
IPTV导视,http://171.8.170.20:8800/rtp/239.16.10.218:2000
中华特产,http://171.8.170.20:8800/rtp/239.16.20.132:11320
商丘1新闻综合,http://171.8.170.20:8800/rtp/239.16.10.153:2000
商丘2公共频道,http://171.8.170.20:8800/rtp/239.16.10.168:2000
商丘3文体科教,http://171.8.170.20:8800/rtp/239.16.10.169:2000
许昌农业科教,http://171.8.170.20:8800/rtp/239.16.10.60:2000
许昌综合频道,http://171.8.170.20:8800/rtp/239.16.10.47:2000
平顶山新闻综合,http://171.8.170.20:8800/rtp/239.16.20.137:11370
平顶山城市频道,http://171.8.170.20:8800/rtp/239.16.20.151:11510
平顶山公共频道,http://171.8.170.20:8800/rtp/239.16.20.152:11520
平顶山教育台,http://171.8.170.20:8800/rtp/239.16.20.27:10270
新乡综合频道,http://171.8.170.20:8800/rtp/239.16.20.18:10180
邓州综合频道,http://171.8.170.20:8800/rtp/239.16.20.20:10200
获嘉综合频道,http://171.8.170.20:8800/rtp/239.16.20.25:10250
平煤安全环保,http://171.8.170.20:8800/rtp/239.16.20.31:10310
荥阳综合频道,http://171.8.170.20:8800/rtp/239.16.20.44:10440
健康河南融媒,http://171.8.170.20:8800/rtp/239.16.20.52:10520
灵宝综合频道,http://171.8.170.20:8800/rtp/239.16.20.59:10590
渑池新闻综合,http://171.8.170.20:8800/rtp/239.16.20.135:11350
济源-1,http://171.8.170.20:8800/rtp/239.16.20.174:11740
濮阳新闻综合,http://171.8.170.20:8800/rtp/239.16.20.175:11750
濮阳公共频道,http://171.8.170.20:8800/rtp/239.16.20.184:11840
新县综合频道,http://171.8.170.20:8800/rtp/239.16.20.183:11830
延津电视台,http://171.8.170.20:8800/rtp/239.16.20.210:12100
大象新闻,http://171.8.170.20:8800/rtp/239.16.20.216:12160
大剧院,http://171.8.170.20:8800/rtp/239.16.20.217:12170
舞钢电视台-1,http://171.8.170.20:8800/rtp/239.16.20.227:12270
嵩县综合新闻,http://171.8.170.20:8800/rtp/239.16.20.234:12340
浉河广电中心,http://171.8.170.20:8800/rtp/239.16.10.72:2000
平桥广电中心,http://171.8.170.20:8800/rtp/239.16.10.73:2000
郸城,http://171.8.170.20:8800/rtp/239.16.10.84:2000
唐河TV-1,http://171.8.170.20:8800/rtp/239.16.10.95:2000
上蔡-1,http://171.8.170.20:8800/rtp/239.16.10.97:2000
舞阳新闻综合,http://171.8.170.20:8800/rtp/239.16.10.179:2000
临颍综合频道,http://171.8.170.20:8800/rtp/239.16.10.180:2000
项城电视台,http://171.8.170.20:8800/rtp/239.16.10.214:2000
河南都市频道,http://171.8.83.132:8800/rtp/239.16.20.164:11640
河南民生频道,http://171.8.83.132:8800/rtp/239.16.20.165:11650
河南法治频道,http://171.8.83.132:8800/rtp/239.16.10.122:2000
河南电视剧频道,http://171.8.83.132:8800/rtp/239.16.20.167:11670
河南新闻频道,http://171.8.83.132:8800/rtp/239.16.20.168:11680
河南乡村频道,http://171.8.83.132:8800/rtp/239.16.20.195:11950
河南戏曲频道,http://171.8.83.132:8800/rtp/239.16.20.171:11710
河南收藏天下,http://171.8.83.132:8800/rtp/239.16.10.149:2000
河南中华功夫,http://171.8.83.132:8800/rtp/239.16.20.173:11730
河南移动电视,http://171.8.83.132:8800/rtp/239.16.20.204:12040
容祖儿-16号爱人,https://www.iesdouyin.com/aweme/v1/playwm/?video_id=v0d00fg10000ckl4ehrc77u5t25hkci0∶=720p&line=0
容祖儿-连续剧,https://www.iesdouyin.com/aweme/v1/playwm/?video_id=v0200fg10000cm5avjbc77u543s8e3b0∶=720p&line=0
CCTV-4中文国际欧洲,http://38.75.136.137:82/live1/jdtv2.m3u8?id=cctv4o&usign=tnO5JvE7EOUNT8al6DLMiw
CCTV-4中文国际美洲,http://38.75.136.137:82/live1/jdtv2.m3u8?id=cctv4m&usign=tnO5JvE7EOUNT8al6DLMiw
CCTV-4中文国际美洲,http://38.75.136.137:82/live1/jdtv2.m3u8?id=cctv4m&usign=tnO5JvE7EOUNT8al6DLMiw
CCTV-4中文国际美洲,http://38.75.136.137:82/live1/jdtv2.m3u8?id=cctv4m&usign=tnO5JvE7EOUNT8al6DLMiw
CCTV-4中文国际美洲,https://hc73k3dhwo5gfkt.wcetv.com/hls/cctv4.m3u8
CCTV-4中文国际美洲,https://hc73k3dhwo5gfkt.wcetv.com/hls/wcetv318.m3u8
重温经典,http://38.75.136.137:82/live1/jsb.m3u8?id=cwjd&usign=tnO5JvE7EOUNT8al6DLMiw
重温经典,http://38.75.136.137:82/live1/dsdq.m3u8?id=cwjd&usign=tnO5JvE7EOUNT8al6DLMiw
重温经典,http://38.75.136.137:82/live1/jsb1.m3u8?id=cwjd&usign=tnO5JvE7EOUNT8al6DLMiw
重温经典,http://38.75.136.137:82/live1/jsb.m3u8?id=cwjd&ip=whus28&usign=tnO5JvE7EOUNT8al6DLMiw
重温经典,http://38.75.136.137:82/live1/jsb.m3u8?id=cwjd&ip=whus28&usign=tnO5JvE7EOUNT8al6DLMiw
重温经典,http://38.75.136.137:82/live1/jsb.m3u8?id=cwjd&ip=whus11&usign=tnO5JvE7EOUNT8al6DLMiw
重温经典,http://38.75.136.137:82/live1/jsb.m3u8?id=cwjd&ip=whus13&usign=tnO5JvE7EOUNT8al6DLMiw
重温经典,http://38.75.136.137:82/live2/bfgd.m3u8?id=4200000635&usign=tnO5JvE7EOUNT8al6DLMiw
重温经典,http://38.75.136.137:82/live2/bfgd.m3u8?id=4200000636&usign=tnO5JvE7EOUNT8al6DLMiw
重温经典,http://38.75.136.137:82/live1/jdtv2.m3u8?id=cwjd&usign=tnO5JvE7EOUNT8al6DLMiw
重温经典,http://hebcx.chinashadt.com:2036/live/10002.stream/playlist.m3u8
成龙电影,http://38.75.136.137:82/live1/jsb.m3u8?id=lbcl&usign=tnO5JvE7EOUNT8al6DLMiw
成龙电影,http://38.75.136.137:82/live1/dsdq.m3u8?id=lbcl&usign=tnO5JvE7EOUNT8al6DLMiw
成龙电影,http://38.75.136.137:82/live1/jsb1.m3u8?id=lbcl&usign=tnO5JvE7EOUNT8al6DLMiw
成龙电影,http://38.75.136.137:82/live1/jsb.m3u8?id=lbcl&ip=whus21&usign=tnO5JvE7EOUNT8al6DLMiw
成龙电影,http://38.75.136.137:82/live1/jsb.m3u8?id=lbcl&ip=opfr02&usign=tnO5JvE7EOUNT8al6DLMiw
河南调解剧场,http://171.8.83.132:8800/rtp/239.16.20.197:11970
河南移动戏曲,http://171.8.83.132:8800/rtp/239.16.20.120:11200
陈奕迅-落花流水,https://www.iesdouyin.com/aweme/v1/playwm/?video_id=v0d00fg10000cngumojc77ubsn73764g∶=720p&line=0
陈奕迅-富士山下,https://www.iesdouyin.com/aweme/v1/playwm/?video_id=v0200fg10000cnu3p4jc77u9i1pe18qg∶=720p&line=0
陈奕迅-明年今日,https://www.iesdouyin.com/aweme/v1/playwm/?video_id=v0200fg10000ccqqbarc77u3c0tjm46g∶=720p&line=0
陈奕迅-单车,https://www.iesdouyin.com/aweme/v1/playwm/?video_id=v0300fg10000ctpv5tvog65qksofvds0∶=720p&line=0
陈奕迅-十面埋伏,https://www.iesdouyin.com/aweme/v1/playwm/?video_id=v0300fg10000csjohunog65ideqnh670∶=720p&line=0
杨千嬅-少年的祈祷,https://www.iesdouyin.com/aweme/v1/playwm/?video_id=v0200fg10000c5ju2krc77u41p3mgv50∶=720p&line=0
杨千嬅-处处吻,https://www.iesdouyin.com/aweme/v1/playwm/?video_id=v0300fg10000crdghifog65nm151qkh0∶=720p&line=0
杨千嬅-野孩子,https://www.iesdouyin.com/aweme/v1/playwm/?video_id=v0200fg10000co0lujbc77ub5fefi6p0∶=720p&line=0
杨千嬅-可惜我是水瓶座,https://www.iesdouyin.com/aweme/v1/playwm/?video_id=v0300fg10000ce88qmbc77uem4d0e4bg∶=720p&line=0
Twins-下一站天后,https://www.iesdouyin.com/aweme/v1/playwm/?video_id=v0200fg10000c9hsmhrc77u8bcep14rg∶=720p&line=0
Twins-恋爱大过天,https://www.iesdouyin.com/aweme/v1/playwm/?video_id=v0300fg10000cfvdrjrc77ud5nlujjag∶=720p&line=0
Twins/boyz-死性不改,https://www.iesdouyin.com/aweme/v1/playwm/?video_id=v0300fg10000cfvjrkbc77u74v6btr50∶=720p&line=0
Twins-风筝与风,https://www.iesdouyin.com/aweme/v1/playwm/?video_id=v0200fda0000bshv5b74vs5fah61kna0∶=720p&line=0
Twins-朋友仔,https://www.iesdouyin.com/aweme/v1/playwm/?video_id=v0200fg10000cdsbamrc77u2p0aq3a00∶=720p&line=0
侧田-命硬,https://www.iesdouyin.com/aweme/v1/playwm/?video_id=v0200fg10000clpvvpbc77udpkv629d0∶=720p&line=0
成龙电影,http://38.75.136.137:82/live1/jsb.m3u8?id=lbcl&ip=whus08&usign=tnO5JvE7EOUNT8al6DLMiw
成龙电影,http://38.75.136.137:82/live1/jsb.m3u8?id=lbcl&ip=whus10&usign=tnO5JvE7EOUNT8al6DLMiw
林正英影院,http://38.75.136.137:82/live1/jsb.m3u8?id=lblzy&usign=tnO5JvE7EOUNT8al6DLMiw
林正英影院,http://38.75.136.137:82/live1/dsdq.m3u8?id=lblzy&usign=tnO5JvE7EOUNT8al6DLMiw
林正英影院,http://38.75.136.137:82/live1/jsb1.m3u8?id=lblzy&usign=tnO5JvE7EOUNT8al6DLMiw
林正英影院,http://38.75.136.137:82/live1/jsb.m3u8?id=lblzy&ip=whus15&usign=tnO5JvE7EOUNT8al6DLMiw
林正英影院,http://38.75.136.137:82/live1/jsb.m3u8?id=lblzy&ip=whus09&usign=tnO5JvE7EOUNT8al6DLMiw
周润发电影,http://38.75.136.137:82/live1/jsb.m3u8?id=lbzrf&usign=tnO5JvE7EOUNT8al6DLMiw
周润发电影,http://38.75.136.137:82/live1/dsdq.m3u8?id=lbzrf&usign=tnO5JvE7EOUNT8al6DLMiw
周润发电影,http://38.75.136.137:82/live1/jsb1.m3u8?id=lbzrf&usign=tnO5JvE7EOUNT8al6DLMiw
周润发电影,http://38.75.136.137:82/live1/jsb.m3u8?id=lbzrf&ip=whus21&usign=tnO5JvE7EOUNT8al6DLMiw
周润发电影,http://38.75.136.137:82/live1/jsb.m3u8?id=lbzrf&ip=opfr02&usign=tnO5JvE7EOUNT8al6DLMiw
周润发电影,http://38.75.136.137:82/live1/jsb.m3u8?id=lbzrf&ip=whus08&usign=tnO5JvE7EOUNT8al6DLMiw
周润发电影,http://38.75.136.137:82/live1/jsb.m3u8?id=lbzrf&ip=whus11&usign=tnO5JvE7EOUNT8al6DLMiw
周星驰电影,http://38.75.136.137:82/live1/jsb.m3u8?id=lbzxc&usign=tnO5JvE7EOUNT8al6DLMiw
周星驰电影,http://38.75.136.137:82/live1/dsdq.m3u8?id=lbzxc&usign=tnO5JvE7EOUNT8al6DLMiw
周星驰电影,http://38.75.136.137:82/live1/jsb1.m3u8?id=lbzxc&usign=tnO5JvE7EOUNT8al6DLMiw
周星驰电影,http://38.75.136.137:82/live1/jsb.m3u8?id=lbzxc&ip=whus21&usign=tnO5JvE7EOUNT8al6DLMiw
周星驰电影,http://38.75.136.137:82/live1/jsb.m3u8?id=lbzxc&ip=opfr02&usign=tnO5JvE7EOUNT8al6DLMiw
周星驰电影,http://38.75.136.137:82/live1/jsb.m3u8?id=lbzxc&ip=whus08&usign=tnO5JvE7EOUNT8al6DLMiw
河南睛彩中原,http://171.8.83.132:8800/rtp/239.16.20.122:11220
郑州1新闻综合,http://171.8.83.132:8800/rtp/239.16.10.154:2000
侧田-kong,https://www.iesdouyin.com/aweme/v1/playwm/?video_id=v0200fg10000clc94u3c77uf0uv06v80∶=720p&line=0
连诗雅-好好过,https://www.iesdouyin.com/aweme/v1/playwm/?video_id=v0200fg10000chjmaarc77u1lp7ig8c0∶=720p&line=0
连诗雅-到此为止,https://www.iesdouyin.com/aweme/v1/playwm/?video_id=v0200fg10000cf3vrrjc77uc2imn4ad0∶=720p&line=0
陈柏宇-你瞒我瞒,https://www.iesdouyin.com/aweme/v1/playwm/?video_id=v0300fg10000ccrgjdrc77ua76fkf6sg∶=720p&line=0
AGA-孤雏,https://www.iesdouyin.com/aweme/v1/playwm/?video_id=v0d00fg10000cp22lt3c77u3sp4g96u0∶=720p&line=0
吴雨霏-吴哥窿,https://www.iesdouyin.com/aweme/v1/playwm/?video_id=v0d00fg10000cp8v8l7og65vel2a1ls0∶=720p&line=0
吴雨霏-明知做戏,https://www.iesdouyin.com/aweme/v1/playwm/?video_id=v0200fg10000ce0r8hjc77u3c0th1spg∶=720p&line=0
吴雨霏-留不低,https://www.iesdouyin.com/aweme/v1/playwm/?video_id=v0d00fg10000cae08n3c77u2lghi4a9g∶=720p&line=0
吴雨霏-我本人,https://www.iesdouyin.com/aweme/v1/playwm/?video_id=v0300fg10000cpk55svog65tsdrf872g∶=720p&line=0
吴雨霏-座右铭,https://www.iesdouyin.com/aweme/v1/playwm/?video_id=v0300fg10000csgeobvog65skv513bv0∶=720p&line=0
梁汉文-缠绵游戏,https://www.iesdouyin.com/aweme/v1/playwm/?video_id=v0300fg10000cjo6odrc77u9f4if7ub0∶=720p&line=0
林峯-爱在记忆中找你,https://www.iesdouyin.com/aweme/v1/playwm/?video_id=v0200fg10000cbidlubc77u4luk3uth0∶=720p&line=0
林峯-爱不疚,https://www.iesdouyin.com/aweme/v1/playwm/?video_id=v0200fg10000cbi9p5rc77u8fordilm0∶=720p&line=0
林峯-幼稚完,https://www.iesdouyin.com/aweme/v1/playwm/?video_id=v0d00fg10000c3c8tolfurq0t8hl20cg∶=720p&line=0
林峯/泳儿-明天以后,https://www.iesdouyin.com/aweme/v1/playwm/?video_id=v0200fg10000clg15bnog65otdhtama0∶=720p&line=0
周星驰电影,http://38.75.136.137:82/live1/jsb.m3u8?id=lbzxc&ip=whus11&usign=tnO5JvE7EOUNT8al6DLMiw
邵氏电影,http://38.75.136.137:82/live1/jsb.m3u8?id=lbssdy&usign=tnO5JvE7EOUNT8al6DLMiw
邵氏电影,http://38.75.136.137:82/live1/dsdq.m3u8?id=lbssdy&usign=tnO5JvE7EOUNT8al6DLMiw
邵氏电影,http://38.75.136.137:82/live1/jsb1.m3u8?id=lbssdy&usign=tnO5JvE7EOUNT8al6DLMiw
邵氏电影,http://38.75.136.137:82/live1/jsb.m3u8?id=lbssdy&ip=whus09&usign=tnO5JvE7EOUNT8al6DLMiw
邵氏电影,http://38.75.136.137:82/live1/jsb.m3u8?id=lbssdy&ip=whus10&usign=tnO5JvE7EOUNT8al6DLMiw
邵氏动作,http://38.75.136.137:82/live1/jsb.m3u8?id=lbssdz&usign=tnO5JvE7EOUNT8al6DLMiw
邵氏动作,http://38.75.136.137:82/live1/dsdq.m3u8?id=lbssdz&usign=tnO5JvE7EOUNT8al6DLMiw
郑州2商都频道,http://171.8.83.132:8800/rtp/239.16.10.155:2000
郑州3文体旅游,http://171.8.83.132:8800/rtp/239.16.10.156:2000
郑州4豫剧频道,http://171.8.83.132:8800/rtp/239.16.10.157:2000
郑州5妇女儿童,http://171.8.83.132:8800/rtp/239.16.10.158:2000
郑州6都市生活,http://171.8.83.132:8800/rtp/239.16.10.159:2000
洛阳-1新闻综合,http://171.8.83.132:8800/rtp/239.16.20.179:11790
洛阳-2科教频道,http://171.8.83.132:8800/rtp/239.16.20.177:11770
洛阳-3文旅频道,http://171.8.83.132:8800/rtp/239.16.20.178:11780
南阳1新闻综合,http://171.8.83.132:8800/rtp/239.16.10.58:2000
南阳2公共频道,http://171.8.83.132:8800/rtp/239.16.10.165:2000
南阳3科教频道,http://171.8.83.132:8800/rtp/239.16.10.164:2000
周口公共频道,http://171.8.83.132:8800/rtp/239.16.10.172:2000
周口教育频道,http://171.8.83.132:8800/rtp/239.16.10.173:2000
周口新闻综合,http://171.8.83.132:8800/rtp/239.16.10.59:2000
开封1新闻综合,http://171.8.83.132:8800/rtp/239.16.10.57:2000
开封2文化旅游,http://171.8.83.132:8800/rtp/239.16.10.177:2000
新乡公共频道,http://171.8.83.132:8800/rtp/239.16.20.154:11540
新乡新闻综合,http://171.8.83.132:8800/rtp/239.16.20.139:11390
焦作公共频道,http://171.8.83.132:8800/rtp/239.16.20.155:11550
焦作综合频道,http://171.8.83.132:8800/rtp/239.16.20.140:11400
漯河新闻综合,http://171.8.83.132:8800/rtp/239.16.10.49:2000
信阳新闻综合,http://171.8.83.132:8800/rtp/239.16.10.52:2000
信阳文旅频道,http://171.8.83.132:8800/rtp/239.16.10.71:2000
封丘1新闻综合,http://171.8.83.132:8800/rtp/239.16.20.19:10190
叶县电视台-1,http://171.8.83.132:8800/rtp/239.16.20.32:10320
新密综合频道,http://171.8.83.132:8800/rtp/239.16.20.41:10410
登封综合频道,http://171.8.83.132:8800/rtp/239.16.20.42:10420
巩义综合频道,http://171.8.83.132:8800/rtp/239.16.20.43:10430
新郑TV-1,http://171.8.83.132:8800/rtp/239.16.20.45:10450
渑池新闻综合,http://171.8.83.132:8800/rtp/239.16.20.47:10470
淅川电视台-1,http://171.8.83.132:8800/rtp/239.16.20.48:10480
新蔡TV,http://171.8.83.132:8800/rtp/239.16.20.49:10490
镇平新闻综合,http://171.8.83.132:8800/rtp/239.16.20.50:10500
宝丰TV-1,http://171.8.83.132:8800/rtp/239.16.20.63:10630
义马综合频道,http://171.8.83.132:8800/rtp/239.16.20.109:11090
鹤壁新闻综合,http://171.8.83.132:8800/rtp/239.16.20.142:11420
安阳新闻综合,http://171.8.83.132:8800/rtp/239.16.20.144:11440
三门峡新闻综合,http://171.8.83.132:8800/rtp/239.16.20.145:11450
卫辉综合频道,http://171.8.83.132:8800/rtp/239.16.20.191:11910
孟津综合综合,http://171.8.83.132:8800/rtp/239.16.20.192:11920
安阳文旅频道,http://171.8.83.132:8800/rtp/239.16.20.193:11930
淇县电视台,http://171.8.83.132:8800/rtp/239.16.20.205:12050
宜阳综合频道,http://171.8.83.132:8800/rtp/239.16.20.206:12060
汝阳综合频道,http://171.8.83.132:8800/rtp/239.16.20.207:12070
原阳电视台,http://171.8.83.132:8800/rtp/239.16.20.208:12080
宝丰-1,http://171.8.83.132:8800/rtp/239.16.20.209:12090
内黄综合频道,http://171.8.83.132:8800/rtp/239.16.20.228:12280
国学频道,http://171.8.83.132:8800/rtp/239.16.20.232:12320
郏县综合频道,http://171.8.83.132:8800/rtp/239.16.20.235:12350
禹州电视台,http://171.8.83.132:8800/rtp/239.16.10.39:2000
邵氏动作,http://38.75.136.137:82/live1/jsb1.m3u8?id=lbssdz&usign=tnO5JvE7EOUNT8al6DLMiw
邵氏动作,http://38.75.136.137:82/live1/jsb.m3u8?id=lbssdz&ip=whus02&usign=tnO5JvE7EOUNT8al6DLMiw
泳儿-无心恋唱,https://www.iesdouyin.com/aweme/v1/playwm/?video_id=v0200fg10000cd72dobc77u85rlotlp0∶=720p&line=0
泳儿-24首合集,https://www.iesdouyin.com/aweme/v1/playwm/?video_id=v0200fg10000celom73c77u7maj81qo0∶=720p&line=0
海明威/泳儿-我的回忆不是我的,https://www.iesdouyin.com/aweme/v1/playwm/?video_id=v0300fg10000crob83nog65jioid2pv0∶=720p&line=0
许廷铿-面具,https://www.iesdouyin.com/aweme/v1/playwm/?video_id=v0200ffe0000bsma66222nggd3hrnnrg∶=720p&line=0
古巨基-必杀技,https://www.iesdouyin.com/aweme/v1/playwm/?video_id=v0200fg10000cekv06jc77udpp4ltm90∶=720p&line=0
古巨基-爱与诚,https://www.iesdouyin.com/aweme/v1/playwm/?video_id=v0300fg10000cq20gevog65vbni5bjpg∶=720p&line=0
黎瑞恩-一人有一个的梦想,https://www.iesdouyin.com/aweme/v1/playwm/?video_id=v0200fg10000ce4s2g3c77ub64mff9qg∶=720p&line=0
陈文缓-时光中飞舞,https://www.iesdouyin.com/aweme/v1/playwm/?video_id=v0300fg10000cab99tbc77u5slfids90∶=720p&line=0
陈僖仪-忘川,https://www.iesdouyin.com/aweme/v1/playwm/?video_id=v0300fg10000ca6gn83c77ufug96j7cg∶=720p&line=0
张敬轩-酷爱,https://www.iesdouyin.com/aweme/v1/playwm/?video_id=v0200fg10000ck1q5v3c77ucqtq44b4g∶=720p&line=0
蒋小呢-for ya,https://www.iesdouyin.com/aweme/v1/playwm/?video_id=v0200fg10000c4k69ujc77u3f5l37i50∶=720p&line=0
李玖哲-夏天,https://www.iesdouyin.com/aweme/v1/playwm/?video_id=v0200fg10000cjhde3fog65upiashhr0∶=720p&line=0
南征北战-我的天空,https://www.iesdouyin.com/aweme/v1/playwm/?video_id=v0200fbf0000bt8nuaevamb718qchkt0∶=720p&line=0
mr-森林,https://www.iesdouyin.com/aweme/v1/playwm/?video_id=v0300fg10000c2ofpk3c77u6arm34eeg∶=720p&line=0
林韵乔/叶梓晴-机场北,https://www.iesdouyin.com/aweme/v1/playwm/?video_id=v0200fg10000cp32qpjc77uf5eu3igtg∶=720p&line=0
杞县新闻综合,http://171.8.83.132:8800/rtp/239.16.10.80:2000
永城新闻联播,http://171.8.83.132:8800/rtp/239.16.10.93:2000
邵氏动作,http://38.75.136.137:82/live1/jsb.m3u8?id=lbssdz&ip=whus23&usign=tnO5JvE7EOUNT8al6DLMiw
邵氏动作,http://38.75.136.137:82/live1/jsb.m3u8?id=lbssdz&ip=whus24&usign=tnO5JvE7EOUNT8al6DLMiw
邵氏武侠,http://38.75.136.137:82/live1/jsb.m3u8?id=lbsswx&usign=tnO5JvE7EOUNT8al6DLMiw
邵氏武侠,http://38.75.136.137:82/live1/dsdq.m3u8?id=lbsswx&usign=tnO5JvE7EOUNT8al6DLMiw
邵氏武侠,http://38.75.136.137:82/live1/jsb1.m3u8?id=lbsswx&usign=tnO5JvE7EOUNT8al6DLMiw
邵氏武侠,http://38.75.136.137:82/live1/jsb.m3u8?id=lbsswx&ip=whus02&usign=tnO5JvE7EOUNT8al6DLMiw
邵氏武侠,http://38.75.136.137:82/live1/jsb.m3u8?id=lbsswx&ip=whus23&usign=tnO5JvE7EOUNT8al6DLMiw
邵氏武侠,http://38.75.136.137:82/live1/jsb.m3u8?id=lbsswx&ip=whus24&usign=tnO5JvE7EOUNT8al6DLMiw
邵氏喜剧,http://38.75.136.137:82/live1/jsb.m3u8?id=lbssxj&usign=tnO5JvE7EOUNT8al6DLMiw
邵氏喜剧,http://38.75.136.137:82/live1/dsdq.m3u8?id=lbssxj&usign=tnO5JvE7EOUNT8al6DLMiw
邵氏喜剧,http://38.75.136.137:82/live1/jsb1.m3u8?id=lbssxj&usign=tnO5JvE7EOUNT8al6DLMiw
邵氏喜剧,http://38.75.136.137:82/live1/jsb.m3u8?id=lbssxj&ip=whus02&usign=tnO5JvE7EOUNT8al6DLMiw
邵氏喜剧,http://38.75.136.137:82/live1/jsb.m3u8?id=lbssxj&ip=whus23&usign=tnO5JvE7EOUNT8al6DLMiw
邵氏喜剧,http://38.75.136.137:82/live1/jsb.m3u8?id=lbssxj&ip=whus24&usign=tnO5JvE7EOUNT8al6DLMiw
CCTV-4K超高清,http://38.75.136.137:82/live1/jsb.m3u8?id=cctv4k&usign=tnO5JvE7EOUNT8al6DLMiw
CCTV-4K超高清,http://38.75.136.137:82/live1/jsb1.m3u8?id=cctv4k&usign=tnO5JvE7EOUNT8al6DLMiw
CCTV-4K超高清,http://38.75.136.137:82/live1/jsb.m3u8?id=cctv4k&ip=whus10&usign=tnO5JvE7EOUNT8al6DLMiw
CCTV-4K超高清,http://38.75.136.137:82/live1/jsb.m3u8?id=cctv4k&ip=whus18&usign=tnO5JvE7EOUNT8al6DLMiw
CCTV-4K超高清,http://38.75.136.137:82/live1/jsb.m3u8?id=cctv4k&ip=whus19&usign=tnO5JvE7EOUNT8al6DLMiw
CCTV-4K超高清,http://38.75.136.137:82/live1/cctvxw.m3u8?bt=2&id=cctv4k&usign=tnO5JvE7EOUNT8al6DLMiw
CCTV-4K超高清,http://38.75.136.137:82/live1/cctvxw.m3u8?bt=1&id=cctv4k&usign=tnO5JvE7EOUNT8al6DLMiw
麦浚龙-耿耿于怀,https://www.iesdouyin.com/aweme/v1/playwm/?video_id=v0200fg10000cf2gn93c77uam6kuerdg∶=720p&line=0
菊梓乔-忘掉我自己,https://www.iesdouyin.com/aweme/v1/playwm/?video_id=v0300fg10000cr7ia6vog65n4msgpru0∶=720p&line=0
光山综合频道,http://171.8.83.132:8800/rtp/239.16.10.94:2000
上海都市剧场,http://171.8.83.132:8800/rtp/239.16.20.38:10380
上海纪实人文,http://171.8.83.132:8800/rtp/239.16.20.124:11240
上海欢笑剧场,http://171.8.83.132:8800/rtp/239.16.20.39:10390
上海动漫秀场,http://171.8.83.132:8800/rtp/239.16.20.40:10400
上海东方财经,http://171.8.83.132:8800/rtp/239.16.20.64:10640
上海法治天地,http://171.8.83.132:8800/rtp/239.16.20.156:11560
上海乐游纪实,http://171.8.83.132:8800/rtp/239.16.20.111:11110
上海游戏风云,http://171.8.83.132:8800/rtp/239.16.20.112:11120
上海魅力足球,http://171.8.83.132:8800/rtp/239.16.20.113:11130
上海生活时尚,http://171.8.83.132:8800/rtp/239.16.20.114:11140
上海金色学堂,http://171.8.83.132:8800/rtp/239.16.20.115:11150
湖南金鹰纪实,http://171.8.83.132:8800/rtp/239.16.20.153:11530
湖南金鹰卡通,http://171.8.83.132:8800/rtp/239.16.20.104:11040
湖南快乐垂钓,http://171.8.83.132:8800/rtp/239.16.20.67:10670
湖南茶频道,http://171.8.83.132:8800/rtp/239.16.20.68:10680
吴若希-越难越爱,https://www.iesdouyin.com/aweme/v1/playwm/?video_id=v0300fg10000chcdhdfog65g2p9hdi7g∶=720p&line=0
吴若希-爱要撑下去,https://www.iesdouyin.com/aweme/v1/playwm/?video_id=v0200fg10000cdm727rc77u3lnlca32g∶=720p&line=0
CCTV-4K超高清,http://38.75.136.137:82/live1/cctvxw.m3u8?bt=0&id=cctv4k&usign=tnO5JvE7EOUNT8al6DLMiw
CCTV-4K超高清,http://38.75.136.137:82/live1/jdtv2.m3u8?isp=dx&id=cctv4k&usign=tnO5JvE7EOUNT8al6DLMiw
CCTV-4K超高清,http://38.75.136.137:82/live1/jdtv2.m3u8?isp=lt&id=cctv4k&usign=tnO5JvE7EOUNT8al6DLMiw
CCTV-4K超高清,http://38.75.136.137:82/live2/cctvxw.m3u8?bt=2&id=cctv4k&usign=tnO5JvE7EOUNT8al6DLMiw
CCTV-8K超高清,http://38.75.136.137:82/live1/jsb.m3u8?id=cctv8k&usign=tnO5JvE7EOUNT8al6DLMiw
CCTV-8K超高清,http://38.75.136.137:82/live1/jsb1.m3u8?id=cctv8k&usign=tnO5JvE7EOUNT8al6DLMiw
CCTV-8K超高清,http://38.75.136.137:82/live1/jsb.m3u8?id=cctv8k&ip=whus18&usign=tnO5JvE7EOUNT8al6DLMiw
CCTV-8K超高清,http://38.75.136.137:82/live1/jsb.m3u8?id=cctv8k&ip=whus19&usign=tnO5JvE7EOUNT8al6DLMiw
CCTV-电视指南,http://38.75.136.137:82/live1/jsb.m3u8?id=dszn&usign=tnO5JvE7EOUNT8al6DLMiw
CCTV-电视指南,http://38.75.136.137:82/live1/jsb1.m3u8?id=dszn&usign=tnO5JvE7EOUNT8al6DLMiw
CCTV-电视指南,http://38.75.136.137:82/live1/jsb.m3u8?id=dszn&ip=whus14&usign=tnO5JvE7EOUNT8al6DLMiw
CCTV-电视指南,http://38.75.136.137:82/live1/jsb.m3u8?id=dszn&ip=whus24&usign=tnO5JvE7EOUNT8al6DLMiw
CCTV-电视指南,http://38.75.136.137:82/live2/bfgd.m3u8?id=4200000164&usign=tnO5JvE7EOUNT8al6DLMiw
CCTV-电视指南,http://38.75.136.137:82/live1/jdtv2.m3u8?id=dszn&usign=tnO5JvE7EOUNT8al6DLMiw
CCTV-电视指南,http://38.75.136.137:82/live1/jdtv2.m3u8?id=dszn&usign=tnO5JvE7EOUNT8al6DLMiw
CCTV-卫生健康,http://38.75.136.137:82/live1/jdtv2.m3u8?id=wsjk&usign=tnO5JvE7EOUNT8al6DLMiw
CCTV-中视购物,http://38.75.136.137:82/live1/polyv.m3u8?id=zsgw&usign=tnO5JvE7EOUNT8al6DLMiw
CCTV-中视购物,http://38.75.136.137:82/live1/jdtv2.m3u8?id=zsgw&usign=tnO5JvE7EOUNT8al6DLMiw
IPTV导视,http://171.8.83.132:8800/rtp/239.16.10.218:2000
吴若希-错过了,https://www.iesdouyin.com/aweme/v1/playwm/?video_id=v0300fg10000cton3mvog65nv5hqgf50∶=720p&line=0
区文诗-不只爱情,https://www.iesdouyin.com/aweme/v1/playwm/?video_id=v0300fg10000csl1fqnog65lrb9gntd0∶=720p&line=0
邓岳章-不做情人,https://www.iesdouyin.com/aweme/v1/playwm/?video_id=v0200fg10000cfrhffjc77ua9ospmb0g∶=720p&line=0
何仟仟-魔鬼邂逅,https://www.iesdouyin.com/aweme/v1/playwm/?video_id=v0300fg10000c9i1th3c77u5pdfcatng∶=720p&line=0
邓紫棋-17首合集,https://www.iesdouyin.com/aweme/v1/playwm/?video_id=v0d00fg10000cucbtmfog65l35tmqu7g∶=720p&line=0
陈婉箐-不负众望,https://www.iesdouyin.com/aweme/v1/playwm/?video_id=v0200fg10000cu95487og65l3i02957g∶=720p&line=0
飞儿乐团-月牙湾,https://www.iesdouyin.com/aweme/v1/playwm/?video_id=v0d00fg10000c4tmklbc77u4upig9730∶=720p&line=0
飞儿乐团-lydia,https://www.iesdouyin.com/aweme/v1/playwm/?video_id=v1e00fgi0000cu0hhh7og65rn9pfdt0g∶=720p&line=0
飞儿乐团-我们的爱,https://www.iesdouyin.com/aweme/v1/playwm/?video_id=v0300fg10000c895oo3c77ud27p9ic50∶=720p&line=0
飞儿乐团-你的微笑,https://www.iesdouyin.com/aweme/v1/playwm/?video_id=v0200fg10000c9t0f8rc77u1ksr5jbj0∶=720p&line=0
飞儿乐团/彭佳慧-心之火,https://www.iesdouyin.com/aweme/v1/playwm/?video_id=v0300fg10000cvhd32vog65lgnkfuh30∶=720p&line=0
任然-飞鸟和蝉,https://www.iesdouyin.com/aweme/v1/playwm/?video_id=v0300fg10000chgciibc77u4m8k4edog∶=720p&line=0
sweety-樱花草,https://www.iesdouyin.com/aweme/v1/playwm/?video_id=v0300fg10000c9rreibc77u0n5mpg0o0∶=720p&line=0
黑girl-123木头人,https://www.iesdouyin.com/aweme/v1/playwm/?video_id=v1e00fgi0000d458thnog65ra7c0c9fg∶=720p&line=0
许绍洋-花香,https://www.iesdouyin.com/aweme/v1/playwm/?video_id=v0200f290000bt10bsspfrfvn0rsvfhg∶=720p&line=0
F4-流星雨,https://www.iesdouyin.com/aweme/v1/playwm/?video_id=v0300fg10000ctps9ffog65q3ledq7i0∶=720p&line=0
F4-决不能失去你,https://www.iesdouyin.com/aweme/v1/playwm/?video_id=v0200fg10000clpfsjbc77u46m77t630∶=720p&line=0
王蓝茵-恶作剧,https://www.iesdouyin.com/aweme/v1/playwm/?video_id=v0300fg10000ciocl7jc77u2jkq998s0∶=720p&line=0
杨丞琳-暧昧,https://www.iesdouyin.com/aweme/v1/playwm/?video_id=v0200fg10000cncatmbc77ufr0d46jsg∶=720p&line=0
杨丞琳-雨爱,https://www.iesdouyin.com/aweme/v1/playwm/?video_id=v0300fg10000c25llp3c77uemntbq6o0∶=720p&line=0
蔡旻佑-我可以,https://www.iesdouyin.com/aweme/v1/playwm/?video_id=v0300fg10000c70vjubc77u9ubc7ofdg∶=720p&line=0
罗志祥-爱转角,https://www.iesdouyin.com/aweme/v1/playwm/?video_id=v0300fg10000cjn0p03c77u6rj0bkt80∶=720p&line=0
罗志祥-爱不单行,https://www.iesdouyin.com/aweme/v1/playwm/?video_id=v0d00fg10000ck0eshjc77uf7o7ivnpg∶=720p&line=0
萧亚轩-爱的主打歌,https://www.iesdouyin.com/aweme/v1/playwm/?video_id=v0200fg10000ca3eb8rc77ub0tj3kl2g∶=720p&line=0
萧亚轩-遗失的心跳,https://www.iesdouyin.com/aweme/v1/playwm/?video_id=v0200fg10000ck491ufog65vq1gb76i0∶=720p&line=0
CCTV-中视购物,http://38.75.136.137:82/live1/jdtv2.m3u8?id=zsgw&usign=tnO5JvE7EOUNT8al6DLMiw
CGTN,https://english-liveali.cgtn.com/hls/yypdyyctzb/yypdyyctzbcd/playlist.m3u8
中华特产,http://171.8.83.132:8800/rtp/239.16.20.132:11320
商丘1新闻综合,http://171.8.83.132:8800/rtp/239.16.10.153:2000
商丘2公共频道,http://171.8.83.132:8800/rtp/239.16.10.168:2000
商丘3文体科教,http://171.8.83.132:8800/rtp/239.16.10.169:2000
许昌农业科教,http://171.8.83.132:8800/rtp/239.16.10.60:2000
许昌综合频道,http://171.8.83.132:8800/rtp/239.16.10.47:2000
平顶山新闻综合,http://171.8.83.132:8800/rtp/239.16.20.137:11370
平顶山城市频道,http://171.8.83.132:8800/rtp/239.16.20.151:11510
平顶山公共频道,http://171.8.83.132:8800/rtp/239.16.20.152:11520
平顶山教育台,http://171.8.83.132:8800/rtp/239.16.20.27:10270
新乡综合频道,http://171.8.83.132:8800/rtp/239.16.20.18:10180
邓州综合频道,http://171.8.83.132:8800/rtp/239.16.20.20:10200
萧亚轩-突然想起你,https://www.iesdouyin.com/aweme/v1/playwm/?video_id=v0d00fg10000cr2kg7vog65lkksge090∶=720p&line=0
萧亚轩-错的人,https://www.iesdouyin.com/aweme/v1/playwm/?video_id=v0200fd00000br0711gi8qol0f2n3720∶=720p&line=0
CGTN,https://english-liveali.cgtn.com/hls/yypdyyctzb/yypdyyctzbhd/playlist.m3u8
CGTN,https://english-liveali.cgtn.com/hls/yypdyyctzb/playlist.m3u8
CGTN,https://english-livews.cgtn.com/hls/yypdyyctzbhd/playlist.m3u8
CGTN,https://english-livews.cgtn.com/hls/yypdyyctzb/playlist.m3u8
CGTN,https://english-livetx.cgtn.com/hls/yypdyyctzb_hd.m3u8
CGTN,https://english-livetx.cgtn.com/hls/yypdyyctzb/playlist.m3u8
CGTN,http://38.75.136.137:82/live1/xuexi.m3u8?id=cctvnews&usign=tnO5JvE7EOUNT8al6DLMiw
CGTN,http://38.75.136.137:82/live1/xuexi1.m3u8?id=cctvnews&usign=tnO5JvE7EOUNT8al6DLMiw
CGTN,https://live.cgtn.com/1000/prog_index.m3u8
获嘉综合频道,http://171.8.83.132:8800/rtp/239.16.20.25:10250
平煤安全环保,http://171.8.83.132:8800/rtp/239.16.20.31:10310
蓝又时-孤单心事,https://www.iesdouyin.com/aweme/v1/playwm/?video_id=v0300fg10000cr897onog65sgcniupd0∶=720p&line=0
梁静茹-没有如果,https://www.iesdouyin.com/aweme/v1/playwm/?video_id=v0300fg10000crofuu7og65j64cj0thg∶=720p&line=0
CGTN,http://38.75.136.137:82/live1/jdtv2.m3u8?id=cctvnews&usign=tnO5JvE7EOUNT8al6DLMiw
CGTN,https://live-wuxi.cgtn.com/live/wx_cgtn_1000k_internalnormal.m3u8
荥阳综合频道,http://171.8.83.132:8800/rtp/239.16.20.44:10440
健康河南融媒,http://171.8.83.132:8800/rtp/239.16.20.52:10520
灵宝综合频道,http://171.8.83.132:8800/rtp/239.16.20.59:10590
渑池新闻综合,http://171.8.83.132:8800/rtp/239.16.20.135:11350
济源-1,http://171.8.83.132:8800/rtp/239.16.20.174:11740
濮阳新闻综合,http://171.8.83.132:8800/rtp/239.16.20.175:11750
濮阳公共频道,http://171.8.83.132:8800/rtp/239.16.20.184:11840
新县综合频道,http://171.8.83.132:8800/rtp/239.16.20.183:11830
延津电视台,http://171.8.83.132:8800/rtp/239.16.20.210:12100
大象新闻,http://171.8.83.132:8800/rtp/239.16.20.216:12160
大剧院,http://171.8.83.132:8800/rtp/239.16.20.217:12170
舞钢电视台-1,http://171.8.83.132:8800/rtp/239.16.20.227:12270
嵩县综合新闻,http://171.8.83.132:8800/rtp/239.16.20.234:12340
CCTVä¸çå°ç,https://shcm-stream-cf1.stream.264788.xyz/cms001/ch00000090990000001620/index.m3u8?streamid=8a034b40397504e25b3775c772237996&streamkey=01vY5fRxC8VyKg4oq30vfikHXTCAKySLP29l6OG91kQlzDttHgzNLkUw5kivm3PfNsVHJv5FgdsPBYFYI2IWpt7tfRCuFHqLT2pvX67ubMds8jl2DHtvOh0&token=1775754349-4f33f4f84a4abeba-0-91687dc8c9325092efa1d00f330d2710
CGTN,http://38.75.136.137:82/live1/jdtv2.m3u8?id=cctvnews&usign=tnO5JvE7EOUNT8al6DLMiw
CGTN,http://38.75.136.137:82/live1/jdtv2.m3u8?isp=dx&id=cctvnews&usign=tnO5JvE7EOUNT8al6DLMiw
青山黛玛-留在我身边,https://www.iesdouyin.com/aweme/v1/playwm/?video_id=v0d00fg10000caf9b1jc77u3vnrog8mg∶=720p&line=0
卓文萱/曹格-梁山伯与朱丽叶,https://www.iesdouyin.com/aweme/v1/playwm/?video_id=v0200fg10000ckd02j3c77uc41nk2co0∶=720p&line=0
何润东-我记得我爱过,https://www.iesdouyin.com/aweme/v1/playwm/?video_id=v0d00fg10000cm12qa3c77u3pbdnrr00∶=720p&line=0
张芸京-偏爱,https://www.iesdouyin.com/aweme/v1/playwm/?video_id=v1e00fgi0000csmuo9fog65j08392110∶=720p&line=0
张韶涵-无名的人,https://www.iesdouyin.com/aweme/v1/playwm/?video_id=v0200fg10000ctari87og65ksgs0rnpg∶=720p&line=0
张韶涵-12首合集,https://www.iesdouyin.com/aweme/v1/playwm/?video_id=v0d00fg10000ct7cdovog65o09j282vg∶=720p&line=0
切换EXO解码,1
女孩DJ,https://www.iesdouyin.com/aweme/v1/playwm/?video_id=v1e00fgi0000d2aa0qfog65vmvgg5sjg∶=720p&line=0
gamgamDJ,https://www.iesdouyin.com/aweme/v1/playwm/?video_id=v0200fg10000cr8r23nog65mnbf3616g∶=720p&line=0
离开我的依赖DJ,https://www.iesdouyin.com/aweme/v1/playwm/?video_id=v1e00fgi0000d2hio3nog65lre771jt0∶=720p&line=0
游京DJ,https://www.iesdouyin.com/aweme/v1/playwm/?video_id=v0d00fg10000cu2h3qvog65irkuioh50∶=720p&line=0
游京女版DJ,https://www.iesdouyin.com/aweme/v1/playwm/?line=0&logo_name=aweme_diversion_search∶=720p&video_id=v2700fgi0000d4l0kifog65jh64e9670
爱是一场梦DJ,https://www.iesdouyin.com/aweme/v1/playwm/?video_id=v0200fg10000csppmffog65uhi36ibtg∶=720p&line=0
蚂蚁牙嘿,https://www.iesdouyin.com/aweme/v1/playwm/?video_id=v0200fg10000c98qrmbc77ucqknl90ag∶=720p&line=0
上帝是女孩DJ,https://www.iesdouyin.com/aweme/v1/playwm/?video_id=v0200fg10000chhlaijc77u2jkqvf1h0∶=720p&line=0
浉河广电中心,http://171.8.83.132:8800/rtp/239.16.10.72:2000
CCTVå¤®è§å°ç,https://epg.pw/stream/ca9c1cd4b97fb824cedd7fedfd0c7a950afdd7f00751cfbb7c2d89831d7746a5.m3u8
CCTVé£äºè¶³ç,https://epg.pw/stream/ac8062ec9484078061d3bef507c15a423ac57ae4144e3fcc4b0a198dd420f911.m3u8
CGTN,http://38.75.136.137:82/live1/jdtv2.m3u8?isp=lt&id=cctvnews&usign=tnO5JvE7EOUNT8al6DLMiw
CGTN,rtmp://play.kankanlive.com/live/1698423645566913
CGTN,http://38.75.136.137:82/live2/bfgd.m3u8?id=4200000134&usign=tnO5JvE7EOUNT8al6DLMiw
CGTN,http://play.kankanlive.com/live/1698423645566913.m3u8
CGTN,https://hc73k3dhwo5gfkt.wcetv.com/hls/cgtn.m3u8
CGTN纪录,https://english-liveali.cgtn.com/hls/yypdjlctzb/yypdjlctzbcd/playlist.m3u8
CGTN纪录,https://english-liveali.cgtn.com/hls/yypdjlctzb/yypdjlctzbhd/playlist.m3u8
CGTN纪录,https://english-liveali.cgtn.com/hls/yypdjlctzb/playlist.m3u8
CGTN纪录,https://livedoc.cgtn.com/1000d/prog_index.m3u8
CGTN纪录,http://38.75.136.137:82/live1/jdtv2.m3u8?id=cctv9y&usign=tnO5JvE7EOUNT8al6DLMiw
CGTN纪录,https://live-wuxi.cgtn.com/live/wx_cgtndoc_1000k_internalnormal.m3u8
CGTN纪录,http://38.75.136.137:82/live1/jdtv2.m3u8?id=cctv9y&usign=tnO5JvE7EOUNT8al6DLMiw
CGTN纪录,http://38.75.136.137:82/live1/jdtv2.m3u8?isp=dx&id=cctv9y&usign=tnO5JvE7EOUNT8al6DLMiw
CGTN纪录,http://38.75.136.137:82/live1/jdtv2.m3u8?isp=lt&id=cctv9y&usign=tnO5JvE7EOUNT8al6DLMiw
CGTN纪录,https://hc73k3dhwo5gfkt.wcetv.com/hls/cgtnd.m3u8
拉拉爱英文版,https://www.iesdouyin.com/aweme/v1/playwm/?video_id=v1e00fgi0000cvaf6cnog65vestq92k0∶=720p&line=0
sound of my dream,https://www.iesdouyin.com/aweme/v1/playwm/?video_id=v0300fg10000cu8hr8fog65sbnn5265g∶=720p&line=0
平桥广电中心,http://171.8.83.132:8800/rtp/239.16.10.73:2000
CGTN,https://0472.org/hls/cgtn.m3u8
CGTN,http://english-livetx.cgtn.com/hls/yypdyyctzb_hd.m3u8
CGTNä¿è¯­,https://0472.org/hls/cgtne.m3u8
CGTNä¿è¯­,http://russian-livews.cgtn.com/hls/LSvexABhNipibK5KRuUkvHZ7220802LSTeze9o8tdFXMHsb1VosgoT220802cd.m3u8
CGTNæ³è¯­,https://0472.org/hls/cgtnf.m3u8
CGTNæ³è¯­,http://espanol-liveali.cgtn.com/hls/LSveOGBaBw41Ea7ukkVAUdKQ220802LSTexu6xAuFH8VZNBLE1ZNEa220802cd.m3u8
CGTNè¥¿è¯­,https://0472.org/hls/cgtnx.m3u8
CGTNé¿è¯­,https://0472.org/hls/cgtna.m3u8
CCTV4K,http://vip1.xinketongxun.fun:8082/tsfile/live/1026_1.m3u8
ä¸­å½äº¤é,http://drive.mxmy.net:8888/udp/239.3.1.188:8001
çç«ç´æ­,https://gcwbndali.v.myalicdn.com/gcwbnd/ipanda1000_2/index.m3u8
æ¯æä½è,https://vd2.bdstatic.com/mda-sctj0f6r4u1bpebc/1080p/cae_h264/1774706523506678171/mda-sctj0f6r4u1bpebc.mp4
å®å¾½å«è§,http://222.169.85.8:9901/tsfile/live/0130_1.m3u8
CGTN西班牙语,https://espanol-livews.cgtn.com/hls/LSveOGBaBw41Ea7ukkVAUdKQ220802LSTexu6xAuFH8VZNBLE1ZNEa220802cd/playlist.m3u8
CGTN西班牙语,https://livees.cgtn.com/1000e/prog_index.m3u8
CGTN西班牙语,http://38.75.136.137:82/live1/jdtv2.m3u8?id=cctve&usign=tnO5JvE7EOUNT8al6DLMiw
CGTN西班牙语,https://live-wuxi.cgtn.com/live/wx_cgtne_1000k_internalnormal.m3u8
by my side DJ,https://www.iesdouyin.com/aweme/v1/playwm/?video_id=v0200fg10000cg6q69jc77u50fea8qog∶=720p&line=0
郸城,http://171.8.83.132:8800/rtp/239.16.10.84:2000
唐河TV-1,http://171.8.83.132:8800/rtp/239.16.10.95:2000
上蔡-1,http://171.8.83.132:8800/rtp/239.16.10.97:2000
舞阳新闻综合,http://171.8.83.132:8800/rtp/239.16.10.179:2000
临颍综合频道,http://171.8.83.132:8800/rtp/239.16.10.180:2000
项城电视台,http://171.8.83.132:8800/rtp/239.16.10.214:2000
河南都市频道,http://1.192.244.238:8188/rtp/239.16.20.164:11640
河南民生频道,http://1.192.244.238:8188/rtp/239.16.20.165:11650
河南法治频道,http://1.192.244.238:8188/rtp/239.16.10.122:2000
河南电视剧频道,http://1.192.244.238:8188/rtp/239.16.20.167:11670
河南新闻频道,http://1.192.244.238:8188/rtp/239.16.20.168:11680
河南乡村频道,http://1.192.244.238:8188/rtp/239.16.20.195:11950
河南戏曲频道,http://1.192.244.238:8188/rtp/239.16.20.171:11710
河南收藏天下,http://1.192.244.238:8188/rtp/239.16.10.149:2000
å®å¾½å«è§,http://183.11.239.36:808/hls/40/index.m3u8
å®å¾½å«è§,http://124.116.183.146:9901/tsfile/live/0130_1.m3u8
CGTN西班牙语,http://38.75.136.137:82/live1/jdtv2.m3u8?id=cctve&usign=tnO5JvE7EOUNT8al6DLMiw
lonely DJ,https://www.iesdouyin.com/aweme/v1/playwm/?video_id=v0300fg10000c34cmjq90k9n62f21tfg∶=720p&line=0
胜利之舞Dj,https://www.iesdouyin.com/aweme/v1/playwm/?video_id=v0d00fg10000cv9rjm7og65g7nltudt0∶=720p&line=0
经典粤语DJ私人订制,https://www.iesdouyin.com/aweme/v1/playwm/?video_id=v0d00fg10000crdl34vog65v7e9of17g∶=720p&line=0
全粤语8090经典劲爆DJ,https://www.iesdouyin.com/aweme/v1/playwm/?video_id=v0200fg10000cnamtabc77u54nj2kh6g∶=720p&line=0
粤语打碟现场串烧DJ,https://www.iesdouyin.com/aweme/v1/playwm/?video_id=v0d00fg10000crom7dnog65uq525ar4g∶=720p&line=0
Electro风格全粤语女声串烧DJ,https://www.iesdouyin.com/aweme/v1/playwm/?video_id=v1e00fgi0000ct65p5fog65r7qkgveu0∶=720p&line=0
全粤语Club风格汽车慢摇串烧DJ,http://www.iesdouyin.com/aweme/v1/playwm/?video_id=v0200fg10000cpp7b2nog65rhkqq6tpg
粤语伤感情歌嗨曲串烧DJ,https://www.iesdouyin.com/aweme/v1/playwm/?video_id=v0300fg10000cph1etnog65mpr23b990∶=720p&line=0
全粤语女声深情DJ串烧,https://www.iesdouyin.com/aweme/v1/playwm/?video_id=v0d00fg10000ctbb4kvog65q67op5tug∶=720p&line=0
海先生B001Dj串烧,https://www.iesdouyin.com/aweme/v1/playwm/?video_id=v0200fg10000cvg46evog65uaon0vs10∶=720p&line=0
粤语经典重温DJ,https://www.iesdouyin.com/aweme/v1/playwm/?video_id=v0d00fg10000cp06gijc77ue69pt0spg∶=720p&line=0
全粤语港台经典老歌DJ,https://www.iesdouyin.com/aweme/v1/playwm/?video_id=v0200fg10000cs5om8nog65vrmmn2g4g∶=720p&line=0
河南中华功夫,http://1.192.244.238:8188/rtp/239.16.20.173:11730
河南移动电视,http://1.192.244.238:8188/rtp/239.16.20.204:12040
河南调解剧场,http://1.192.244.238:8188/rtp/239.16.20.197:11970
å®å¾½å«è§,http://222.134.245.16:9901/tsfile/live/0130_1.m3u8
å®å¾½å«è§,http://123.130.84.106:8154/tsfile/live/0130_1.m3u8
åäº¬å«è§,http://124.116.183.146:9901/tsfile/live/0122_1.m3u8
CGTN西班牙语,http://38.75.136.137:82/live2/bfgd.m3u8?id=4200000306&usign=tnO5JvE7EOUNT8al6DLMiw
CGTN西班牙语,https://hc73k3dhwo5gfkt.wcetv.com/hls/cgtne.m3u8
CGTN阿拉伯语,https://arabic-livews.cgtn.com/hls/LSveq57bErWLinBnxosqjisZ220802LSTefTAS9zc9mpU08y3np9TH220802cd/playlist.m3u8
CGTN阿拉伯语,https://livear.cgtn.com/1000a/prog_index.m3u8
CGTN阿拉伯语,http://38.75.136.137:82/live1/jdtv2.m3u8?id=cctva&usign=tnO5JvE7EOUNT8al6DLMiw
CGTN阿拉伯语,https://live-wuxi.cgtn.com/live/wx_cgtna_1000k_internalnormal.m3u8
CGTN阿拉伯语,http://38.75.136.137:82/live1/jdtv2.m3u8?id=cctva&usign=tnO5JvE7EOUNT8al6DLMiw
CGTN阿拉伯语,http://38.75.136.137:82/live2/bfgd.m3u8?id=4200000308&usign=tnO5JvE7EOUNT8al6DLMiw
CGTN俄罗斯语,https://russian-livews.cgtn.com/hls/LSvexABhNipibK5KRuUkvHZ7220802LSTeze9o8tdFXMHsb1VosgoT220802cd/playlist.m3u8
CGTN俄罗斯语,https://liveru.cgtn.com/1000r/prog_index.m3u8
CGTN俄罗斯语,http://38.75.136.137:82/live1/jdtv2.m3u8?id=cctvr&usign=tnO5JvE7EOUNT8al6DLMiw
CGTN俄罗斯语,https://live-wuxi.cgtn.com/live/wx_cgtnr_1000k_internalnormal.m3u8
CGTN俄罗斯语,http://38.75.136.137:82/live1/jdtv2.m3u8?id=cctvr&usign=tnO5JvE7EOUNT8al6DLMiw
CGTN俄罗斯语,http://38.75.136.137:82/live2/bfgd.m3u8?id=4200000309&usign=tnO5JvE7EOUNT8al6DLMiw
无言感激DJ,https://www.iesdouyin.com/aweme/v1/playwm/?video_id=v0200fg10000ctqjasfog65pch7akso0∶=720p&line=0
全粤语女声失恋治愈串烧,https://www.iesdouyin.com/aweme/v1/playwm/?video_id=v1e00fgi0000ct7hj5vog65n714a1fd0∶=720p&line=0
全英文洗脑神曲dj串烧,https://www.iesdouyin.com/aweme/v1/playwm/?video_id=v0300fg10000ctpdosvog65ofsrkov0g∶=720p&line=0
抖音流行DJ串烧,https://www.iesdouyin.com/aweme/v1/playwm/?video_id=v0300fg10000cppi1hvog65mc9vujp30∶=720p&line=0
河南移动戏曲,http://1.192.244.238:8188/rtp/239.16.20.120:11200
河南睛彩中原,http://1.192.244.238:8188/rtp/239.16.20.122:11220
åäº¬å«è§,http://222.134.245.16:9901/tsfile/live/0122_1.m3u8
åäº¬å«è§,http://123.130.84.106:8154/tsfile/live/0122_1.m3u8
åäº¬å«è§,http://112.27.235.94:8000/hls/27/index.m3u8
åäº¬å«è§,http://59.39.89.130:60901/tsfile/live/0125_7.m3u8?key=txiptv&playlive=1&authid=0
åµå¢å«è§,http://218.13.170.98:9901/tsfile/live/0115_1.m3u8
åµå¢å«è§,http://183.11.239.36:808/hls/7/index.m3u8
ä¸æ¹å«è§,https://txmov2.a.kwimgs.com/bs3/video-hls/5219953535631090825_hlsb.m3u8
ä¸æ¹å«è§,http://bp-resource-dfl.bestv.cn/155/3/video.m3u8
ä¸æ¹å«è§,http://bp-resource-dfl.bestv.cn/148/3/video.m3u8
ä¸æ¹å«è§,http://218.13.170.98:9901/tsfile/live/1010_1.m3u8
中央新影-老故事,http://38.75.136.137:82/live1/jsb.m3u8?id=lgs&usign=tnO5JvE7EOUNT8al6DLMiw
中央新影-老故事,http://38.75.136.137:82/live1/jsb1.m3u8?id=lgs&usign=tnO5JvE7EOUNT8al6DLMiw
精选粤语dj串烧,https://www.iesdouyin.com/aweme/v1/playwm/?video_id=v0300fg10000cpucv77og65tcsi9n2hg∶=720p&line=0
顺德DJLwei-全英文Electro音乐百听不厌APT经典金曲DJ串烧,https://mp4.djuu.com/c2/17/2025/78486efeb94e7f79.m4a
郑州1新闻综合,http://1.192.244.238:8188/rtp/239.16.10.154:2000
郑州2商都频道,http://1.192.244.238:8188/rtp/239.16.10.155:2000
郑州3文体旅游,http://1.192.244.238:8188/rtp/239.16.10.156:2000
郑州4豫剧频道,http://1.192.244.238:8188/rtp/239.16.10.157:2000
郑州5妇女儿童,http://1.192.244.238:8188/rtp/239.16.10.158:2000
郑州6都市生活,http://1.192.244.238:8188/rtp/239.16.10.159:2000
洛阳-1新闻综合,http://1.192.244.238:8188/rtp/239.16.20.179:11790
洛阳-2科教频道,http://1.192.244.238:8188/rtp/239.16.20.177:11770
洛阳-3文旅频道,http://1.192.244.238:8188/rtp/239.16.20.178:11780
ä¸æ¹å«è§,http://112.46.85.60:8009/hls/31/index.m3u8
ä¸åå«è§,http://61.136.172.236:9901/tsfile/live/0137_1.m3u8
ä¸åå«è§,http://123.130.84.106:8154/tsfile/live/0137_1.m3u8
ä¸åå«è§,http://123.130.84.106:8154/tsfile/live/0137_1.m3u8?key=txiptv&playlive=1&authid=0
中央新影-老故事,http://38.75.136.137:82/live1/jsb.m3u8?id=lgs&ip=whus19&usign=tnO5JvE7EOUNT8al6DLMiw
思南Dj禹豪-全英文Electro精选Right Now经典包房慢摇串烧,https://mp4.djuu.com/c2/17/2024/048c01b9d4f5dc5b.m4a
中山Dj添仔-全粤语Electro风格90后热播远途望出车外串烧,https://mp4.djuu.com/c2/16/2025/b32dcc1dc2767643.m4a
阳山辉仔-全粤语Electro音乐打造粤E173AJ车载,https://mp4.djuu.com/c2/16/2025/0cdb0fe9277a48f4.m4a
Dj柏豪-全粤语Electro音乐我的骄傲16号爱人Dj星仔专属串烧,https://mp4.djuu.com/c2/16/2025/fc06603b2c9c6a24.m4a
Dj钟仔-全粤语Electro风格港台情歌对碰吴雨霏vs关心妍DJ串烧,https://mp4.djuu.com/c2/16/2025/0c30fc654c36ebe2.m4a
仙村Dj健仔-全粤语Electro音乐中文流行热播车载DJ慢摇串烧,https://mp4.djuu.com/c2/16/2025/b0cd93e548b83c5f.m4a
郁南DJ筱何-全粤语Electro音乐精选个人开始恋爱的DJ串烧,https://mp4.djuu.com/c2/16/2025/0b6860ae467410a1.m4a
DJ小超-全粤语Electro音乐精选2025经典宝丽金DJ慢摇串烧,https://mp4.djuu.com/c2/16/2025/a65d68e2c7ca00ac.m4a
Dj维少-全粤语Electro精选苦情人情歌高音质DJ车载串烧,https://mp4.djuu.com/c2/16/2025/38470f92aff3f280.m4a
DJ傑少-全粤语Electro音乐结他恋爱如何天平坐劲爆DJ串烧,https://mp4.djuu.com/c2/16/2025/8ffc09282d550467.m4a
Dj维少-全粤语Electro音乐精选16号爱人高音质车载串烧,https://mp4.djuu.com/c2/16/2025/e013a85c41c6c479.m4a
ä¸åå«è§,http://61.136.172.236:9901/tsfile/live/0137_1.m3u8?key=txiptv&playlive=1&authid=0
南阳1新闻综合,http://1.192.244.238:8188/rtp/239.16.10.58:2000
南阳2公共频道,http://1.192.244.238:8188/rtp/239.16.10.165:2000
中央新影-老故事,http://38.75.136.137:82/live2/bfgd.m3u8?id=4200000166&usign=tnO5JvE7EOUNT8al6DLMiw
中央新影-老故事,http://38.75.136.137:82/live1/jdtv2.m3u8?id=lgs&usign=tnO5JvE7EOUNT8al6DLMiw
中央新影-老故事,http://38.75.136.137:82/live1/jdtv2.m3u8?id=lgs&usign=tnO5JvE7EOUNT8al6DLMiw
中央新影-中学生,http://38.75.136.137:82/live1/jdtv2.m3u8?id=zxs&usign=tnO5JvE7EOUNT8al6DLMiw
中央新影-中学生,http://38.75.136.137:82/live1/jdtv2.m3u8?id=zxs&usign=tnO5JvE7EOUNT8al6DLMiw
中央新影-发现之旅,http://38.75.136.137:82/live1/jsb.m3u8?id=fxzl&usign=tnO5JvE7EOUNT8al6DLMiw
中央新影-发现之旅,https://hlsbkmgsplive.miguvideo.com/wd_r3/cnr/faxianzhilv/2000/01.m3u8?&HlsSubType=&encrypt=
中央新影-发现之旅,https://hlsbkmgsplive.miguvideo.com/wd_r3/cnr/faxianzhilv/1000/01.m3u8?&HlsSubType=&encrypt=
中央新影-发现之旅,http://38.75.136.137:82/live1/jsb1.m3u8?id=fxzl&usign=tnO5JvE7EOUNT8al6DLMiw
中央新影-发现之旅,http://38.75.136.137:82/live1/jsb.m3u8?id=fxzl&ip=whus19&usign=tnO5JvE7EOUNT8al6DLMiw
中央新影-发现之旅,http://38.75.136.137:82/live2/bfgd.m3u8?id=4200000151&usign=tnO5JvE7EOUNT8al6DLMiw
中央新影-发现之旅,http://38.75.136.137:82/live1/jdtv2.m3u8?id=fxzl&usign=tnO5JvE7EOUNT8al6DLMiw
中央新影-发现之旅,http://38.75.136.137:82/live1/jdtv2.m3u8?id=fxzl&usign=tnO5JvE7EOUNT8al6DLMiw
早期教育,http://38.75.136.137:82/live1/jsb.m3u8?id=zqjy&usign=tnO5JvE7EOUNT8al6DLMiw
早期教育,http://38.75.136.137:82/live1/jsb1.m3u8?id=zqjy&usign=tnO5JvE7EOUNT8al6DLMiw
早期教育,http://38.75.136.137:82/live1/jsb.m3u8?id=zqjy&ip=whus20&usign=tnO5JvE7EOUNT8al6DLMiw
早期教育,http://38.75.136.137:82/live1/jdtv2.m3u8?id=zqjy&usign=tnO5JvE7EOUNT8al6DLMiw
早期教育,http://38.75.136.137:82/live1/jdtv2.m3u8?id=zqjy&usign=tnO5JvE7EOUNT8al6DLMiw
书画频道,http://211.103.180.178:8234/live_hls/hdmi.m3u8
书画频道,http://38.75.136.137:82/live2/bfgd.m3u8?id=4200000180&usign=tnO5JvE7EOUNT8al6DLMiw
书画频道,http://38.75.136.137:82/live1/jdtv2.m3u8?id=shpd&usign=tnO5JvE7EOUNT8al6DLMiw
南阳3科教频道,http://1.192.244.238:8188/rtp/239.16.10.164:2000
ä¸åå«è§,http://drive.mxmy.net:8888/udp/239.3.1.156:8148
çèå«è§,http://live.zohi.tv/video/s10001-fztv-3/index.m3u8
DjMut-全粤语Electro精选广东小丸子vs广西科目老表串烧,https://mp4.djuu.com/c2/16/2025/df52073c940e645f.m4a
天心Dj炜-全粤语Electro音乐飞花细界经典港风DJ串烧,https://mp4.djuu.com/c2/16/2025/717718324a98d401.m4a
DJ珺宝-全粤语Electro音乐抖音热播全女声专辑车载串烧,https://mp4.djuu.com/c2/16/2025/154b9db16b9c2203.m4a
天心Dj炜-全粤语Electro音乐打造百听不厌包房必备Hi串,https://mp4.djuu.com/c2/16/2025/994ed34bb17d07db.m4a
刘波-全粤语Electro音乐打造百听不厌车载v79串烧,https://mp4.djuu.com/c2/16/2025/54d15d8040f8256f.m4a
DJ傑少-全粤语Electro音乐受够我的骄傲全女声动感DJ串烧,https://mp4.djuu.com/c2/16/2025/72ad9cbcca850695.m4a
DjErwin-全粤语Electro音乐不只爱情粤式情歌劲爆DJ串烧,https://mp4.djuu.com/c2/16/2025/4331430d1d6a6b5e.m4a
书画频道,http://38.75.136.137:82/live1/jdtv2.m3u8?id=shpd&usign=tnO5JvE7EOUNT8al6DLMiw
中国天气,http://38.75.136.137:82/live1/jsb.m3u8?id=zgqx&usign=tnO5JvE7EOUNT8al6DLMiw
中国天气,http://38.75.136.137:82/live1/jsb1.m3u8?id=zgqx&usign=tnO5JvE7EOUNT8al6DLMiw
周口公共频道,http://1.192.244.238:8188/rtp/239.16.10.172:2000
周口教育频道,http://1.192.244.238:8188/rtp/239.16.10.173:2000
çèå«è§,http://218.13.170.98:9901/tsfile/live/0141_1.m3u8
çèå«è§,http://cssbyd.imwork.net:8082/hls/48/index.m3u8
çèå«è§,http://123.130.84.106:8154/tsfile/live/0141_1.m3u8?key=txiptv&playlive=1&authid=0
çèå«è§,http://183.11.239.36:808/hls/119/index.m3u8
å¹¿ä¸å«è§,https://txmov2.a.kwimgs.com/upic/2023/01/26/09/BMjAyMzAxMjYwOTE3NDVfNzM5MzQzNzIyXzk0NjI1OTUwNTA3XzBfMw==_b_B81ddda927d33445d544befd008e60109.mp4
å¹¿ä¸å«è§,http://124.116.183.146:9901/tsfile/live/0125_1.m3u8
å¹¿ä¸å«è§,http://123.130.84.106:8154/tsfile/live/0125_1.m3u8
å¹¿ä¸å«è§,http://61.136.172.236:9901/tsfile/live/0125_1.m3u8
å¹¿ä¸å«è§,http://59.39.89.130:60901/tsfile/live/0125_1.m3u8?key=txiptv&playlive=1&authid=0
å¹¿è¥¿å«è§,https://hlscdn.liangtv.cn/live/de0f97348eb84f62aa6b7d8cf0430770/dd505d87880c478f901f38560ca4d4e6.m3u8
å¹¿è¥¿å«è§,http://183.11.239.36:808/hls/56/index.m3u8
å¹¿è¥¿å«è§,http://222.134.245.16:9901/tsfile/live/0113_1.m3u8
å¹¿è¥¿å«è§,http://123.130.84.106:8154/tsfile/live/0113_1.m3u8
å¹¿è¥¿å«è§,http://61.136.172.236:9901/tsfile/live/0113_1.m3u8
è´µå·å«è§,http://222.169.85.8:9901/tsfile/live/0120_1.m3u8
è´µå·å«è§,http://182.150.23.74:808/hls/26/index.m3u8
è´µå·å«è§,http://61.136.172.236:9901/tsfile/live/0120_1.m3u8
è´µå·å«è§,http://59.39.89.130:60901/tsfile/live/0125_15.m3u8?key=txiptv&playlive=1&authid=0
è´µå·å«è§,http://123.130.84.106:8154/tsfile/live/0120_1.m3u8?key=txiptv&playlive=1&authid=0
æµ·åå«è§,http://cssbyd.imwork.net:8082/hls/31/index.m3u8
æµ·åå«è§,http://183.223.157.33:9901/tsfile/live/1008_1.m3u8?key=txiptv&playlive=1&authid=0
周口新闻综合,http://1.192.244.238:8188/rtp/239.16.10.59:2000
切换EXO解码,1
Nevada,https://www.iesdouyin.com/aweme/v1/playwm/?video_id=v0300ff30000but4f2452a13sf6temog∶=720p&line=0
中国天气,http://hls.weathertv.cn/tslslive/qCFIfHB/hls/live_sd.m3u8
中国天气,http://38.75.136.137:82/live1/jdtv2.m3u8?id=zgqx&usign=tnO5JvE7EOUNT8al6DLMiw
中国天气,http://38.75.136.137:82/live1/jdtv2.m3u8?id=zgqx&usign=tnO5JvE7EOUNT8al6DLMiw
百姓健康,https://play-hsbj.vzan.com/2146882248/645899275683339739/live.m3u8
百姓健康,http://38.75.136.137:82/live2/bfgd.m3u8?id=4200000219&usign=tnO5JvE7EOUNT8al6DLMiw
百姓健康,http://38.75.136.137:82/live1/jdtv2.m3u8?id=bxjk&usign=tnO5JvE7EOUNT8al6DLMiw
环球购物,http://38.75.136.137:82/live1/jdtv2.m3u8?id=hqgw&usign=tnO5JvE7EOUNT8al6DLMiw
环球购物,http://38.75.136.137:82/live1/jdtv2.m3u8?id=hqgw&usign=tnO5JvE7EOUNT8al6DLMiw
环球奇观,http://38.75.136.137:82/live1/jdtv2.m3u8?id=hqqg&usign=tnO5JvE7EOUNT8al6DLMiw
环球奇观,http://38.75.136.137:82/live1/jdtv2.m3u8?id=hqqg&usign=tnO5JvE7EOUNT8al6DLMiw
央广购物,http://playlive.cnrmall.com/live/cnrxp2019.m3u8
央广购物,rtmp://playlive.cnrmall.com/live/cnrxp2019
央广购物,http://38.75.136.137:82/live1/jdtv2.m3u8?id=yggw&usign=tnO5JvE7EOUNT8al6DLMiw
央广购物,http://38.75.136.137:82/live1/jdtv2.m3u8?id=yggw&usign=tnO5JvE7EOUNT8al6DLMiw
CHC华诚影视,http://38.75.136.137:82/live2/bfgd.m3u8?id=4200000289&usign=tnO5JvE7EOUNT8al6DLMiw
开封1新闻综合,http://1.192.244.238:8188/rtp/239.16.10.57:2000
开封2文化旅游,http://1.192.244.238:8188/rtp/239.16.10.177:2000
æµ·åå«è§,http://111.221.137.234:44330/tsfile/live/0117_1.m3u8?key=txiptv&playlive=0&authid=0
Unstoppable,https://www.iesdouyin.com/aweme/v1/playwm/?video_id=v0200fg10000ce4av3bc77u7mqoje2kg∶=720p&line=0
once upon a time,https://www.iesdouyin.com/aweme/v1/playwm/?video_id=v0200fg10000cumt1mfog65krksdg31g∶=720p&line=0
faded,https://www.iesdouyin.com/aweme/v1/playwm/?video_id=v0d00fg10000ctbhakfog65pugm8msu0∶=720p&line=0
sing me to sleep,https://www.iesdouyin.com/aweme/v1/playwm/?video_id=v0200fg10000clhho2fog65otdj4luag∶=720p&line=0
alone,https://www.iesdouyin.com/aweme/v1/playwm/?video_id=v0300fff0000bugiemqsocvbkm7ilit0∶=720p&line=0
the spectre,https://www.iesdouyin.com/aweme/v1/playwm/?video_id=v0200fg10000ctv3ntnog65htc7dg9k0∶=720p&line=0
oao-wake,https://www.iesdouyin.com/aweme/v1/playwm/?video_id=v0d00fg10000cssap9fog65j9je20u7g∶=720p&line=0
wake,https://www.iesdouyin.com/aweme/v1/playwm/?video_id=v0200fg10000c9pk6hbc77u57r42sd9g∶=720p&line=0
baby,https://www.iesdouyin.com/aweme/v1/playwm/?video_id=v1e00fgi0000ctq63sfog65oesmmlnfg∶=720p&line=0
move up,https://www.iesdouyin.com/aweme/v1/playwm/?video_id=v0300f6d0000c1110e3c60j1d8ttn99g∶=720p&line=0
summer air,https://www.iesdouyin.com/aweme/v1/playwm/?line=0&logo_name=aweme_diversion_search∶=720p&video_id=v0200fg10000cm20flnog65j08qqtmh0
take me hand,https://www.iesdouyin.com/aweme/v1/playwm/?video_id=v0200fg10000clnfk87og65tv4479500∶=720p&line=0
normal no more,https://www.iesdouyin.com/aweme/v1/playwm/?video_id=v0d00fg10000civ51krc77uceq9j09o0∶=720p&line=0
monsters,https://www.iesdouyin.com/aweme/v1/playwm/?video_id=v0300fg10000cl270lfog65hf7m2f3j0∶=720p&line=0
CHC影迷电影,http://38.75.136.137:82/live1/jsb.m3u8?id=chchd&usign=tnO5JvE7EOUNT8al6DLMiw
CHC影迷电影,http://38.75.136.137:82/live1/jsb1.m3u8?id=chchd&usign=tnO5JvE7EOUNT8al6DLMiw
æµ·åå«è§,http://183.11.239.36:808/hls/124/index.m3u8
新乡公共频道,http://1.192.244.238:8188/rtp/239.16.20.154:11540
新乡新闻综合,http://1.192.244.238:8188/rtp/239.16.20.139:11390
焦作公共频道,http://1.192.244.238:8188/rtp/239.16.20.155:11550
焦作综合频道,http://1.192.244.238:8188/rtp/239.16.20.140:11400
漯河新闻综合,http://1.192.244.238:8188/rtp/239.16.10.49:2000
信阳新闻综合,http://1.192.244.238:8188/rtp/239.16.10.52:2000
信阳文旅频道,http://1.192.244.238:8188/rtp/239.16.10.71:2000
封丘1新闻综合,http://1.192.244.238:8188/rtp/239.16.20.19:10190
叶县电视台-1,http://1.192.244.238:8188/rtp/239.16.20.32:10320
新密综合频道,http://1.192.244.238:8188/rtp/239.16.20.41:10410
登封综合频道,http://1.192.244.238:8188/rtp/239.16.20.42:10420
巩义综合频道,http://1.192.244.238:8188/rtp/239.16.20.43:10430
新郑TV-1,http://1.192.244.238:8188/rtp/239.16.20.45:10450
渑池新闻综合,http://1.192.244.238:8188/rtp/239.16.20.47:10470
淅川电视台-1,http://1.192.244.238:8188/rtp/239.16.20.48:10480
新蔡TV,http://1.192.244.238:8188/rtp/239.16.20.49:10490
镇平新闻综合,http://1.192.244.238:8188/rtp/239.16.20.50:10500
宝丰TV-1,http://1.192.244.238:8188/rtp/239.16.20.63:10630
义马综合频道,http://1.192.244.238:8188/rtp/239.16.20.109:11090
鹤壁新闻综合,http://1.192.244.238:8188/rtp/239.16.20.142:11420
安阳新闻综合,http://1.192.244.238:8188/rtp/239.16.20.144:11440
三门峡新闻综合,http://1.192.244.238:8188/rtp/239.16.20.145:11450
卫辉综合频道,http://1.192.244.238:8188/rtp/239.16.20.191:11910
孟津综合综合,http://1.192.244.238:8188/rtp/239.16.20.192:11920
安阳文旅频道,http://1.192.244.238:8188/rtp/239.16.20.193:11930
淇县电视台,http://1.192.244.238:8188/rtp/239.16.20.205:12050
宜阳综合频道,http://1.192.244.238:8188/rtp/239.16.20.206:12060
汝阳综合频道,http://1.192.244.238:8188/rtp/239.16.20.207:12070
原阳电视台,http://1.192.244.238:8188/rtp/239.16.20.208:12080
宝丰-1,http://1.192.244.238:8188/rtp/239.16.20.209:12090
内黄综合频道,http://1.192.244.238:8188/rtp/239.16.20.228:12280
国学频道,http://1.192.244.238:8188/rtp/239.16.20.232:12320
郏县综合频道,http://1.192.244.238:8188/rtp/239.16.20.235:12350
禹州电视台,http://1.192.244.238:8188/rtp/239.16.10.39:2000
杞县新闻综合,http://1.192.244.238:8188/rtp/239.16.10.80:2000
永城新闻联播,http://1.192.244.238:8188/rtp/239.16.10.93:2000
光山综合频道,http://1.192.244.238:8188/rtp/239.16.10.94:2000
上海都市剧场,http://1.192.244.238:8188/rtp/239.16.20.38:10380
上海纪实人文,http://1.192.244.238:8188/rtp/239.16.20.124:11240
上海欢笑剧场,http://1.192.244.238:8188/rtp/239.16.20.39:10390
上海动漫秀场,http://1.192.244.238:8188/rtp/239.16.20.40:10400
上海东方财经,http://1.192.244.238:8188/rtp/239.16.20.64:10640
上海法治天地,http://1.192.244.238:8188/rtp/239.16.20.156:11560
上海乐游纪实,http://1.192.244.238:8188/rtp/239.16.20.111:11110
上海游戏风云,http://1.192.244.238:8188/rtp/239.16.20.112:11120
上海魅力足球,http://1.192.244.238:8188/rtp/239.16.20.113:11130
上海生活时尚,http://1.192.244.238:8188/rtp/239.16.20.114:11140
上海金色学堂,http://1.192.244.238:8188/rtp/239.16.20.115:11150
湖南金鹰纪实,http://1.192.244.238:8188/rtp/239.16.20.153:11530
湖南金鹰卡通,http://1.192.244.238:8188/rtp/239.16.20.104:11040
湖南快乐垂钓,http://1.192.244.238:8188/rtp/239.16.20.67:10670
湖南茶频道,http://1.192.244.238:8188/rtp/239.16.20.68:10680
IPTV导视,http://1.192.244.238:8188/rtp/239.16.10.218:2000
中华特产,http://1.192.244.238:8188/rtp/239.16.20.132:11320
商丘1新闻综合,http://1.192.244.238:8188/rtp/239.16.10.153:2000
商丘2公共频道,http://1.192.244.238:8188/rtp/239.16.10.168:2000
商丘3文体科教,http://1.192.244.238:8188/rtp/239.16.10.169:2000
许昌农业科教,http://1.192.244.238:8188/rtp/239.16.10.60:2000
许昌综合频道,http://1.192.244.238:8188/rtp/239.16.10.47:2000
平顶山新闻综合,http://1.192.244.238:8188/rtp/239.16.20.137:11370
平顶山城市频道,http://1.192.244.238:8188/rtp/239.16.20.151:11510
æµ·å³¡å«è§,http://38.64.72.148:80/hls/modn/list/4009/playlist.m3u8
run free,https://www.iesdouyin.com/aweme/v1/playwm/?video_id=v0300fg10000c6bn043c77u9bihknaj0∶=720p&line=0
remember our summer,https://www.iesdouyin.com/aweme/v1/playwm/?line=0&logo_name=aweme_diversion_search∶=720p&video_id=v0200fg10000cocdiqjc77u8mnj0qmgg
CHC影迷电影,http://38.75.136.137:82/live1/jsb.m3u8?id=chchd&ip=whus10&usign=tnO5JvE7EOUNT8al6DLMiw
CHC影迷电影,http://38.75.136.137:82/live1/jsb.m3u8?id=chchd&ip=whus20&usign=tnO5JvE7EOUNT8al6DLMiw
CHC影迷电影,http://38.75.136.137:82/live1/jdtv2.m3u8?id=chchd&usign=tnO5JvE7EOUNT8al6DLMiw
CHC影迷电影,http://38.75.136.137:82/live1/jdtv2.m3u8?id=chchd&usign=tnO5JvE7EOUNT8al6DLMiw
江苏卫视HD,http://38.75.136.137:82/live1/jstv2.m3u8?id=jswshd&usign=tnO5JvE7EOUNT8al6DLMiw
江苏卫视HD,https://zjcn-live-play.jstv.com/live.m3u8/jswspro.m3u8
平顶山公共频道,http://1.192.244.238:8188/rtp/239.16.20.152:11520
平顶山教育台,http://1.192.244.238:8188/rtp/239.16.20.27:10270
新乡综合频道,http://1.192.244.238:8188/rtp/239.16.20.18:10180
æµ·å³¡å«è§,http://38.64.72.148:80/hls/modn/list/4009/chunklist0.m3u8
lovefool,https://www.iesdouyin.com/aweme/v1/playwm/?video_id=v0200f0c0000c0air5omu7ok6882l380∶=720p&line=0
take me to infinity,https://www.iesdouyin.com/aweme/v1/playwm/?video_id=v0300f2d0000c00mcdk080ke0g3td2eg∶=720p&line=0
call me now,https://www.iesdouyin.com/aweme/v1/playwm/?video_id=v0300fg10000crh7kdvog65s0rf9jp3g∶=720p&line=0
reality,https://www.iesdouyin.com/aweme/v1/playwm/?video_id=v0300f080000c02l8d5f84f3ru33id50∶=720p&line=0
love story,https://www.iesdouyin.com/aweme/v1/playwm/?video_id=v0200f410000buj6ial4q2a6rctrcdv0∶=720p&line=0
Love story,https://www.iesdouyin.com/aweme/v1/playwm/?video_id=v0300fg10000cosdf4bc77uf5rjg3770∶=720p&line=0
窒Suffocating,https://www.iesdouyin.com/aweme/v1/playwm/?video_id=v1e00fgi0000cugku9vog65immg30nmg∶=720p&line=0
时代进行曲,https://www.iesdouyin.com/aweme/v1/playwm/?video_id=v0200fg10000cujiftvog65jokluhvng∶=720p&line=0
that girl,https://www.iesdouyin.com/aweme/v1/playwm/?video_id=v0200fg10000cl1ot2fog65otdmkp0t0∶=720p&line=0
stronger,https://www.iesdouyin.com/aweme/v1/playwm/?video_id=v0200fg10000c63kkorc77u71r5ch5o0∶=720p&line=0
god is a girl,https://www.iesdouyin.com/aweme/v1/playwm/?video_id=v0200fg10000cl4vjifog65htupeja50∶=720p&line=0
江苏卫视HD,http://38.75.136.137:82/live1/jsb.m3u8?id=jswshd&usign=tnO5JvE7EOUNT8al6DLMiw
江苏卫视HD,http://38.75.136.137:82/live1/jstv1.m3u8?id=jswshd&usign=tnO5JvE7EOUNT8al6DLMiw
邓州综合频道,http://1.192.244.238:8188/rtp/239.16.20.20:10200
获嘉综合频道,http://1.192.244.238:8188/rtp/239.16.20.25:10250
æ²³åå«è§,http://61.136.172.236:9901/tsfile/live/0117_1.m3u8
æ²³åå«è§,http://123.130.84.106:8154/tsfile/live/0117_1.m3u8?key=txiptv&playlive=1&authid=0
æ²³åå«è§,http://61.136.172.236:9901/tsfile/live/0117_1.m3u8?key=txiptv&playlive=1&authid=0
æ²³åå«è§,http://drive.mxmy.net:8888/udp/239.3.1.148:8072
æ²³åå«è§,http://112.27.235.94:8000/hls/39/index.m3u8
æ²³åå«è§,http://222.169.85.8:9901/tsfile/live/0139_1.m3u8
æ²³åå«è§,http://182.150.23.74:808/hls/33/index.m3u8
æ²³åå«è§,http://61.136.172.236:9901/tsfile/live/0139_1.m3u8
æ²³åå«è§,http://123.130.84.106:8154/tsfile/live/0139_1.m3u8?key=txiptv&playlive=1&authid=0
æ²³åå«è§,http://61.136.172.236:9901/tsfile/live/0139_1.m3u8?key=txiptv&playlive=1&authid=0
æ¹åå«è§,http://124.116.183.146:9901/tsfile/live/0132_1.m3u8
æ¹åå«è§,http://182.150.23.74:808/hls/28/index.m3u8
æ¹åå«è§,http://123.130.84.106:8154/tsfile/live/0132_1.m3u8
æ¹åå«è§,http://61.136.172.236:9901/tsfile/live/0132_1.m3u8
æ¹åå«è§,http://59.39.89.130:60901/tsfile/live/0125_12.m3u8?key=txiptv&playlive=1&authid=0
æ¹åå«è§,http://hlsal-ldvt.qing.mgtv.com/nn_live/nn_x64/Y2RuZXhfaWQ9YWxfaGxzX2xkdnQmZT02OTE0NjA0JnY9MSZpZD1ITldTWkdTVCZzPTcwN2RiYTc2YzJjNmJmMTQ4MmUyZGYzOWU2NWM3YWFi/HNWSZGST.m3u8
æ¹åå«è§,http://hlsal-ldvt.qing.mgtv.com/nn_live/nn_x64/dWlwPTEyNy4wLjAuMSZ1aWQ9cWluZy1jbXMmbm5fdGltZXpvbmU9OCZjZG5leF9pZD1hbF9obHNfbGR2dCZ1dWlkPTliODY4NmU5ZTM2YzYwMmMmZT02OTE0NjA0JnY9MSZpZD1ITldTWkdTVCZzPTcwN2RiYTc2YzJjNmJmMTQ4MmUyZGYzOWU2NWM3YWFi/HNWSZGST.m3u8
æ¹åå«è§,http://antvlive.ab5c6921.cdnviet.com/antv/playlist.m3u8
平煤安全环保,http://1.192.244.238:8188/rtp/239.16.20.31:10310
江苏卫视HD,http://38.75.136.137:82/live2/jstv.m3u8?id=jswshd&usign=tnO5JvE7EOUNT8al6DLMiw
because of you,https://www.iesdouyin.com/aweme/v1/playwm/?video_id=v0300fg10000cn5vg13c77u9kllf7rng∶=720p&line=0
hero,https://www.iesdouyin.com/aweme/v1/playwm/?line=0&logo_name=aweme_diversion_search∶=720p&video_id=v0200f040000bvqofe74s1nnb5npm2mg
please dont go,https://www.iesdouyin.com/aweme/v1/playwm/?video_id=v0200f180000bvco837d9i7eq4ai1jmg∶=720p&line=0
sweet but psycho,https://www.iesdouyin.com/aweme/v1/playwm/?video_id=v0300fg10000c7hnn53c77uej28ntkig∶=720p&line=0
way back,https://www.iesdouyin.com/aweme/v1/playwm/?video_id=v0200fg10000c4gdkrbc77u8ohrj50n0∶=720p&line=0
anyone of us,https://www.iesdouyin.com/aweme/v1/playwm/?video_id=v0300faf0000c08j4u35esuptakp4ltg∶=720p&line=0
diamonds,https://www.iesdouyin.com/aweme/v1/playwm/?video_id=v0200fe40000bvm4vsl2kepgd0uu7i50∶=720p&line=0
moves like jagger,https://www.iesdouyin.com/aweme/v1/playwm/?video_id=v0300fb10000bvesniikbj343hhac8eg∶=720p&line=0
wakawaka,https://www.iesdouyin.com/aweme/v1/playwm/?video_id=v0300fbe0000buqeue7bs17qid7thla0∶=720p&line=0
Colbie Caillat-Try,https://www.iesdouyin.com/aweme/v1/playwm/?video_id=v0d00fg10000ckblmvrc77u7sbpm2vjg∶=720p&line=0
pink-try,https://www.iesdouyin.com/aweme/v1/playwm/?video_id=v0d00fg10000ctft5s7og65u0hdbnig0∶=720p&line=0
natural,https://www.iesdouyin.com/aweme/v1/playwm/?video_id=v0300fg10000caj6qnrc77u88k20m8jg∶=720p&line=0
rolling in the deep,https://www.iesdouyin.com/aweme/v1/playwm/?video_id=v1e00fgi0000ct11konog65sgjaem0n0∶=720p&line=0
apologize,https://www.iesdouyin.com/aweme/v1/playwm/?video_id=v0300f2b0000btoqjanm1ok3lil6c8f0∶=720p&line=0
salt,https://www.iesdouyin.com/aweme/v1/playwm/?video_id=v1e00fgi0000cstvnkfog65p72v2jrrg∶=720p&line=0b
hymn  for the weekend,https://www.iesdouyin.com/aweme/v1/playwm/?video_id=v0300f360000bv64mkrphouv4f2o1kpg∶=720p&line=0
see you again,https://www.iesdouyin.com/aweme/v1/playwm/?video_id=v0200f3e0000bt8c30sebj9j64kkop2g∶=720p&line=0
江苏卫视HD,http://38.75.136.137:82/live1/jsb1.m3u8?id=jswshd&usign=tnO5JvE7EOUNT8al6DLMiw
江苏卫视HD,https://hlsbkmgsplive.miguvideo.com/migu/kailu/jswshd265/55/20200407/01.m3u8?&HlsSubType=&encrypt=
荥阳综合频道,http://1.192.244.238:8188/rtp/239.16.20.44:10440
健康河南融媒,http://1.192.244.238:8188/rtp/239.16.20.52:10520
灵宝综合频道,http://1.192.244.238:8188/rtp/239.16.20.59:10590
æ¹åå«è§,http://222.169.85.8:9901/tsfile/live/0128_1.m3u8
æ¹åå«è§,http://218.13.170.98:9901/tsfile/live/1001_1.m3u8
åæå«è§,http://cssbyd.imwork.net:8082/hls/41/index.m3u8
åæå«è§,http://123.130.84.106:8154/tsfile/live/0116_1.m3u8
åæå«è§,http://61.136.172.236:9901/tsfile/live/0116_1.m3u8
åæå«è§,http://59.39.89.130:60901/tsfile/live/0125_19.m3u8?key=txiptv&playlive=1&authid=0
åæå«è§,http://223.75.149.129:9906/tsfile/live/0116_1.m3u8?key=txiptv
æ±èå«è§,http://112.46.85.60:8009/hls/33/index.m3u8
æ±èå«è§,http://218.13.170.98:9901/tsfile/live/1003_1.m3u8
æ±èå«è§,http://182.150.23.74:808/hls/18/index.m3u8
æ±èå«è§,http://123.130.84.106:8154/tsfile/live/0127_1.m3u8
æ±èå«è§,http://61.136.172.236:9901/tsfile/live/0127_1.m3u8
æ±è¥¿å«è§,http://222.169.85.8:9901/tsfile/live/0138_1.m3u8
æ±è¥¿å«è§,http://112.27.235.94:8000/hls/44/index.m3u8
æ±è¥¿å«è§,http://61.136.172.236:9901/tsfile/live/0138_1.m3u8
æ±è¥¿å«è§,http://59.39.89.130:60901/tsfile/live/0125_10.m3u8?key=txiptv&playlive=1&authid=0
æ±è¥¿å«è§,http://123.130.84.106:8154/tsfile/live/0138_1.m3u8?key=txiptv&playlive=1&authid=0
è¾½å®å«è§,http://123.130.84.106:8154/tsfile/live/0121_1.m3u8
è¾½å®å«è§,http://61.136.172.236:9901/tsfile/live/0121_1.m3u8
è¾½å®å«è§,http://112.27.235.94:8000/hls/47/index.m3u8
è¾½å®å«è§,http://59.39.89.130:60901/tsfile/live/0125_13.m3u8?key=txiptv&playlive=1&authid=0
è¾½å®å«è§,http://123.130.84.106:8154/tsfile/live/0121_1.m3u8?key=txiptv&playlive=1&authid=0
江苏卫视HD,https://hlsbkmgsplive.miguvideo.com/migu/kailu/jswshd265/54/20200407/01.m3u8?&HlsSubType=&encrypt=
渑池新闻综合,http://1.192.244.238:8188/rtp/239.16.20.135:11350
济源-1,http://1.192.244.238:8188/rtp/239.16.20.174:11740
right now,https://www.iesdouyin.com/aweme/v1/playwm/?video_id=v0200f4e0000bs8n4m6fbk5pph8knf2g∶=720p&line=0
something just like this,https://www.iesdouyin.com/aweme/v1/playwm/?video_id=v0d00fg10000cs4hhsvog65kgk2fa28g∶=720p&line=0
umbrella,https://www.iesdouyin.com/aweme/v1/playwm/?video_id=v0300fg10000c75hnj3c77uboleql2vg∶=720p&line=0
legends never die,https://www.iesdouyin.com/aweme/v1/playwm/?video_id=v0300fff0000bujdacisocvbkm7qhtqg∶=720p&line=0
love the way you lie,https://www.iesdouyin.com/aweme/v1/playwm/?video_id=v0300fg10000csk8qsvog65nldrobpag∶=720p&line=0
lone Ranger,https://www.iesdouyin.com/aweme/v1/playwm/?video_id=v0200fg10000c67opt3c77u4kb9gjuu0∶=720p&line=0
insomnia,https://www.iesdouyin.com/aweme/v1/playwm/?video_id=v0200fg10000cmso8mjc77u3n6klkh40∶=720p&line=0
Victory,https://www.iesdouyin.com/aweme/v1/playwm/?video_id=v0200f310000bt8c32klftubd6erb6ig∶=720p&line=0
Star Sky,https://www.iesdouyin.com/aweme/v1/playwm/?video_id=v0300f9c0000bt8c32me4f98gqkmvu00∶=720p&line=0
shape of you,https://www.iesdouyin.com/aweme/v1/playwm/?video_id=v0200f060000bsvqd8hl43bkt6rc4sv0∶=720p&line=0
booty music,https://www.iesdouyin.com/aweme/v1/playwm/?video_id=v0d00fg10000cjm702jc77ue24dr770g∶=720p&line=0
far away from home,https://www.iesdouyin.com/aweme/v1/playwm/?video_id=v0200fg10000ca1ttbrc77u57r2ktc0g∶=720p&line=0
move your body,https://www.iesdouyin.com/aweme/v1/playwm/?video_id=v0200fg10000clkl27bc77u100fn3qo0∶=720p&line=0
shots,https://www.iesdouyin.com/aweme/v1/playwm/?video_id=v1e00fgi0000ctqgk5vog65vl902jf8g∶=720p&line=0
we don't talk anymore,https://www.iesdouyin.com/aweme/v1/playwm/?video_id=v0200fg10000cfb0e4bc77u38s842ah0∶=720p&line=0
call me maybe,https://www.iesdouyin.com/aweme/v1/playwm/?video_id=v0300fg10000csl040fog65p2l58uqdg∶=720p&line=0
江苏卫视HD,http://38.75.136.137:82/live2/jsqx1.m3u8?id=jswshd&usign=tnO5JvE7EOUNT8al6DLMiw
å®å¤å«è§,http://222.169.85.8:9901/tsfile/live/0112_1.m3u8
濮阳新闻综合,http://1.192.244.238:8188/rtp/239.16.20.175:11750
濮阳公共频道,http://1.192.244.238:8188/rtp/239.16.20.184:11840
新县综合频道,http://1.192.244.238:8188/rtp/239.16.20.183:11830
延津电视台,http://1.192.244.238:8188/rtp/239.16.20.210:12100
大象新闻,http://1.192.244.238:8188/rtp/239.16.20.216:12160
大剧院,http://1.192.244.238:8188/rtp/239.16.20.217:12170
舞钢电视台-1,http://1.192.244.238:8188/rtp/239.16.20.227:12270
嵩县综合新闻,http://1.192.244.238:8188/rtp/239.16.20.234:12340
浉河广电中心,http://1.192.244.238:8188/rtp/239.16.10.72:2000
平桥广电中心,http://1.192.244.238:8188/rtp/239.16.10.73:2000
郸城,http://1.192.244.238:8188/rtp/239.16.10.84:2000
唐河TV-1,http://1.192.244.238:8188/rtp/239.16.10.95:2000
上蔡-1,http://1.192.244.238:8188/rtp/239.16.10.97:2000
舞阳新闻综合,http://1.192.244.238:8188/rtp/239.16.10.179:2000
临颍综合频道,http://1.192.244.238:8188/rtp/239.16.10.180:2000
项城电视台,http://1.192.244.238:8188/rtp/239.16.10.214:2000
九屏直播频道,http://121.29.215.51:2083/rtp/239.253.92.203:6150
河北经济生活,http://121.29.215.51:2083/rtp/239.253.92.171:6001
河北都市频道,http://121.29.215.51:2083/rtp/239.253.92.172:6002
河北影视剧频道,http://121.29.215.51:2083/rtp/239.253.92.173:6003
河北少儿科教,http://121.29.215.51:2083/rtp/239.253.92.174:6004
河北文旅公共,http://121.29.215.51:2083/rtp/239.253.92.175:6005
河北三农频道,http://121.29.215.51:2083/rtp/239.253.92.176:6006
睛彩河北,http://121.29.215.51:2083/rtp/239.253.92.104:6221
å®å¤å«è§,http://cssbyd.imwork.net:8082/hls/45/index.m3u8
the day you went away,https://www.iesdouyin.com/aweme/v1/playwm/?video_id=v0d00fg10000crchtlnog65ud12ifgd0∶=720p&line=0
bad romance,https://www.iesdouyin.com/aweme/v1/playwm/?video_id=v0200fg10000cv55iuvog65uhoogkirg∶=720p&line=0
江苏卫视HD,http://38.75.136.137:82/live1/jsb.m3u8?id=jswshd&ip=whus26&usign=tnO5JvE7EOUNT8al6DLMiw
江苏卫视HD,http://38.75.136.137:82/live1/jsb.m3u8?id=jswshd&ip=whus29&usign=tnO5JvE7EOUNT8al6DLMiw
江苏卫视HD,http://38.75.136.137:82/live1/jsb.m3u8?id=jswshd&ip=whus05&usign=tnO5JvE7EOUNT8al6DLMiw
江苏卫视HD,https://zjcn-live-play.jstv.com/live.m3u8/jsws_live.m3u8
江苏卫视HD,http://38.75.136.137:82/live2/jsqx.m3u8?id=jswshd&usign=tnO5JvE7EOUNT8al6DLMiw
江苏卫视HD,http://38.75.136.137:82/live1/jdtv2.m3u8?id=jswshd&usign=tnO5JvE7EOUNT8al6DLMiw
江苏卫视HD,http://38.75.136.137:82/live1/jdtv2.m3u8?isp=dx&id=jswshd&usign=tnO5JvE7EOUNT8al6DLMiw
江苏卫视HD,http://38.75.136.137:82/live1/jdtv2.m3u8?id=jswshd&usign=tnO5JvE7EOUNT8al6DLMiw
江苏卫视HD,http://38.75.136.137:82/live1/jdtv2.m3u8?isp=lt&id=jswshd&usign=tnO5JvE7EOUNT8al6DLMiw
江苏卫视HD,http://38.75.136.137:82/live2/bfgd.m3u8?id=4200000085&usign=tnO5JvE7EOUNT8al6DLMiw
浙江卫视HD,http://38.75.136.137:82/live1/zjtv1.m3u8?id=zjwshd&usign=tnO5JvE7EOUNT8al6DLMiw
浙江卫视HD,http://38.75.136.137:82/live1/jsb.m3u8?id=zjwshd&usign=tnO5JvE7EOUNT8al6DLMiw
浙江卫视HD,https://play-qukan.cztv.com/live/1746687468244305.m3u8
浙江卫视HD,http://38.75.136.137:82/live1/jsb1.m3u8?id=zjwshd&usign=tnO5JvE7EOUNT8al6DLMiw
浙江卫视HD,http://38.75.136.137:82/live1/jsb.m3u8?id=zjwshd&ip=whus21&usign=tnO5JvE7EOUNT8al6DLMiw
浙江卫视HD,http://38.75.136.137:82/live1/jsb.m3u8?id=zjwshd&ip=whus05&usign=tnO5JvE7EOUNT8al6DLMiw
浙江卫视HD,http://38.75.136.137:82/live1/zjtv.m3u8?id=zjwshd&usign=tnO5JvE7EOUNT8al6DLMiw
浙江卫视HD,http://38.75.136.137:82/live1/jdtv2.m3u8?isp=lt&id=zjwshd&usign=tnO5JvE7EOUNT8al6DLMiw
浙江卫视HD,http://38.75.136.137:82/live1/zjtv2.m3u8?id=zjwshd&usign=tnO5JvE7EOUNT8al6DLMiw
浙江卫视HD,http://38.75.136.137:82/live1/jdtv2.m3u8?id=zjwshd&usign=tnO5JvE7EOUNT8al6DLMiw
浙江卫视HD,http://38.75.136.137:82/live1/jdtv2.m3u8?id=zjwshd&usign=tnO5JvE7EOUNT8al6DLMiw
浙江卫视HD,http://ali-m-l.cztv.com/channels/lantian/channel001/1080p.m3u8
浙江卫视HD,http://38.75.136.137:82/live1/jdtv2.m3u8?isp=dx&id=zjwshd&usign=tnO5JvE7EOUNT8al6DLMiw
浙江卫视HD,http://38.75.136.137:82/live2/bfgd.m3u8?id=4200000094&usign=tnO5JvE7EOUNT8al6DLMiw
东方卫视HD,http://38.75.136.137:82/live1/jsb.m3u8?id=dfwshd&usign=tnO5JvE7EOUNT8al6DLMiw
the cure,https://www.iesdouyin.com/aweme/v1/playwm/?video_id=v0200fg10000ctc4cd7og65hrog41isg∶=720p&line=0
CCTV电视指南,http://121.29.215.51:2083/rtp/239.253.93.249:6427
石家庄新闻综合,http://121.29.215.51:2083/rtp/239.253.92.149:6035
å®å¤å«è§,http://183.11.239.36:808/hls/106/index.m3u8
åæå«è§,http://124.116.183.146:9901/tsfile/live/1004_1.m3u8
åæå«è§,http://124.116.183.146:9901/tsfile/live/1004_1.m3u8?key=txiptv&playlive=1&authid=0
éæµ·å«è§,http://123.130.84.106:8154/tsfile/live/0140_1.m3u8
éæµ·å«è§,http://123.130.84.106:8154/tsfile/live/0140_1.m3u8?key=txiptv&playlive=1&authid=0
å¦é¨å«è§,http://183.11.239.36:808/hls/17/index.m3u8
å±±ä¸å«è§,http://222.169.85.8:9901/tsfile/live/0131_1.m3u8
å±±ä¸å«è§,http://123.130.84.106:8154/tsfile/live/0131_1.m3u8
å±±ä¸å«è§,http://61.136.172.236:9901/tsfile/live/0131_1.m3u8
å±±ä¸å«è§,http://123.130.84.106:8154/tsfile/live/0131_1.m3u8?key=txiptv&playlive=1&authid=0
å±±ä¸å«è§,http://61.136.172.236:9901/tsfile/live/0131_1.m3u8?key=txiptv&playlive=1&authid=0
å±±è¥¿å«è§,http://119.39.9.8:9901/tsfile/live/0118_1.m3u8
å±±è¥¿å«è§,http://112.27.235.94:8000/hls/45/index.m3u8
éè¥¿å«è§,http://112.27.235.94:8000/hls/43/index.m3u8
ä¸æµ·å«è§,http://112.27.235.94:8000/hls/28/index.m3u8
æ·±å³å«è§,http://182.150.23.74:808/hls/20/index.m3u8
æ·±å³å«è§,http://124.116.183.146:9901/tsfile/live/0126_1.m3u8
æ·±å³å«è§,http://112.27.235.94:8000/hls/33/index.m3u8
æ·±å³å«è§,http://38.64.72.148:80/hls/modn/list/4007/playlist.m3u8
æ·±å³å«è§,http://61.136.172.236:9901/tsfile/live/0126_1.m3u8
石家庄文化娱乐,http://121.29.215.51:2083/rtp/239.253.92.93:8120
石家庄城市服务,http://121.29.215.51:2083/rtp/239.253.92.94:8121
i want you to know,https://www.iesdouyin.com/aweme/v1/playwm/?video_id=v0200fg10000cvn75nnog65u3q261730∶=720p&line=0
东方卫视HD,https://hlsbkmgsplive.miguvideo.com/wd_r4/dfl/dongfangwshd/3000/01.m3u8?&HlsSubType=&encrypt=
东方卫视HD,https://hlsbkmgsplive.miguvideo.com/wd_r4/dfl/dongfangwshd/1200/01.m3u8?&HlsSubType=&encrypt=
东方卫视HD,http://38.75.136.137:82/live1/dsdq.m3u8?id=dfwshd&usign=tnO5JvE7EOUNT8al6DLMiw
东方卫视HD,http://38.75.136.137:82/live1/jsb1.m3u8?id=dfwshd&usign=tnO5JvE7EOUNT8al6DLMiw
东方卫视HD,https://hlsbkmgsplive.miguvideo.com/migu/kailu/dongfanghd265/57/20191230/01.m3u8?&HlsSubType=&encrypt=
东方卫视HD,https://hlsbkmgsplive.miguvideo.com/migu/kailu/dongfanghd265/51/20191230/01.m3u8?&HlsSubType=&encrypt=
东方卫视HD,http://38.75.136.137:82/live1/jsb.m3u8?id=dfwshd&ip=whus13&usign=tnO5JvE7EOUNT8al6DLMiw
东方卫视HD,http://38.75.136.137:82/live1/jsb.m3u8?id=dfwshd&ip=whus04&usign=tnO5JvE7EOUNT8al6DLMiw
东方卫视HD,http://38.75.136.137:82/live1/jsb.m3u8?id=dfwshd&ip=psus01&usign=tnO5JvE7EOUNT8al6DLMiw
东方卫视HD,http://38.75.136.137:82/live1/jdtv2.m3u8?id=dfwshd&usign=tnO5JvE7EOUNT8al6DLMiw
东方卫视HD,http://38.75.136.137:82/live1/jdtv2.m3u8?id=dfwshd&usign=tnO5JvE7EOUNT8al6DLMiw
东方卫视HD,http://38.75.136.137:82/live1/jdtv2.m3u8?isp=dx&id=dfwshd&usign=tnO5JvE7EOUNT8al6DLMiw
东方卫视HD,http://38.75.136.137:82/live1/jdtv2.m3u8?isp=lt&id=dfwshd&usign=tnO5JvE7EOUNT8al6DLMiw
东方卫视HD,http://38.75.136.137:82/live2/bfgd.m3u8?id=4200000093&usign=tnO5JvE7EOUNT8al6DLMiw
广东卫视HD,http://38.75.136.137:82/live2/gdtv.m3u8?id=gdwshd&usign=tnO5JvE7EOUNT8al6DLMiw
广东卫视HD,http://38.75.136.137:82/live1/jsb.m3u8?id=gdwshd&usign=tnO5JvE7EOUNT8al6DLMiw
广东卫视HD,https://hlsbkmgsplive.miguvideo.com/ws_w/gdws/gdws3000/3000/01.m3u8?&HlsSubType=&encrypt=
广东卫视HD,https://hlsbkmgsplive.miguvideo.com/ws_w/2018/gdws/gdws2000/2000/01.m3u8?&HlsSubType=&encrypt=
广东卫视HD,http://38.75.136.137:82/live1/jsb1.m3u8?id=gdwshd&usign=tnO5JvE7EOUNT8al6DLMiw
广东卫视HD,https://hlsbkmgsplive.miguvideo.com/migu/kailu/gdwshd265/55/20200407/01.m3u8?&HlsSubType=&encrypt=
广东卫视HD,https://hlsbkmgsplive.miguvideo.com/migu/kailu/gdwshd265/54/20200407/01.m3u8?&HlsSubType=&encrypt=
广东卫视HD,http://38.75.136.137:82/live1/jsb.m3u8?id=gdwshd&ip=whus30&usign=tnO5JvE7EOUNT8al6DLMiw
广东卫视HD,http://38.75.136.137:82/live1/jsb.m3u8?id=gdwshd&ip=whus21&usign=tnO5JvE7EOUNT8al6DLMiw
广东卫视HD,http://38.75.136.137:82/live1/jdtv2.m3u8?id=gdwshd&usign=tnO5JvE7EOUNT8al6DLMiw
广东卫视HD,http://38.75.136.137:82/live1/jdtv2.m3u8?isp=dx&id=gdwshd&usign=tnO5JvE7EOUNT8al6DLMiw
承德新闻综合,http://121.29.215.51:2083/rtp/239.253.92.222:8112
Love You like a Love Song,https://www.iesdouyin.com/aweme/v1/playwm/?video_id=v0200fg10000cnbjh5rc77u8no9th78g∶=720p&line=0
wolves,https://www.iesdouyin.com/aweme/v1/playwm/?video_id=v0200f3e0000bt8c32cebj9j64kkp230∶=720p&line=0
åå·å«è§,http://183.223.157.33:9901/tsfile/live/0123_1.m3u8?key=txiptv&playlive=1&authid=0
åå·å«è§,http://182.150.23.74:808/hls/38/index.m3u8
åå·å«è§,http://124.116.183.146:9901/tsfile/live/0123_1.m3u8
åå·å«è§,http://222.169.85.8:9901/tsfile/live/0123_1.m3u8
åå·å«è§,http://222.134.245.16:9901/tsfile/live/0123_1.m3u8
å¤©æ´¥å«è§,http://222.169.85.8:9901/tsfile/live/0135_1.m3u8
å¤©æ´¥å«è§,http://182.150.23.74:808/hls/27/index.m3u8
å¤©æ´¥å«è§,http://124.116.183.146:9901/tsfile/live/0135_1.m3u8
å¤©æ´¥å«è§,http://183.11.239.36:808/hls/42/index.m3u8
å¤©æ´¥å«è§,http://123.130.84.106:8154/tsfile/live/0135_1.m3u8
è¥¿èå«è§,http://cssbyd.imwork.net:8082/hls/46/index.m3u8
è¥¿èå«è§,http://183.11.239.36:808/hls/64/index.m3u8
æ°çå«è§,http://183.11.239.36:808/hls/65/index.m3u8
æ°çå«è§,http://222.169.85.8:9901/tsfile/live/0110_1.m3u8
æ°çå«è§,http://218.84.12.186:8001/hls/main/playlist.m3u8?zxinjd;http://218.84.12.186:8001/hls/main/playlist.m3u8zxinjd
æ°çå«è§,http://123.130.84.106:8154/tsfile/live/0110_1.m3u8?key=txiptv&playlive=1&authid=0
å»¶è¾¹å«è§,http://l.cztvcloud.com/channels/lantian/SXxinchang2/720p.m3u8#
å»¶è¾¹å«è§,https://srs.iyb983.cn:443/video/CYS/index.m3u8
å»¶è¾¹å«è§,https://srs.iyb983.cn/video/CYS/index.m3u8
å»¶è¾¹å«è§,http://gmxw.7766.org:808/hls/15/index.m3u8
äºåå«è§,http://123.130.84.106:8154/tsfile/live/0119_1.m3u8
äºåå«è§,http://59.39.89.130:60901/tsfile/live/0125_18.m3u8?key=txiptv&playlive=1&authid=0
Reality,https://www.iesdouyin.com/aweme/v1/playwm/?video_id=v0200fb00000bup46gpu718r2jkqr92g∶=720p&line=0
承德旅游文化,http://121.29.215.51:2083/rtp/239.253.92.223:8113
广东卫视HD,http://38.75.136.137:82/live1/jdtv2.m3u8?isp=lt&id=gdwshd&usign=tnO5JvE7EOUNT8al6DLMiw
广东卫视HD,http://38.75.136.137:82/live2/bfgd.m3u8?id=4200000092&usign=tnO5JvE7EOUNT8al6DLMiw
深圳卫视HD,http://38.75.136.137:82/live1/jsb.m3u8?id=szwshd&usign=tnO5JvE7EOUNT8al6DLMiw
深圳卫视HD,http://38.75.136.137:82/live1/jsb1.m3u8?id=szwshd&usign=tnO5JvE7EOUNT8al6DLMiw
深圳卫视HD,http://38.75.136.137:82/live1/jsb.m3u8?id=szwshd&ip=whus30&usign=tnO5JvE7EOUNT8al6DLMiw
深圳卫视HD,http://38.75.136.137:82/live1/jsb.m3u8?id=szwshd&ip=whus21&usign=tnO5JvE7EOUNT8al6DLMiw
深圳卫视HD,http://38.75.136.137:82/live1/jdtv2.m3u8?isp=lt&id=szwshd&usign=tnO5JvE7EOUNT8al6DLMiw
深圳卫视HD,http://38.75.136.137:82/live1/jdtv2.m3u8?id=szwshd&usign=tnO5JvE7EOUNT8al6DLMiw
深圳卫视HD,http://38.75.136.137:82/live1/jdtv2.m3u8?id=szwshd&usign=tnO5JvE7EOUNT8al6DLMiw
深圳卫视HD,http://38.75.136.137:82/live1/jdtv2.m3u8?isp=dx&id=szwshd&usign=tnO5JvE7EOUNT8al6DLMiw
深圳卫视HD,http://38.75.136.137:82/live2/bfgd.m3u8?id=4200000100&usign=tnO5JvE7EOUNT8al6DLMiw
天津卫视HD,http://38.75.136.137:82/live1/jsb.m3u8?id=tjwshd&usign=tnO5JvE7EOUNT8al6DLMiw
天津卫视HD,http://38.75.136.137:82/live1/jsb1.m3u8?id=tjwshd&usign=tnO5JvE7EOUNT8al6DLMiw
You Don't Know me,https://www.iesdouyin.com/aweme/v1/playwm/?video_id=v0200ffd0000bughtrht4rmmsdcm6fu0∶=720p&line=0
äºåå«è§,http://123.130.84.106:8154/tsfile/live/0119_1.m3u8?key=txiptv&playlive=1&authid=0
秦皇岛新闻综合,http://121.29.215.51:2083/rtp/239.253.92.52:6021
秦皇岛公共频道,http://121.29.215.51:2083/rtp/239.253.92.53:6022
唐山新闻综合,http://121.29.215.51:2083/rtp/239.253.92.245:6089
唐山生活服务,http://121.29.215.51:2083/rtp/239.253.92.126:6026
唐山影视频道,http://121.29.215.51:2083/rtp/239.253.92.127:6027
唐山公共频道,http://121.29.215.51:2083/rtp/239.253.92.128:6028
廊坊新闻综合,http://121.29.215.51:2083/rtp/239.253.92.164:6036
廊坊生活频道,http://121.29.215.51:2083/rtp/239.253.92.166:6037
保定新闻综合,http://121.29.215.51:2083/rtp/239.253.93.2:6153
保定公共频道,http://121.29.215.51:2083/rtp/239.253.93.4:6157
保定生活健康,http://121.29.215.51:2083/rtp/239.253.93.5:6158
衡水新闻综合,http://121.29.215.51:2083/rtp/239.253.93.3:6154
衡水经济科教,http://121.29.215.51:2083/rtp/239.253.93.7:6160
邢台综合频道,http://121.29.215.51:2083/rtp/239.253.93.8:6161
邢台城市生活,http://121.29.215.51:2083/rtp/239.253.93.10:6163
邯郸新闻综合,http://121.29.215.51:2083/rtp/239.253.93.11:6164
äºåå«è§,http://222.169.85.8:9901/tsfile/live/0119_1.m3u8
I do,https://www.iesdouyin.com/aweme/v1/playwm/?video_id=v0200f260000bu416dd6mgceo9a0ume0∶=720p&line=0
天津卫视HD,http://38.75.136.137:82/live1/jsb.m3u8?id=tjwshd&ip=whus12&usign=tnO5JvE7EOUNT8al6DLMiw
天津卫视HD,http://38.75.136.137:82/live1/jsb.m3u8?id=tjwshd&ip=whus05&usign=tnO5JvE7EOUNT8al6DLMiw
天津卫视HD,http://38.75.136.137:82/live1/jdtv2.m3u8?isp=lt&id=tjwshd&usign=tnO5JvE7EOUNT8al6DLMiw
天津卫视HD,http://38.75.136.137:82/live1/jdtv2.m3u8?id=tjwshd&usign=tnO5JvE7EOUNT8al6DLMiw
天津卫视HD,http://38.75.136.137:82/live1/jdtv2.m3u8?id=tjwshd&usign=tnO5JvE7EOUNT8al6DLMiw
天津卫视HD,http://38.75.136.137:82/live1/jdtv2.m3u8?isp=dx&id=tjwshd&usign=tnO5JvE7EOUNT8al6DLMiw
山东卫视HD,http://38.75.136.137:82/live1/jsb.m3u8?id=sdwshd&usign=tnO5JvE7EOUNT8al6DLMiw
山东卫视HD,https://hlsbkmgsplive.miguvideo.com/wd_r4/yg/shandongwshd/3000/01.m3u8?&HlsSubType=&encrypt=
山东卫视HD,https://hlsbkmgsplive.miguvideo.com/wd-shandonghd-1200/01.m3u8?&HlsSubType=&encrypt=
山东卫视HD,http://38.75.136.137:82/live1/jsb1.m3u8?id=sdwshd&usign=tnO5JvE7EOUNT8al6DLMiw
山东卫视HD,http://38.75.136.137:82/live1/jsb.m3u8?id=sdwshd&ip=whus12&usign=tnO5JvE7EOUNT8al6DLMiw
山东卫视HD,http://38.75.136.137:82/live1/jsb.m3u8?id=sdwshd&ip=whus05&usign=tnO5JvE7EOUNT8al6DLMiw
山东卫视HD,http://38.75.136.137:82/live1/jdtv2.m3u8?isp=lt&id=sdwshd&usign=tnO5JvE7EOUNT8al6DLMiw
山东卫视HD,http://38.75.136.137:82/live1/jdtv2.m3u8?id=sdwshd&usign=tnO5JvE7EOUNT8al6DLMiw
邯郸公共频道,http://121.29.215.51:2083/rtp/239.253.93.12:6165
邯郸科技教育,http://121.29.215.51:2083/rtp/239.253.93.13:6166
äºåå«è§,http://182.150.23.74:808/hls/29/index.m3u8
æµæ±å«è§,http://ali-m-l.cztv.com:80/channels/lantian/channel001/1080p.m3u8
Free Loop,https://www.iesdouyin.com/aweme/v1/playwm/?video_id=v0200fd90000bu2n37d2kepoqmgibfng∶=720p&line=0
good time,https://www.iesdouyin.com/aweme/v1/playwm/?video_id=v0300f0e0000btpfugg6de4h3n78ccig∶=720p&line=0
Talking to the moon,https://www.iesdouyin.com/aweme/v1/playwm/?video_id=v0300f0e0000btktaso6de4h3n6m8mug∶=720p&line=0
That's Why You Go Away,https://www.iesdouyin.com/aweme/v1/playwm/?video_id=v0300f2b0000btjbvrnm1ok3likh5big∶=720p&line=0
Nothing's gonna change my love for you,https://www.iesdouyin.com/aweme/v1/playwm/?video_id=v0200f680000btisjnvh3f2dgbhasf6g∶=720p&line=0
Burning,https://www.iesdouyin.com/aweme/v1/playwm/?video_id=v0300f2b0000bti8l4nm1ok3like33ag∶=720p&line=0
My Love,https://www.iesdouyin.com/aweme/v1/playwm/?video_id=v0200f050000bt8c30ibn0fk5akcthh0∶=720p&line=0
Trouble Is a Friend,https://www.iesdouyin.com/aweme/v1/playwm/?video_id=v0300fg10000ce4sahbc77u86e1eone0∶=720p&line=0
fire,https://www.iesdouyin.com/aweme/v1/playwm/?video_id=v0300f7e0000bt9epjpk950m5pm5itog∶=720p&line=0
Cry On My Shoulder,https://www.iesdouyin.com/aweme/v1/playwm/?video_id=v0200f560000bt8c31an6tf9cl2gpmsg∶=720p&line=0
Dance Monkey,https://www.iesdouyin.com/aweme/v1/playwm/?video_id=v0200f310000bt8c334lftubd6erba3g∶=720p&line=0
heartbeats,https://www.iesdouyin.com/aweme/v1/playwm/?video_id=v0300fg10000clm5h5vog65n7m96h5o0∶=720p&line=0
山东卫视HD,http://38.75.136.137:82/live1/jdtv2.m3u8?id=sdwshd&usign=tnO5JvE7EOUNT8al6DLMiw
高邑融媒,http://121.29.215.51:2083/rtp/239.253.92.160:6041
æµæ±å«è§,http://ali-m-l.cztv.com/channels/lantian/channel01/1080p.m3u8
æµæ±å«è§,http://ali-m-l.cztv.com/channels/lantian/channel001/1080p.m3u8
æµæ±å«è§,http://ali-xwl.cztv.com/live/channel011080Plxw.m3u8
æµæ±å«è§,https://ali-m-l.cztv.com/channels/lantian/channel001/1080p.m3u8
éåºå«è§,http://222.169.85.8:9901/tsfile/live/0142_1.m3u8
éåºå«è§,http://124.116.183.146:9901/tsfile/live/0142_1.m3u8
éåºå«è§,http://61.136.172.236:9901/tsfile/live/0142_1.m3u8
éåºå«è§,http://123.130.84.106:8154/tsfile/live/0142_1.m3u8
éåºå«è§,http://123.130.84.106:8154/tsfile/live/0142_1.m3u8?key=txiptv&playlive=1&authid=0
å®å¤å«è§,https://liveout.xntv.tv/a65jur/96iln2.m3u8
ä¸æ¹å«è§,https://txmov2.a.kwimgs.com/bs3/video-hls/5219953535631090825_hlsb.m3u8
ä¸æ¹å«è§,http://bp-resource-dfl.bestv.cn/155/3/video.m3u8
ä¸æ¹å«è§,http://bp-resource-dfl.bestv.cn/148/3/video.m3u8
ä¸æ¹å«è§,http://218.13.170.98:9901/tsfile/live/1010_1.m3u8
ä¸æ¹å«è§,http://112.46.85.60:8009/hls/31/index.m3u8
here with me,https://www.iesdouyin.com/aweme/v1/playwm/?video_id=v0300fg10000cl898rnog65i0hbffnv0∶=720p&line=0
山东卫视HD,http://38.75.136.137:82/live1/jdtv2.m3u8?isp=dx&id=sdwshd&usign=tnO5JvE7EOUNT8al6DLMiw
山东卫视HD,http://38.75.136.137:82/live2/bfgd.m3u8?id=4200000099&usign=tnO5JvE7EOUNT8al6DLMiw
井陉矿区电视台,http://121.29.215.51:2083/rtp/239.253.92.215:6067
深泽综合频道,http://121.29.215.51:2083/rtp/239.253.94.31:6630
赵县电视台,http://121.29.215.51:2083/rtp/239.253.93.140:6308
晋州综合频道,http://121.29.215.51:2083/rtp/239.253.93.156:6324
井陉综合频道,http://121.29.215.51:2083/rtp/239.253.93.205:6383
平泉综合频道,http://121.29.215.51:2083/rtp/239.253.92.156:6012
兴隆综合频道,http://121.29.215.51:2083/rtp/239.253.93.104:6271
隆化综合频道,http://121.29.215.51:2083/rtp/239.253.93.174:6342
承德县电视台,http://121.29.215.51:2083/rtp/239.253.94.28:6627
崇礼融媒体中心,http://121.29.215.51:2083/rtp/239.253.93.147:6315
康保综合频道,http://121.29.215.51:2083/rtp/239.253.93.165:6333
遵化综合频道,http://121.29.215.51:2083/rtp/239.253.93.177:6345
滦南综合频道,http://121.29.215.51:2083/rtp/239.253.92.218:6100
玉田综合频道,http://121.29.215.51:2083/rtp/239.253.92.118:6133
大厂融媒体中心,http://121.29.215.51:2083/rtp/239.253.92.253:6244
三河综合频道,http://121.29.215.51:2083/rtp/239.253.93.143:6311
成安综合频道,http://121.29.215.51:2083/rtp/239.253.93.178:6346
魏县综合新闻,http://121.29.215.51:2083/rtp/239.253.93.185:6353
黄骅电视台,http://121.29.215.51:2083/rtp/239.253.92.183:6047
吴桥综合频道,http://121.29.215.51:2083/rtp/239.253.93.169:6337
阜平电视台,http://121.29.215.51:2083/rtp/239.253.93.16:6169
涞水综合频道,http://121.29.215.51:2083/rtp/239.253.93.17:6170
涞源综合频道,http://121.29.215.51:2083/rtp/239.253.93.22:6175
高碑店综合频道,http://121.29.215.51:2083/rtp/239.253.93.23:6176
涿州电视台,http://121.29.215.51:2083/rtp/239.253.93.27:6180
湖北卫视HD,http://38.75.136.137:82/live1/jsb.m3u8?id=hbwshd&usign=tnO5JvE7EOUNT8al6DLMiw
moshi moshi,https://www.iesdouyin.com/aweme/v1/playwm/?video_id=v0200fg10000cl4vd2vog65v766s3lag∶=720p&line=0
until you,https://www.iesdouyin.com/aweme/v1/playwm/?video_id=v0200fg10000cl2e71fog65v764v4ibg∶=720p&line=0
ä¸æµ·å«è§,http://112.27.235.94:8000/hls/28/index.m3u8
å¤§æ¹¾åºå«è§,http://222.128.55.152:9080/live/dwq.m3u8
å¤§æ¹¾åºå«è§,http://gmxw.7766.org:808/hls/132/index.m3u8
å¤§æ¹¾åºå«è§,http://183.11.239.36:808/hls/132/index.m3u8
é»é¾æ±å«è§,https://idclive.hljtv.com:4430/live/hljws_own.m3u8
é»é¾æ±å«è§,http://218.13.170.98:9901/tsfile/live/1006_1.m3u8
é»é¾æ±å«è§,http://183.11.239.36:808/hls/48/index.m3u8
é»é¾æ±å«è§,http://124.116.183.146:9901/tsfile/live/0143_1.m3u8
é»é¾æ±å«è§,http://123.130.84.106:8154/tsfile/live/0143_1.m3u8
åèå¤å«è§,http://cssbyd.imwork.net:8082/hls/44/index.m3u8
åèå¤å«è§,http://222.134.245.16:9901/tsfile/live/0109_1.m3u8
åèå¤å«è§,http://183.11.239.36:808/hls/60/index.m3u8
åèå¤å«è§,http://123.130.84.106:8154/tsfile/live/0109_1.m3u8
åèå¤å«è§,http://112.27.235.94:8000/hls/49/index.m3u8
å±±ä¸æè²,https://test1.live.sdetv.com.cn/live/dianshizhibo/playlist.m3u8
äººé´å«è§,https://5ddce30eb4b55.streamlock.net/bltvhd/bltv1/chunklist_w511254805.m3u8
äººé´å«è§,http://61.216.67.119:1935/bltvhd/bltv1/chunklist_w1266569526.m3u
ä¸æ¹å«è§4K,https://bp-resource-dfl.bestv.cn/148/3/video.m3u8
èå·4K,https://tylive.kan0512.com/norecord/csztv4k_4k.m3u8
CHCå®¶åº­å½±é¢,http://61.162.52.6:8088/newlive/live/hls/60/live.m3u8
CHCçµå½±,http://183.237.95.108:9901/tsfile/live/1008_1.m3u8?key=txiptv&playlive=0&authid=0
as long as you love me,https://www.iesdouyin.com/aweme/v1/playwm/?video_id=v0300fg10000cl271gfog65vcqh4qbq0∶=720p&line=0
唐县综合频道,http://121.29.215.51:2083/rtp/239.253.93.30:6183
曲阳电视台,http://121.29.215.51:2083/rtp/239.253.93.31:6184
湖北卫视HD,https://hlsbkmgsplive.miguvideo.com/wd_r2/2018/ocn/hubeiwshd/2000/01.m3u8?&HlsSubType=&encrypt=
湖北卫视HD,http://38.75.136.137:82/live1/jsb1.m3u8?id=hbwshd&usign=tnO5JvE7EOUNT8al6DLMiw
湖北卫视HD,https://hlsbkmgsplive.miguvideo.com/migu/kailu/hbwshd265/55/20200407/01.m3u8?&HlsSubType=&encrypt=
湖北卫视HD,https://hlsbkmgsplive.miguvideo.com/migu/kailu/hbwshd265/54/20200407/01.m3u8?&HlsSubType=&encrypt=
湖北卫视HD,http://38.75.136.137:82/live1/jsb.m3u8?id=hbwshd&ip=whus11&usign=tnO5JvE7EOUNT8al6DLMiw
湖北卫视HD,http://38.75.136.137:82/live2/hbtv.m3u8?id=hbwshd&usign=tnO5JvE7EOUNT8al6DLMiw
湖北卫视HD,http://38.75.136.137:82/live1/jsb.m3u8?id=hbwshd&ip=whus05&usign=tnO5JvE7EOUNT8al6DLMiw
湖北卫视HD,http://38.75.136.137:82/live1/jdtv2.m3u8?id=hbwshd&usign=tnO5JvE7EOUNT8al6DLMiw
湖北卫视HD,http://38.75.136.137:82/live1/jdtv2.m3u8?isp=dx&id=hbwshd&usign=tnO5JvE7EOUNT8al6DLMiw
湖北卫视HD,http://38.75.136.137:82/live1/jdtv2.m3u8?isp=lt&id=hbwshd&usign=tnO5JvE7EOUNT8al6DLMiw
湖北卫视HD,http://38.75.136.137:82/live2/bfgd.m3u8?id=4200000102&usign=tnO5JvE7EOUNT8al6DLMiw
黑龙江卫视HD,https://idclive.hljtv.com:4430/live/hljws_own.m3u8
黑龙江卫视HD,http://38.75.136.137:82/live1/jsb.m3u8?id=hljwshd&usign=tnO5JvE7EOUNT8al6DLMiw
黑龙江卫视HD,http://38.75.136.137:82/live1/jsb1.m3u8?id=hljwshd&usign=tnO5JvE7EOUNT8al6DLMiw
黑龙江卫视HD,http://38.75.136.137:82/live1/jsb.m3u8?id=hljwshd&ip=whus04&usign=tnO5JvE7EOUNT8al6DLMiw
黑龙江卫视HD,http://38.75.136.137:82/live1/jsb.m3u8?id=hljwshd&ip=whus07&usign=tnO5JvE7EOUNT8al6DLMiw
ä¸é³å½±è§çæ´»,http://l.cztvcloud.com/channels/lantian/SXdongyang1/720p.m3u8
定州新闻综合,http://121.29.215.51:2083/rtp/239.253.93.95:6260
临城新闻频道,http://121.29.215.51:2083/rtp/239.253.93.167:6335
dancing with your ghost,https://www.iesdouyin.com/aweme/v1/playwm/?line=0&logo_name=aweme_diversion_search∶=720p&video_id=v1e00fgi0000ctf6s1vog65kfs6o3iq0
Creepin' Up On You,https://www.iesdouyin.com/aweme/v1/playwm/?video_id=v0200fg10000cq5ji0vog65vhisof6m0∶=720p&line=0
Dilemma,https://www.iesdouyin.com/aweme/v1/playwm/?video_id=v0200fg10000cq4uhjvog65ui5mm0pcg∶=720p&line=0
Anyone Of Us,https://m.douyin.com/aweme/v1/playwm/?video_id=v0200fg10000cq49ctvog65h6153dks0∶=720p&line=0
Pretty Boy,https://www.iesdouyin.com/aweme/v1/playwm/?video_id=v0200fg10000cpv0lcnog65imtn4isig∶=720p&line=0
poker face,https://www.iesdouyin.com/aweme/v1/playwm/?line=0&logo_name=aweme_diversion_search∶=720p&video_id=v0200fg10000cpoe5uvog65h83t50rsg
Please Don't Go,https://www.iesdouyin.com/aweme/v1/playwm/?video_id=v0200fg10000cpl46avog65gueg43ogg∶=720p&line=0
this Is what you came for,https://www.iesdouyin.com/aweme/v1/playwm/?video_id=v0200fg10000cpeh6v7og65u1fbjqs9g∶=720p&line=0
I Wanted You,https://www.iesdouyin.com/aweme/v1/playwm/?video_id=v0200fg10000cpchumnog65q36id9o10∶=720p&line=0
Dusk Till Dawn,https://www.iesdouyin.com/aweme/v1/playwm/?video_id=v0200fg10000cp9tgnnog65mqc12febg∶=720p&line=0
outside,https://www.iesdouyin.com/aweme/v1/playwm/?video_id=v0200fg10000cp8jcdnog65ic6gplqf0∶=720p&line=0
Fool for you,https://www.iesdouyin.com/aweme/v1/playwm/?video_id=v0200fg10000cp79alnog65ukeu0tka0∶=720p&line=0
黑龙江卫视HD,http://38.75.136.137:82/live1/jsb.m3u8?id=hljwshd&ip=whus16&usign=tnO5JvE7EOUNT8al6DLMiw
äººå¨å§é,https://vip.ffzy-play.com/20221018/1953_2d6ba500/index.m3u8
äººå¨å§éä¹æ³°å§,https://vip.ffzy-play.com/20221018/1951_47e1adc8/index.m3u8
柏乡综合频道,http://121.29.215.51:2083/rtp/239.253.93.171:6339
徐水电视台,http://121.29.215.51:2083/rtp/239.253.93.182:6350
临西综合频道,http://121.29.215.51:2083/rtp/239.253.94.29:6628
安平综合频道,http://121.29.215.51:2083/rtp/239.253.93.36:6189
景县综合频道,http://121.29.215.51:2083/rtp/239.253.93.38:6191
饶阳电视台,http://121.29.215.51:2083/rtp/239.253.93.40:6193
深州新闻综合,http://121.29.215.51:2083/rtp/239.253.93.42:6195
故城电视台,http://121.29.215.51:2083/rtp/239.253.93.161:6329
枣强综合频道,http://121.29.215.51:2083/rtp/239.253.93.166:6334
清河电视台,http://121.29.215.51:2083/rtp/239.253.93.44:6197
武安新闻综合,http://121.29.215.51:2083/rtp/239.253.93.62:6215
鸡泽新闻综合,http://121.29.215.51:2083/rtp/239.253.93.64:6219
内丘电视台,http://121.29.215.51:2083/rtp/239.253.93.102:6268
涉县新闻综合,http://121.29.215.51:2083/rtp/239.253.93.106:6273
CETV早期教育,http://121.29.215.51:2083/rtp/239.253.93.164:6440
CCTV4K超高清,http://121.29.215.51:2083/rtp/239.253.92.219:6228
北京纪实科教,http://121.29.215.51:2083/rtp/239.253.93.190:6358
TiK ToK,https://www.iesdouyin.com/aweme/v1/playwm/?video_id=v0200fg10000cp3amqjc77u4t8chnn9g∶=720p&line=0
黑龙江卫视HD,http://38.75.136.137:82/live1/jdtv2.m3u8?id=hljwshd&usign=tnO5JvE7EOUNT8al6DLMiw
äººå¨å§éä¹æ¸¯å§,https://vip.ffzy-play7.com/20230112/11082_fde1a94d/index.m3u8
å©å¥³å¹½é­äººé´é,http://jsmov2.a.yximgs.com/bs3/video-hls/5250634317044855747_hlsb.m3u8
å©å¥³å¹½é­å¦é­é,http://jsmov2.a.yximgs.com/bs3/video-hls/5232901391302199073_hlsb.m3u8
å©å¥³å¹½é­ééé,http://jsmov2.a.yximgs.com/bs3/video-hls/5216294367991385255_hlsb.m3u8
å°å°å½±å§,http://www.goodiptv.club/douyu/74374
ååå½±é¢,http://www.goodiptv.club/douyu/747764
åè¯­å½±è§,http://www.goodiptv.club/douyu/3928
åå®å½±è§å¨±ä¹,http://hls.nntv.cn/nnlive/YSYL_244.m3u8
å¤è£æ­¦ä¾,http://www.goodiptv.club/douyu/2793084
åå°æ»¨å½±è§,http://stream.hrbtv.net/yspd/sd/live.m3u8?zheild
å¯æ,https://vip.ffzy-play6.com/20221019/157_bf0740ee/index.m3u8
æä¸æ¯è¯ç¥,https://vip.ffzy-play1.com/20221018/478_c3afed66/index.m3u8
æå¼¹ä¸å®¶1,https://vip.ffzy-online.com/20221015/719_80ff87c2/index.m3u8
æå¼¹ä¸å®¶2,https://vip.ffzy-online.com/20221015/722_e32c42bc/index.m3u8
æ©è®°æ¸¯å§,http://www.goodiptv.club/douyu/4549169
æµæ±æç§å½±è§,https://ali-m-l.cztv.com/channels/lantian/channel004/1080p.m3u8
æµæ±æç§å½±è§,http://ali-xwl.cztv.com/live/channel041080Plxw.m3u8
æµæ±æç§å½±è§,http://ali-m-l.cztv.com/channels/lantian/channel04/1080p.m3u8
æµæ±æç§å½±è§,http://ali-vl.cztv.com/channels/lantian/channel004/360p.m3u8
æµæ±æç§å½±è§,http://ali-xwl.cztv.com/live/channel04720Plxw.m3u8
ç­é¨æ¸¯å§,http://www.goodiptv.club/douyu/5522351
çµå½±å«ç¹æ¡£,http://live.metshop.top/huya/880261?cdn=alicdn
çµå½±åå¾·å,http://live.metshop.top/huya/11342424?cdn=alicdn
çµå½±åå¤«ç,http://live.metshop.top/huya/11352941?cdn=alicdn
çµå½±å¨ä½çµå½±,http://live.metshop.top/huya/11602077?cdn=alicdn
çµå½±æäºç,http://live.metshop.top/huya/21059574?cdn=alicdn
çµå½±æç¬åå§,http://live.metshop.top/huya/11342423?cdn=alicdn
çµå½±æ¢å®¶è¾,http://live.metshop.top/huya/11342429?cdn=alicdn
çµå½±èèä¾,http://live.metshop.top/huya/21059599?cdn=alicdn
çµå½±è°æ,http://live.metshop.top/huya/21059585?cdn=alicdn
çµå½±è°æç,http://live.metshop.top/huya/21059587?cdn=alicdn
çµå½±è´ºå²,http://live.metshop.top/huya/11601971?cdn=alicdn
çµå½±é«åå¨ä½,http://live.metshop.top/huya/11352884?cdn=alicdn
Alone-marshmello,https://www.iesdouyin.com/aweme/v1/playwm/?video_id=v0200f290000brtup22lsr1a6l8qmgn0∶=720p&line=0
金鹰卡通,http://121.29.215.51:2083/rtp/239.253.92.163:8055
黑龙江卫视HD,http://38.75.136.137:82/live1/jdtv2.m3u8?isp=dx&id=hljwshd&usign=tnO5JvE7EOUNT8al6DLMiw
黑龙江卫视HD,http://38.75.136.137:82/live1/jdtv2.m3u8?isp=lt&id=hljwshd&usign=tnO5JvE7EOUNT8al6DLMiw
黑龙江卫视HD,http://38.75.136.137:82/live1/jdtv2.m3u8?id=hljwshd&usign=tnO5JvE7EOUNT8al6DLMiw
黑龙江卫视HD,http://38.75.136.137:82/live2/bfgd.m3u8?id=4200000095&usign=tnO5JvE7EOUNT8al6DLMiw
河北卫视HD,http://38.75.136.137:82/live1/hetv.m3u8?id=hews&usign=tnO5JvE7EOUNT8al6DLMiw
河北卫视HD,http://38.75.136.137:82/live1/jsb.m3u8?id=hewshd&usign=tnO5JvE7EOUNT8al6DLMiw
河北卫视HD,http://38.75.136.137:82/live1/jsb1.m3u8?id=hewshd&usign=tnO5JvE7EOUNT8al6DLMiw
河北卫视HD,http://38.75.136.137:82/live1/jsb.m3u8?id=hewshd&ip=whus22&usign=tnO5JvE7EOUNT8al6DLMiw
河北卫视HD,http://38.75.136.137:82/live1/jsb.m3u8?id=hewshd&ip=whus07&usign=tnO5JvE7EOUNT8al6DLMiw
河北卫视HD,http://38.75.136.137:82/live1/jdtv2.m3u8?id=hewshd&usign=tnO5JvE7EOUNT8al6DLMiw
河北卫视HD,http://38.75.136.137:82/live1/jdtv2.m3u8?isp=dx&id=hewshd&usign=tnO5JvE7EOUNT8al6DLMiw
河北卫视HD,http://38.75.136.137:82/live1/jdtv2.m3u8?id=hewshd&usign=tnO5JvE7EOUNT8al6DLMiw
河北卫视HD,http://38.75.136.137:82/live1/jdtv2.m3u8?isp=lt&id=hewshd&usign=tnO5JvE7EOUNT8al6DLMiw
河北卫视HD,http://38.75.136.137:82/live2/bfgd.m3u8?id=4200000108&usign=tnO5JvE7EOUNT8al6DLMiw
安徽卫视HD,http://38.75.136.137:82/live1/jsb.m3u8?id=ahwshd&usign=tnO5JvE7EOUNT8al6DLMiw
安徽卫视HD,http://38.75.136.137:82/live1/jsb1.m3u8?id=ahwshd&usign=tnO5JvE7EOUNT8al6DLMiw
安徽卫视HD,http://38.75.136.137:82/live1/jsb.m3u8?id=ahwshd&ip=whus28&usign=tnO5JvE7EOUNT8al6DLMiw
安徽卫视HD,http://38.75.136.137:82/live1/jsb.m3u8?id=ahwshd&ip=whus13&usign=tnO5JvE7EOUNT8al6DLMiw
安徽卫视HD,http://38.75.136.137:82/live1/jdtv2.m3u8?id=ahwshd&usign=tnO5JvE7EOUNT8al6DLMiw
安徽卫视HD,http://38.75.136.137:82/live1/ahtv2.m3u8?id=ahwshd&kdsplayer=media&usign=tnO5JvE7EOUNT8al6DLMiw
安徽卫视HD,http://38.75.136.137:82/live1/jdtv2.m3u8?isp=dx&id=ahwshd&usign=tnO5JvE7EOUNT8al6DLMiw
安徽卫视HD,http://38.75.136.137:82/live1/jdtv2.m3u8?isp=lt&id=ahwshd&usign=tnO5JvE7EOUNT8al6DLMiw
安徽卫视HD,http://38.75.136.137:82/live1/jdtv2.m3u8?id=ahwshd&usign=tnO5JvE7EOUNT8al6DLMiw
安徽卫视HD,http://38.75.136.137:82/live2/bfgd.m3u8?id=4200000096&usign=tnO5JvE7EOUNT8al6DLMiw
辽宁卫视HD,http://38.75.136.137:82/live1/jsb.m3u8?id=lnwshd&usign=tnO5JvE7EOUNT8al6DLMiw
辽宁卫视HD,https://hlsbkmgsplive.miguvideo.com/wd_r2/2018/ocn/liaoningwshd/2000/01.m3u8?&HlsSubType=&encrypt=
辽宁卫视HD,https://hlsbkmgsplive.miguvideo.com/wd_r2/ocn/liaoningwshd/3000/01.m3u8?&HlsSubType=&encrypt=
辽宁卫视HD,http://38.75.136.137:82/live1/jsb1.m3u8?id=lnwshd&usign=tnO5JvE7EOUNT8al6DLMiw
辽宁卫视HD,https://hlsbkmgsplive.miguvideo.com/migu/kailu/lnwshd265/55/20200407/01.m3u8?&HlsSubType=&encrypt=
Sold Out,https://www.iesdouyin.com/aweme/v1/playwm/?video_id=v0200fg10000coop9krc77u2ah4aikq0∶=720p&line=0
ç¾äºçµå½±,http://zjrtv.vip/live/?tbs=mydy
è®©å­å¼¹é£,https://vip.ffzy-play7.com/20230116/11563_b9f44814/index.m3u8
金鹰纪实,http://121.29.215.51:2083/rtp/239.253.92.103:6054
茶频道,http://121.29.215.51:2083/rtp/239.253.93.212:6390
河南文物宝库,http://121.29.215.51:2083/rtp/239.253.93.180:6437
河南梨园频道,http://121.29.215.51:2083/rtp/239.253.93.133:6441
河南武术世界,http://121.29.215.51:2083/rtp/239.253.93.46:6434
羽毛球专区,http://121.29.215.51:2083/rtp/239.253.93.202:6380
中国交通频道,http://121.29.215.51:2083/rtp/239.253.93.189:6357
中华特产,http://121.29.215.51:2083/rtp/239.253.93.242:6420
CCTV4K超高清,http://121.29.215.51:2083/rtp/239.253.93.134:6631
CGTN英语,http://121.29.215.51:2083/rtp/239.253.92.15:8011
CGTN纪录,http://121.29.215.51:2083/rtp/239.253.93.195:6373
CGTN西班牙语,http://121.29.215.51:2083/rtp/239.253.93.196:6374
CGTN阿拉伯语,http://121.29.215.51:2083/rtp/239.253.93.198:6376
CGTN俄语,http://121.29.215.51:2083/rtp/239.253.93.199:6377
卡酷少儿,http://121.29.215.51:2083/rtp/239.253.92.162:8054
嘉佳卡通,http://121.29.215.51:2083/rtp/239.253.93.203:6381
优漫卡通,http://121.29.215.51:2083/rtp/239.253.93.204:6382
山东教育卫视,http://121.29.215.51:2083/rtp/239.253.92.106:6135
沧州新闻综合,http://121.29.215.51:2083/rtp/239.253.92.121:6015
沧州公共,http://121.29.215.51:2083/rtp/239.253.92.122:6016
沧州影视娱乐,http://121.29.215.51:2083/rtp/239.253.92.123:6017
栾城电视,http://121.29.215.51:2083/rtp/239.253.92.187:6051
滦平电视,http://121.29.215.51:2083/rtp/239.253.92.100:6142
双滦电视,http://121.29.215.51:2083/rtp/239.253.92.147:6224
赞皇电视,http://121.29.215.51:2083/rtp/239.253.92.12:6042
宽城新闻,http://121.29.215.51:2083/rtp/239.253.93.117:6019
任泽电视,http://121.29.215.51:2083/rtp/239.253.93.145:6313
邯山电视,http://121.29.215.51:2083/rtp/239.253.93.146:6314
顺平电视,http://121.29.215.51:2083/rtp/239.253.93.148:6316
尚义电视,http://121.29.215.51:2083/rtp/239.253.93.163:6331
赤城电视,http://121.29.215.51:2083/rtp/239.253.93.160:6328
昌黎电视,http://121.29.215.51:2083/rtp/239.253.92.109:6217
抚宁电视,http://121.29.215.51:2083/rtp/239.253.93.201:6379
卢龙电视,http://121.29.215.51:2083/rtp/239.253.93.206:6384
丰南电视,http://121.29.215.51:2083/rtp/239.253.92.231:6070
迁西电视,http://121.29.215.51:2083/rtp/239.253.92.247:6091
滦州电视,http://121.29.215.51:2083/rtp/239.253.92.97:6138
大城电视,http://121.29.215.51:2083/rtp/239.253.92.230:6068
辽宁卫视HD,https://hlsbkmgsplive.miguvideo.com/migu/kailu/lnwshd265/54/20200407/01.m3u8?&HlsSubType=&encrypt=
By Your side,https://www.iesdouyin.com/aweme/v1/playwm/?line=0&logo_name=aweme_diversion_search∶=720p&video_id=v0200fg10000cohhg2bc77u7p44oqrsg
è´ç·æ±ç,http://www.goodiptv.club/douyu/9661369
éµæ°å½±é¢,http://www.goodiptv.club/douyu/4246519
é©å½çµå½±1,https://stream.ads.ottera.tv/playlist.m3u8?network_id=595
é©å½çµå½±2,https://stream.ads.ottera.tv/playlist.m3u8?network_id=743
é¾é¨é£ç²,http://jsmov2.a.yximgs.com/bs3/video-hls/5203346449046555193_hlsb.m3u8
åå½é½å¸,https://tencentplay.gztv.com/live/nanguodushi.m3u8?txSecret=550af55c0ea34ce492748481415b6dfa&txTime=1903e7b17de
åå·ç§æ,http://182.150.115.21:8030/pcgacg/pcgacg_0.m3u8
å¡é·å°å¿,http://218.13.170.98:9901/tsfile/live/1021_1.m3u8
éé¹°å¡é,http://183.11.239.36:808/hls/69/index.m3u8
å¹¿ä¸å°å¿,http://gmxw.7766.org:808/hls/175/index.m3u8
æµæ±å°å¿,https://ali-m-l.cztv.com/channels/lantian/channel008/1080p.m3u8
æµæ±å°å¿,https://ali-m-l.cztv.com/channels/lantian/channel008/1080p.m3u8?
æµæ±å°å¿,http://ali-m-l.cztv.com/channels/lantian/channel008/1080p.m3u8
æµæ±å°å¿,http://ali-vl.cztv.com/channels/lantian/channel008/360p.m3u8
ä¸é¾ç,https://live.metshop.top/huya/11601966
固安电视,http://121.29.215.51:2083/rtp/239.253.93.109:6276
辽宁卫视HD,http://38.75.136.137:82/live1/jsb.m3u8?id=lnwshd&ip=whus11&usign=tnO5JvE7EOUNT8al6DLMiw
One Last Time,https://www.iesdouyin.com/aweme/v1/playwm/?video_id=v0200fg10000co6atujc77u007hc7bs0∶=720p&line=0
i want you to know,https://www.iesdouyin.com/aweme/v1/playwm/?video_id=v0d00fg10000cl46f1jc77udgi44b3cg∶=720p&line=0
Nothin' on me,https://www.iesdouyin.com/aweme/v1/playwm/?video_id=v0200fg10000cmm6k83c77u8g6f05uf0∶=720p&line=0
Dancer in the dark,https://www.iesdouyin.com/aweme/v1/playwm/?video_id=v0200fg10000c7qaabrc77ucr5apups0∶=720p&line=0
phut hon,https://www.iesdouyin.com/aweme/v1/playwm/?video_id=v0300fg10000coms82jc77u4flecs0bg∶=720p&line=0
Like I Love you,https://www.iesdouyin.com/aweme/v1/playwm/?video_id=v0200fg10000cj9sd4fog65k6lhdmrp0∶=720p&line=0
Play,https://www.iesdouyin.com/aweme/v1/playwm/?video_id=v0300fg10000ca5nc43c77u72ekj6rpg∶=720p&line=0
I'll Do It,https://www.iesdouyin.com/aweme/v1/playwm/?video_id=v0d00fg10000ch9m0jjc77u31dq1i4b0∶=720p&line=0
touch,https://www.iesdouyin.com/aweme/v1/playwm/?video_id=v0200fg10000cmhn50rc77ucfc970np0∶=720p&line=0
closer,https://www.iesdouyin.com/aweme/v1/playwm/?video_id=v0200fg10000c6c60frc77u7j9o2ecs0∶=720p&line=0
盗源狗si全家 全家下地狱
QQ群,1
593318601,1
扫码进群,https://pan.vma.cc/pan/v/e236ee1b0f91ddbbf6ffee81ed59be0b?ext=mp4
永久免费,3
谨防被骗,4
如果看不了,6
卡顿切换EXO解码,8
换安卓9盒子,7
东方卫视4K,https://bp-resource-dfl.bestv.cn/148/3/video.m3u8
东方卫视4K,http://go.bkpcp.top/mg/dfws
浙江卫视4K,http://ali-xwl.cztv.com/live/channel4k2160p.m3u8
浙江卫视4K,http://go.bkpcp.top/mg/zjws
苏州4K,https://tylive.kan0512.com/norecord/csztv4k_4k.m3u8
河北4K,https://event.pull.hebtv.com:443/live/live101.m3u8
ä¸­åå°å½å®¶,https://live.metshop.top/huya/11342413
辽宁卫视HD,kdsvod://rtmphtml://http://v.91kds.com/b7/lnbdy.m3u8?id=lnwshd&usign=tnO5JvE7EOUNT8al6DLMiw
辽宁卫视HD,http://38.75.136.137:82/live1/jsb.m3u8?id=lnwshd&ip=whus05&usign=tnO5JvE7EOUNT8al6DLMiw
永清电视,http://121.29.215.51:2083/rtp/239.253.93.172:6340
霸州综合,http://121.29.215.51:2083/rtp/239.253.93.209:6387
东光电视,http://121.29.215.51:2083/rtp/239.253.93.96:6262
青县电视,http://121.29.215.51:2083/rtp/239.253.93.139:6307
盐山电视,http://121.29.215.51:2083/rtp/239.253.93.144:6312
南皮电视,http://121.29.215.51:2083/rtp/239.253.93.149:6317
肃宁电视,http://121.29.215.51:2083/rtp/239.253.93.152:6320
丰宁综合,http://121.29.215.51:2083/rtp/239.253.93.210:6388
定兴电视,http://121.29.215.51:2083/rtp/239.253.93.14:6167
满城电视,http://121.29.215.51:2083/rtp/239.253.93.19:6172
清苑电视,http://121.29.215.51:2083/rtp/239.253.93.24:6177
望都电视,http://121.29.215.51:2083/rtp/239.253.93.32:6185
高阳电视,http://121.29.215.51:2083/rtp/239.253.93.105:6272
安新电视,http://121.29.215.51:2083/rtp/239.253.93.107:6274
容城电视,http://121.29.215.51:2083/rtp/239.253.93.110:6277
涿鹿电视,http://121.29.215.51:2083/rtp/239.253.93.181:6349
大名电视,http://121.29.215.51:2083/rtp/239.253.93.186:6354
武强电视,http://121.29.215.51:2083/rtp/239.253.93.79:6245
阜城电视,http://121.29.215.51:2083/rtp/239.253.93.168:6336
广宗电视,http://121.29.215.51:2083/rtp/239.253.93.50:6203
宁晋电视,http://121.29.215.51:2083/rtp/239.253.93.51:6204
平乡电视,http://121.29.215.51:2083/rtp/239.253.93.53:6206
隆尧电视,http://121.29.215.51:2083/rtp/239.253.93.65:6230
广平电视,http://121.29.215.51:2083/rtp/239.253.93.66:6231
南和电视,http://121.29.215.51:2083/rtp/239.253.93.80:6246
临漳电视,http://121.29.215.51:2083/rtp/239.253.93.84:6250
迁安电视,http://121.29.215.51:2083/rtp/239.253.93.113:6280
馆陶电视,http://121.29.215.51:2083/rtp/239.253.93.115:6282
乐亭电视,http://121.29.215.51:2083/rtp/239.253.93.250:6290
沙河电视,http://121.29.215.51:2083/rtp/239.253.93.179:6347
苏州修复4K,http://106.53.99.30/tv/api.php?id=sztv4k
辽宁卫视HD,http://38.75.136.137:82/live1/jdtv2.m3u8?isp=lt&id=lnwshd&usign=tnO5JvE7EOUNT8al6DLMiw
æµ·ç»µå®å®,https://live.metshop.top/douyu/3949681
ç¦å·å°å¿,http://live.zohi.tv/video/s10001-fztv-4/index.m3u8
é©å½EBSå°å¿,http://ebsonairios.ebs.co.kr/ebsutablet500k/tablet500k/playlist.m3u8
é»é¾æ±å°å¿,https://ls.qingting.fm/live/4972/64k.m3u8
å¹¿ä¸ç æ±,http://183.11.239.36:808/hls/83/index.m3u8
å¹¿ä¸ç æ±,http://gmxw.7766.org:808/hls/83/index.m3u8
å¿«ä¹åé,http://drive.mxmy.net:8888/udp/239.3.1.164:8001
ä¸å°æ²³æ°é»ç»¼å,http://live.qthnews.org.cn:1935/live/live1/800k/tzwj_video.m3u8
ä¸å°æ²³æ°çç¤¾æ,http://live.qthnews.org.cn:1935/live/live2/800k/tzwj_video.m3u8
ä¸è£ç»¼å,http://60.222.246.220:19433/hls1.m3u8
ä¸ææ°é»ç»¼å,https://ls.qingting.fm/live/5022100/64k.m3u8
ä¸ææ°é»ç»¼å,http://ls.qingting.fm/live/4885.m3u8
ä¸æµ·ç¬¬ä¸è´¢ç»,https://satellitepull.cnr.cn/live/wx32dycjgb/playlist.m3u8
ä¸èæåå½±é¢,http://l.cztvcloud.com/channels/lantian/SXshangyu2/720p.m3u8
ä¸èæ°åé½,http://l.cztvcloud.com/channels/lantian/SXshangyu3/720p.m3u8
ä¸èæ°é»ç»¼å,http://l.cztvcloud.com/channels/lantian/SXshangyu1/720p.m3u8?zzhed
ä¸ä¸°ç»¼å,http://stream3.jlntv.cn:80/aac_dfgb/playlist.m3u8
ä¸èæ°é»ç»¼å,https://stream.sun0769.com/dgrtv1/mp4tv1_800/index.m3u8
ä¸èçæ´»èµè®¯,https://stream.sun0769.com/dgrtv1/mp4tv2_800/index.m3u8
ä¸­å½èæ°é»,http://ali-m-l.cztv.com/channels/lantian/channel009/1080p.m3u8
ä¹è³ç»¼å,http://175.155.106.72:89/live1/live1.m3u8
ä¹è³ç»¼å,http://175.155.106.72:89/live1/live1.m3u8?zsicd;http://rmlive.lzxrmtzx.com/live1/live1.m3u8?zsicd
ä¹è³ç»¼å,http://175.155.106.72:89/live1/live1.m3u8?zsicd
ä¹å°ç»¼å,http://stream10.jlntv.cn/jiutaitv/sd/live.m3u8
河北电视4K,http://106.53.99.30/tv/api.php?id=hebtv4k
辽宁卫视HD,http://38.75.136.137:82/live1/jdtv2.m3u8?id=lnwshd&usign=tnO5JvE7EOUNT8al6DLMiw
辽宁卫视HD,http://38.75.136.137:82/live2/bfgd.m3u8?id=4200000058&usign=tnO5JvE7EOUNT8al6DLMiw
丰润电视,http://121.29.215.51:2083/rtp/239.253.92.252:6156
慢直播1,http://121.29.215.51:2083/rtp/239.253.94.1:6600
慢直播2,http://121.29.215.51:2083/rtp/239.253.94.2:6601
临时直播,http://121.29.215.51:2083/rtp/239.253.92.116:6029
北京文艺频道,http://115.171.216.32:4000/udp/225.1.8.22:8002
北京纪实科教,http://115.171.216.32:4000/udp/225.1.8.105:8002
北京影视频道,http://115.171.216.32:4000/udp/225.1.8.82:8000
北京财经频道,http://115.171.216.32:4000/udp/225.1.8.106:8002
北京体育休闲,http://115.171.216.32:4000/udp/225.1.8.23:8002
北京生活频道,http://115.171.216.32:4000/udp/225.1.8.108:8002
北京新闻频道,http://115.171.216.32:4000/udp/225.1.8.83:8000
北京卡酷少儿,http://115.171.216.32:4000/udp/225.1.8.35:8000
北京国际频道,http://115.171.216.32:4000/rtp/225.1.8.131:8002
北京IPTV淘BABY,http://115.171.216.32:4000/rtp/225.1.8.36:8002
北京IPTV淘剧场,http://115.171.216.32:4000/rtp/225.1.8.37:8002
北京IPTV淘电影,http://115.171.216.32:4000/rtp/225.1.8.38:8002
北京IPTV淘娱乐,http://115.171.216.32:4000/rtp/225.1.8.61:8002
北京IPTV萌宠TV,http://115.171.216.32:4000/rtp/225.1.8.63:8002
北京IPTV4K超清,http://115.171.216.32:4000/rtp/225.1.8.211:8002
房山电视台,http://115.171.216.32:4000/rtp/225.1.8.68:8002
朝阳融媒,http://115.171.216.32:4000/rtp/225.1.8.69:8002
密云电视台,http://115.171.216.32:4000/rtp/225.1.8.75:8002
厦门卫视,http://115.171.216.32:4000/rtp/225.1.8.166:4120
广州南国都市4K,http://tencentplaygsm.gztv.com/live/nanguodushi.m3u8
äºåå¨±ä¹,https://hwapi.yntv.net/62hdvf/q9vs1b.m3u8
辽宁卫视HD,http://38.75.136.137:82/live1/jdtv2.m3u8?isp=dx&id=lnwshd&usign=tnO5JvE7EOUNT8al6DLMiw
辽宁卫视HD,http://38.75.136.137:82/live1/jdtv2.m3u8?id=lnwshd&usign=tnO5JvE7EOUNT8al6DLMiw
东南卫视HD,http://38.75.136.137:82/live1/jsb.m3u8?id=dnwshd&usign=tnO5JvE7EOUNT8al6DLMiw
东南卫视HD,https://hlsbkmgsplive.miguvideo.com/migu/kailu/dongnanws/57/20230724/01.m3u8?&HlsSubType=&encrypt=
东南卫视HD,http://38.75.136.137:82/live1/jsb1.m3u8?id=dnwshd&usign=tnO5JvE7EOUNT8al6DLMiw
东南卫视HD,http://38.75.136.137:82/live1/jsb.m3u8?id=dnwshd&ip=whus11&usign=tnO5JvE7EOUNT8al6DLMiw
东南卫视HD,http://38.75.136.137:82/live1/jsb.m3u8?id=dnwshd&ip=whus05&usign=tnO5JvE7EOUNT8al6DLMiw
东南卫视HD,http://38.75.136.137:82/live1/jsb.m3u8?id=dnwshd&ip=whus18&usign=tnO5JvE7EOUNT8al6DLMiw
东南卫视HD,http://38.75.136.137:82/live1/jdtv2.m3u8?id=dnwshd&usign=tnO5JvE7EOUNT8al6DLMiw
东南卫视HD,http://38.75.136.137:82/live1/jdtv2.m3u8?id=dnwshd&usign=tnO5JvE7EOUNT8al6DLMiw
东南卫视HD,http://38.75.136.137:82/live1/jdtv2.m3u8?isp=dx&id=dnwshd&usign=tnO5JvE7EOUNT8al6DLMiw
东南卫视HD,http://38.75.136.137:82/live1/jdtv2.m3u8?isp=lt&id=dnwshd&usign=tnO5JvE7EOUNT8al6DLMiw
东南卫视HD,http://38.75.136.137:82/live2/bfgd.m3u8?id=4200000483&usign=tnO5JvE7EOUNT8al6DLMiw
东南卫视HD,http://38.75.136.137:82/live1/fjtv.m3u8?id=dnwshd&usign=tnO5JvE7EOUNT8al6DLMiw
东南卫视HD,http://117.27.190.42:85/tsfile/live/23281_1.m3u8?key=txiptv&playlive=1&authid=0
江西卫视HD,http://38.75.136.137:82/live1/jsb.m3u8?id=jxwshd&usign=tnO5JvE7EOUNT8al6DLMiw
江西卫视HD,https://hlsbkmgsplive.miguvideo.com/migu/kailu/jxwshd/51/20190820/01.m3u8?&HlsSubType=&encrypt=
江西卫视HD,http://38.75.136.137:82/live2/jxtv.m3u8?id=jxwshd&usign=tnO5JvE7EOUNT8al6DLMiw
江西卫视HD,https://hlsbkmgsplive.miguvideo.com/migu/kailu/jxwshd/57/20190820/01.m3u8?&HlsSubType=&encrypt=
江西卫视HD,http://38.75.136.137:82/live1/jsb1.m3u8?id=jxwshd&usign=tnO5JvE7EOUNT8al6DLMiw
江西卫视HD,http://38.75.136.137:82/live1/jsb.m3u8?id=jxwshd&ip=whus22&usign=tnO5JvE7EOUNT8al6DLMiw
江西卫视HD,http://38.75.136.137:82/live1/jsb.m3u8?id=jxwshd&ip=whus07&usign=tnO5JvE7EOUNT8al6DLMiw
江西卫视HD,http://38.75.136.137:82/live1/jdtv2.m3u8?id=jxwshd&usign=tnO5JvE7EOUNT8al6DLMiw
江西卫视HD,http://38.75.136.137:82/live1/jdtv2.m3u8?isp=dx&id=jxwshd&usign=tnO5JvE7EOUNT8al6DLMiw
TVB plus备,https://vdm6-hw.nbgdsygs.com/live/h6-2.flv
äºåé½å¸,https://hwapi.yntv.net/62hdvf/rjwt14.m3u8
山东教育卫视,http://115.171.216.32:4000/rtp/225.1.8.190:4120
金鹰纪实,http://115.171.216.32:4000/rtp/225.1.8.31:8156
茶频道,http://115.171.216.32:4000/rtp/225.1.8.72:8002
华数少儿动画,http://115.171.216.32:4000/rtp/225.1.8.207:9000
华数动画,http://115.171.216.32:4000/rtp/225.1.8.240:4120
华数喜剧影院,http://115.171.216.32:4000/rtp/225.1.8.251:4120
华数动作影院,http://115.171.216.32:4000/rtp/225.1.8.252:4120
华数家庭影院,http://115.171.216.32:4000/rtp/225.1.8.253:4120
华数星影,http://115.171.216.32:4000/rtp/225.1.8.254:4120
华数精选,http://115.171.216.32:4000/rtp/225.1.8.234:4120
华数经典电影,http://115.171.216.32:4000/rtp/225.1.8.203:9024
华数爱上4K电影,http://115.171.216.32:4000/rtp/225.1.8.80:2000
华数热播剧场,http://115.171.216.32:4000/rtp/225.1.8.202:9020
江西卫视HD,http://38.75.136.137:82/live1/jdtv2.m3u8?id=jxwshd&usign=tnO5JvE7EOUNT8al6DLMiw
新澳门直播,https://play3636.zdwafis.com/live/mosixmark.flv
äºåæ°é»ç»¼å,http://l.cztvcloud.com/channels/lantian/SXyunhe1/720p.m3u8
äºåæ°é»ç»¼å,http://l.cztvcloud.com/channels/lantian/SXyunhe1/720p.m3u8?zzhed
äºéç»¼å,https://live.zzyxxw.com:2443/live/xwzh.m3u8
äºéç»¼å,http://live.zzyxxw.com:85/live/xwzh.m3u8
äºéç»¼å,http://live.zzyxxw.com:85/live/xwzh.m3u8?fujian,
äºéç»¼å,http://live.zzyxxw.com:85/live/xwzh.m3u8?fujian
äºç ç»¼å,http://tvfile.jyrmt.cn/nmip-media/channellive/channel104452/playlist.m3u8
äº³å·åæ,http://zbbf2.ahbztv.com/live/418.m3u8
äº³å·åæ,http://zbbf2.ahbztv.com/live/418.m3u8?zanhd
ä»å¯¿ç»¼å,https://play.scrstv.com.cn/DT/live.m3u8?auth_key=60001724663204-0-0-c1cc4ded9841ac34f63cdbd3aec647ef
ä»»ä¸ç»¼å,https://jwcdnqx.hebyun.com.cn/live/rqtv1/1500k/tzwj_video.m3u8
ä¼çåè¨å,http://110.153.180.106:55555/out_3/index.m3u8
ä¼çåè¨å,http://110.153.180.106:55555/out_3/index.m3u8?zxinjd
华数魅力时尚,http://115.171.216.32:4000/rtp/225.1.8.204:9012
华数城市剧场,http://115.171.216.32:4000/rtp/225.1.8.227:4120
华数军旅剧场,http://115.171.216.32:4000/rtp/225.1.8.228:4120
江西卫视HD,http://38.75.136.137:82/live1/jdtv2.m3u8?isp=lt&id=jxwshd&usign=tnO5JvE7EOUNT8al6DLMiw
江西卫视HD,http://38.75.136.137:82/live2/bfgd.m3u8?id=4200000098&usign=tnO5JvE7EOUNT8al6DLMiw
老澳门直播,https://vdm6-ali.hrypl168.com/live/a6.flv
少林功夫好嘢,https://v.fengbao11.com/video/gongfunvzu/1de85aa0f485/index.m3u8
TVB Plus(字幕),https://cdn3.indevs.in/stream/tvb/tvbp/
HOY TV,https://cdn6.cc.cd/163189/hoy
HOY TV,https://fast.hidns.vip/163189/hoy
HOY资讯台,https://fast.hidns.vip/163189/hoy78
HOY国际财经台,https://cdn11.163189.xyz/163189/hoy76
ViuTV,https://10.fast.hidns.vip/163189/viu/
ViuTVsix,https://10.fast.hidns.vip/163189/viu6/
NOW新闻台,https://fast.hidns.vip/163189/now
RTHK31,https://fast.hidns.vip/163189/rthk31
RTHK32,https://fast.hidns.vip/163189/rthk32
澳视澳门,https://cdn6.cc.cd/163189/asam
澳视卫星,https://cdn6.cc.cd/163189/as
澳门体育,https://cdn6.cc.cd/163189/amty
澳门综艺,https://cdn6.cc.cd/163189/amzy
澳门莲花,https://cdn6.cc.cd/163189/amlh
重温经典,https://cdn6.cc.cd/163189/cwjd
TVB1,https://cdn6.cc.cd/163189/tvb1
TVBJ1,https://cdn6.cc.cd/163189/j1
翡翠剧集台,https://cdn6.cc.cd/163189/tvbd
八度空间,https://cdn6.cc.cd/163189/8tv
ä¼çç»æµæ³å¶,http://110.153.180.106:55555/out_4/index.m3u8
ä¼çç»æµæ³å¶,http://110.153.180.106:55555/out_4/index.m3u8?zxinjd
重庆卫视HD,http://38.75.136.137:82/live1/jsb.m3u8?id=cqwshd&usign=tnO5JvE7EOUNT8al6DLMiw
华数古装剧场,http://115.171.216.32:4000/rtp/225.1.8.229:4120
武侠剧场,http://115.171.216.32:4000/rtp/225.1.8.250:4120
重温经典,http://115.171.216.32:4000/rtp/225.1.8.39:8002
光影,http://115.171.216.32:4000/rtp/225.1.8.244:4120
高网,http://115.171.216.32:4000/rtp/225.1.8.248:4120
IPTV收视指南,http://115.171.216.32:4000/rtp/225.1.8.201:8012
IPTV地理,http://115.171.216.32:4000/rtp/225.1.8.231:4120
IPTV美妆,http://115.171.216.32:4000/rtp/225.1.8.232:4120
IPTV好学生,http://115.171.216.32:4000/rtp/225.1.8.241:4120
IPTV国学,http://115.171.216.32:4000/rtp/225.1.8.237:4120
IPTV美人,http://115.171.216.32:4000/rtp/225.1.8.233:4120
IPTV5足球,http://115.171.216.32:4000/rtp/225.1.8.249:4120
IPTV7军事,http://115.171.216.32:4000/rtp/225.1.8.236:4120
IPTV10解密,http://115.171.216.32:4000/rtp/225.1.8.235:4120
IPTV11戏曲,http://115.171.216.32:4000/rtp/225.1.8.238:4120
IPTV14早教,http://115.171.216.32:4000/rtp/225.1.8.239:4120
IPTV15音乐现场,http://115.171.216.32:4000/rtp/225.1.8.230:4120
IPTV鉴赏,http://115.171.216.32:4000/rtp/225.1.8.242:4120
IPTV墨宝,http://115.171.216.32:4000/rtp/225.1.8.243:4120
CH5,https://cdn6.cc.cd/163189/ch5
ä¼çç»´å¾å°,http://110.153.180.106:55555/out_2/index.m3u8
ä½å§å§æ±æå,https://l.cztvcloud.com/channels/lantian/SXyuyao3/720p.m3u8
重庆卫视HD,http://38.75.136.137:82/live1/jsb1.m3u8?id=cqwshd&usign=tnO5JvE7EOUNT8al6DLMiw
重庆卫视HD,http://38.75.136.137:82/live1/jsb.m3u8?id=cqwshd&ip=whus11&usign=tnO5JvE7EOUNT8al6DLMiw
重庆卫视HD,http://38.75.136.137:82/live1/jsb.m3u8?id=cqwshd&ip=whus05&usign=tnO5JvE7EOUNT8al6DLMiw
重庆卫视HD,http://38.75.136.137:82/live1/jdtv2.m3u8?id=cqwshd&usign=tnO5JvE7EOUNT8al6DLMiw
重庆卫视HD,http://38.75.136.137:82/live1/jdtv2.m3u8?id=cqwshd&usign=tnO5JvE7EOUNT8al6DLMiw
重庆卫视HD,http://38.75.136.137:82/live1/jdtv2.m3u8?isp=dx&id=cqwshd&usign=tnO5JvE7EOUNT8al6DLMiw
重庆卫视HD,http://38.75.136.137:82/live1/jdtv2.m3u8?isp=lt&id=cqwshd&usign=tnO5JvE7EOUNT8al6DLMiw
重庆卫视HD,http://38.75.136.137:82/live2/bfgd.m3u8?id=4200000107&usign=tnO5JvE7EOUNT8al6DLMiw
广西卫视HD,http://38.75.136.137:82/live1/jsb.m3u8?id=gxwshd&usign=tnO5JvE7EOUNT8al6DLMiw
IPTV爱生活,http://115.171.216.32:4000/rtp/225.1.8.246:4120
CH8,https://cdn6.cc.cd/163189/ch8
CHU,https://cdn6.cc.cd/163189/chu
龙华电影,https://8.fast.hidns.vip/163189/lhdy
龙华经典,https://8.fast.hidns.vip/163189/lhjd
龙华偶像,https://8.fast.hidns.vip/163189/lhox
龙华日韩,https://8.fast.hidns.vip/163189/lhrh
龙华戏剧,https://8.fast.hidns.vip/163189/lhxj
龙华洋片,https://8.fast.hidns.vip/163189/lhyp
龙华卡通,https://8.fast.hidns.vip/163189/lhkt
金光布袋戏,https://cdn3.indevs.in/stream/live/jgbdx/
华丽翡翠台,https://cdn6.cc.cd/163189/hlfct
TVB亚洲武侠,https://cdn6.cc.cd/163189/yzwx
TVB娱乐新闻台,https://cdn6.cc.cd/163189/ylxw
TVB星河,https://cdn6.cc.cd/163189/tvbxh
海峡卫视,https://10.fast.hidns.vip/163189/hxws/
海峡卫视,https://168.sryze.cc/163189/hxws
TVB星河,https://10.fast.hidns.vip/163189/xinghe/
天映新加坡,https://10.fast.hidns.vip/163189/typd/
华丽翡翠台,https://cdn3.indevs.in/stream/live/hlt/
华丽翡翠台(硬字幕),https://cdn6.cc.cd/163189/jade
华丽翡翠台(新加坡),https://cdn3.indevs.in/stream/live/jade/
Astro AOD,https://cdn3.indevs.in/stream/live/aod/
IPTV武术,http://115.171.216.32:4000/rtp/225.1.8.247:4120
ä½å§å§æ±æå,http://l.cztvcloud.com/channels/lantian/SXyuyao3/720p.m3u8?zzhed
ä½å§æ°é»ç»¼å,http://l.cztvcloud.com/channels/lantian/SXyuyao1/720p.m3u8
广西卫视HD,http://38.75.136.137:82/live1/jsb1.m3u8?id=gxwshd&usign=tnO5JvE7EOUNT8al6DLMiw
广西卫视HD,http://38.75.136.137:82/live1/jsb.m3u8?id=gxwshd&ip=whus11&usign=tnO5JvE7EOUNT8al6DLMiw
广西卫视HD,rtmp://live.gxrb.com.cn/tv/gxtvlive03
广西卫视HD,http://38.75.136.137:82/live1/jsb.m3u8?id=gxwshd&ip=whus05&usign=tnO5JvE7EOUNT8al6DLMiw
广西卫视HD,http://38.75.136.137:82/live1/jsb.m3u8?id=gxwshd&ip=whus18&usign=tnO5JvE7EOUNT8al6DLMiw
广西卫视HD,https://live.gxrb.com.cn/tv/gxtvlive03/index.m3u8&kdsplayer=media
广西卫视HD,http://38.75.136.137:82/live1/jdtv2.m3u8?id=gxwshd&usign=tnO5JvE7EOUNT8al6DLMiw
广西卫视HD,http://38.75.136.137:82/live1/jdtv2.m3u8?isp=dx&id=gxwshd&usign=tnO5JvE7EOUNT8al6DLMiw
广西卫视HD,http://38.75.136.137:82/live1/jdtv2.m3u8?isp=lt&id=gxwshd&usign=tnO5JvE7EOUNT8al6DLMiw
广西卫视HD,http://38.75.136.137:82/live2/bfgd.m3u8?id=4200000116&usign=tnO5JvE7EOUNT8al6DLMiw
广西卫视HD,http://222.216.111.82:8088/flv0
云南卫视HD,http://38.75.136.137:82/live1/yntv.m3u8?id=ynws&usign=tnO5JvE7EOUNT8al6DLMiw
云南卫视HD,http://38.75.136.137:82/live1/jsb.m3u8?id=ynwshd&usign=tnO5JvE7EOUNT8al6DLMiw
云南卫视HD,http://38.75.136.137:82/live1/jsb1.m3u8?id=ynwshd&usign=tnO5JvE7EOUNT8al6DLMiw
云南卫视HD,http://38.75.136.137:82/live1/jsb.m3u8?id=ynwshd&ip=whus23&usign=tnO5JvE7EOUNT8al6DLMiw
Astro AEC,https://cdn3.indevs.in/stream/live/aec/
Astro QJ,https://cdn3.indevs.in/stream/live/qj/
CGTN英语,http://115.171.216.32:4000/rtp/225.1.8.116:8056
ä½å§æ°é»ç»¼å,http://l.cztvcloud.com/channels/lantian/SXyuyao1/720p.m3u8?cWlkPSZzPTg3OWMwYmMyZDMzYTFhZGY3NDQxMjgyYTg1MmUzNTY0JmVzPTE3MDY2Nzc4NzMmdXVpZD0yMjdiY2MzNGNiNGY0MThlYjRiY2IxYzcwNmZjODNkMS02NzQ3NDY2NyZ2PTImYXM9MCZjZG5leF9pZD10eF9waG9uZV9saXZl
ä½å§ç»¼å,https://l.cztvcloud.com/channels/lantian/SXyuyao1/720p.m3u8
ä½å§ç»¼å,http://l.cztvcloud.com/channels/lantian/SXyuyao1/720p.m3u8?zzhed
ä½å§ç»¼å,http://l.cztvcloud.com/channels/lantian/SXyuyao1/720p.m3u8?
ä½æ­æªæ¥E,http://l.cztvcloud.com/channels/lantian/SXyuhang3/720p.m3u8
ä½æ­æªæ¥E,http://l.cztvcloud.com/channels/lantian/SXyuhang3/720p.m3u8?zzhed
ä½æ­ç»¼å,http://l.cztvcloud.com/channels/lantian/SXyuhang1/720p.m3u8
ä½æ­ç»¼å,http://l.cztvcloud.com/channels/lantian/SXyuhang1/720p.m3u8?zzhed
å­å®å¬å±,http://ls.qingting.fm/live/1794199.m3u8
å­å®æ°é»ç»¼å,http://ls.qingting.fm/live/267.m3u8
å°æºªæ°é»ç»¼å,http://l.cztvcloud.com/channels/lantian/SXlanxi1/720p.m3u8
å´éç»¼å,https://jwcdnqx.hebyun.com.cn/live/xlzh/1500k/tzwj_video.m3u8
åµå¢äºå¸åæ²³æ°é»ç»¼å,http://liveout.btzx.com.cn/62ds9e/4nxdih.m3u8?fbl=
åµå¢å«å¸ç³æ²³å­æ°é»ç»¼å,http://124.88.144.73:1935/live/xwzh/playlist.m3u8?zxinjd
åéç»¼å,https://m3u8.channel.dzsm.com/nmip-media/channellive/channel105549/playlist.m3u8
åäº¬æ°é»,https://satellitepull.cnr.cn/live/wxbjxwgb/playlist.m3u8
åäº¬æ°é»,https://ls.qingting.fm/live/339/64k.m3u8
åäº¬æç§,http://nklive.nbs.cn/hls/75b3c462-b831-4de7-a34b-5d3221db2069/index.m3u8
åäº¬æ°é»ç»¼å,http://nklive.nbs.cn/hls/d511bc9d-a694-4453-b3a2-4fc842cc97a1/index.m3u8
åå½é½å¸,http://tencentplay.gztv.com/live/nanguodushi.m3u8?txSecret=140110ae3d6c936a77f94c4f4d85b0d3&txTime=18d57929bd4
åå®é½å¸çæ´»,http://615bbf179ba53515dccad7b1da5d1ad9.livehwc3.cn/hls.nntv.cn/nnlive/WLSH_24.m3u8?sub_m3u8=true&edge_slice=true&user_session_id=2598844eaee8a4265e706fc14b3fc11d
åè¾½ç»¼å,http://stream3.jlntv.cn:80/aac_slgb/playlist.m3u8
金鹰卡通,http://115.171.216.32:4000/rtp/225.1.8.163:9252
Astro欢喜台,https://cdn3.indevs.in/stream/live/hxt/
云南卫视HD,http://38.75.136.137:82/live1/jsb.m3u8?id=ynwshd&ip=whus07&usign=tnO5JvE7EOUNT8al6DLMiw
云南卫视HD,https://hwapi.yntv.net/62hdvf/nqyn7w.m3u8
云南卫视HD,http://38.75.136.137:82/live1/jdtv2.m3u8?isp=lt&id=ynwshd&usign=tnO5JvE7EOUNT8al6DLMiw
云南卫视HD,http://38.75.136.137:82/live1/jdtv2.m3u8?id=ynwshd&usign=tnO5JvE7EOUNT8al6DLMiw
云南卫视HD,http://38.75.136.137:82/live1/jdtv2.m3u8?id=ynwshd&usign=tnO5JvE7EOUNT8al6DLMiw
云南卫视HD,http://38.75.136.137:82/live1/jdtv2.m3u8?isp=dx&id=ynwshd&usign=tnO5JvE7EOUNT8al6DLMiw
云南卫视HD,http://38.75.136.137:82/live2/bfgd.m3u8?id=4200000482&usign=tnO5JvE7EOUNT8al6DLMiw
河南卫视HD,http://38.75.136.137:82/live1/jsb.m3u8?id=hawshd&usign=tnO5JvE7EOUNT8al6DLMiw
河南卫视HD,http://38.75.136.137:82/live1/hatv.m3u8?id=hawshd&usign=tnO5JvE7EOUNT8al6DLMiw
河南卫视HD,http://38.75.136.137:82/live1/jsb1.m3u8?id=hawshd&usign=tnO5JvE7EOUNT8al6DLMiw
河南卫视HD,http://38.75.136.137:82/live1/jsb.m3u8?id=hawshd&ip=whus28&usign=tnO5JvE7EOUNT8al6DLMiw
河南卫视HD,http://38.75.136.137:82/live1/jsb.m3u8?id=hawshd&ip=whus22&usign=tnO5JvE7EOUNT8al6DLMiw
河南卫视HD,http://38.75.136.137:82/live1/jdtv2.m3u8?id=hawshd&usign=tnO5JvE7EOUNT8al6DLMiw
河南卫视HD,http://38.75.136.137:82/live1/jdtv2.m3u8?id=hawshd&usign=tnO5JvE7EOUNT8al6DLMiw
å¤å¿ç»¼å,https://l2fpdktp.live.sxmty.com/live/hls/e4c3b363cc4549788e2d983f403e07db/d99ce1eb686e41b9afc888110bd95aa7.m3u8?zshanxd
爱奇艺,https://cdn3.indevs.in/stream/live/iqiyi/
天映频道,https://cdn3.indevs.in/stream/live/typd/
嘉佳卡通,http://115.171.216.32:4000/rtp/225.1.8.170:9268
聚鲨环球精选,http://115.171.216.32:4000/udp/225.1.8.58:8002
北京文艺频道,http://115.171.216.40:4000/udp/225.1.8.22:8002
北京纪实科教,http://115.171.216.40:4000/udp/225.1.8.105:8002
北京影视频道,http://115.171.216.40:4000/udp/225.1.8.82:8000
北京财经频道,http://115.171.216.40:4000/udp/225.1.8.106:8002
北京体育休闲,http://115.171.216.40:4000/udp/225.1.8.23:8002
北京生活频道,http://115.171.216.40:4000/udp/225.1.8.108:8002
北京新闻频道,http://115.171.216.40:4000/udp/225.1.8.83:8000
北京卡酷少儿,http://115.171.216.40:4000/udp/225.1.8.35:8000
北京国际频道,http://115.171.216.40:4000/rtp/225.1.8.131:8002
北京IPTV淘BABY,http://115.171.216.40:4000/rtp/225.1.8.36:8002
河南卫视HD,http://38.75.136.137:82/live1/jdtv2.m3u8?isp=dx&id=hawshd&usign=tnO5JvE7EOUNT8al6DLMiw
河南卫视HD,http://38.75.136.137:82/live1/jdtv2.m3u8?isp=lt&id=hawshd&usign=tnO5JvE7EOUNT8al6DLMiw
河南卫视HD,http://38.75.136.137:82/live2/bfgd.m3u8?id=4200000339&usign=tnO5JvE7EOUNT8al6DLMiw
å¥å®¹åå»º,http://jrlive.jrntv.com/live/_definst_/dangjians/playlist.m3u8?%E5%85%B3%E6%B3%A8%E5%BE%AE%E4%BF%A1%E5%85%AC%E4%BC%97%E5%8F%B7[%E6%99%B4%E5%9B%AD]
å¥å®¹å½±é¢,http://jrlive.jrntv.com/live/_definst_/yingshis/chunklist_w1994429382.m3u8?zjiangsd
TVB星河,https://cdn3.indevs.in/stream/live/tvbxh/
千禧经典台,https://cdn3.indevs.in/stream/live/tvbc/
TVB Plus(WebVTT字幕),https://10.fast.hidns.vip/163189/tvbp/
黄金华剧台(WebVTT字幕),https://10.fast.hidns.vip/163189/hjhjt/
重温经典,https://168.sryze.cc/163189/cwjd
广州综合,https://168.sryze.cc/163189/gzzh
广州新闻,https://168.sryze.cc/163189/gzxw
广州南国都市,https://cdn15.163189.xyz/163189/ngds
民视影剧台,https://cdn12.178.indevs.in/163189/msyj
公视戏剧,https://cdn12.178.indevs.in/163189/gsxj
采昌影剧台,https://cdn12.178.indevs.in/163189/ccyj
靖天戏剧台,https://cdn12.178.indevs.in/163189/jtxj
靖天电影台,https://cdn12.178.indevs.in/163189/jtdy
靖洋戏剧台,https://cdn12.178.indevs.in/163189/jyxj
影迷数位电影台,https://cdn12.178.indevs.in/163189/ymswdyt
amc电影台,https://cdn12.178.indevs.in/163189/amc
CinemaWorld,https://cdn12.178.indevs.in/163189/cinemaworld
My Cinema Europe,https://cdn12.178.indevs.in/163189/mce
经典电影台,https://cdn12.178.indevs.in/163189/jddyt
CMusic,https://cdn12.178.indevs.in/163189/cmusic
DreamWorks梦工厂动画,https://cdn12.178.indevs.in/163189/dreamworks
精选动漫台,https://cdn12.178.indevs.in/163189/jxdmt
金光布袋戏,https://cdn12.178.indevs.in/163189/jgbdx
TVB Plus,https://smt.1678520.xyz/163189/tvbp
纬来电影台,https://smt.1678520.xyz/163189/wldy
纬来戏剧台,https://smt.1678520.xyz/163189/wlxj
纬来体育台,https://smt.1678520.xyz/163189/wlty
龙祥时代,https://smt.1678520.xyz/163189/lxsd
东森戏剧,https://smt.1678520.xyz/163189/dsxj
咪咕4K(限移动网络),http://r.jdshipin.com/ln4xk
咪咕4K-2(限移动网络),http://r.jdshipin.com/Lqdwf
盗源狗si全家 全家下地狱
翡翠台,http://119.32.12.110:2905/rtp/225.1.101.45:7523
TVB Plus,http://zwg6818.vicp.net:28000/bysid/82
鳳凰衛視香港台,http://zwg6818.vicp.net:28000/bysid/85
智林體育,http://iptv.4666888.xyz/iptv2A.php?id=5
SkyTennis+,http://iptv.4666888.xyz/iptv2A.php?id=62
TVB黃金華劇,http://iptv.4666888.xyz/iptv2A.php?id=34
TVB翡翠(馬來),http://iptv.4666888.xyz/iptv2A.php?id=28
TVB明珠,http://iptv.4666888.xyz/iptv2A.php?id=29
TVBJ1,http://iptv.4666888.xyz/iptv2A.php?id=26
TVB1,http://iptv.4666888.xyz/iptv2A.php?id=25
千禧經典,http://iptv.4666888.xyz/iptv2A.php?id=22
HOY77,http://iptv.4666888.xyz/iptv2A.php?id=35
TVB-獎門人,http://iptv.4666888.xyz/iptv2A.php?id=31
TVB-金曲,http://iptv.4666888.xyz/iptv2A.php?id=57
RTHK31,http://iptv.4666888.xyz/iptv2A.php?id=23
TVB娛樂新聞,http://iptv.4666888.xyz/iptv2A.php?id=36
MYTV黃金翡翠,http://iptv.4666888.xyz/iptv2A.php?id=32
å¥å®¹çæ´»,http://jrlive.jrntv.com/live/_definst_/shenghuos/playlist.m3u8?%E5%85%B3%E6%B3%A8%E5%BE%AE%E4%BF%A1%E5%85%AC%E4%BC%97%E5%8F%B7[%E6%99%B4%E5%9B%AD]
陕西卫视HD,http://38.75.136.137:82/live1/jsb.m3u8?id=snwshd&usign=tnO5JvE7EOUNT8al6DLMiw
北京IPTV淘剧场,http://115.171.216.40:4000/rtp/225.1.8.37:8002
北京IPTV淘电影,http://115.171.216.40:4000/rtp/225.1.8.38:8002
北京IPTV淘娱乐,http://115.171.216.40:4000/rtp/225.1.8.61:8002
北京IPTV萌宠TV,http://115.171.216.40:4000/rtp/225.1.8.63:8002
北京IPTV4K超清,http://115.171.216.40:4000/rtp/225.1.8.211:8002
房山电视台,http://115.171.216.40:4000/rtp/225.1.8.68:8002
朝阳融媒,http://115.171.216.40:4000/rtp/225.1.8.69:8002
密云电视台,http://115.171.216.40:4000/rtp/225.1.8.75:8002
厦门卫视,http://115.171.216.40:4000/rtp/225.1.8.166:4120
山东教育卫视,http://115.171.216.40:4000/rtp/225.1.8.190:4120
TVB翡翠劇集,http://iptv.4666888.xyz/iptv2A.php?id=33
å¯åè¾¾æç»¼å,http://file.loulannews.cn/nmip-media/channellive/channel103824/playlist.m3u8
åè¥æ°é»,http://112.27.235.94:8000/hls/18/index.m3u8
陕西卫视HD,https://hlsbkmgsplive.miguvideo.com/migu/kailu/shan3xiws/57/20220809/01.m3u8?&HlsSubType=&encrypt=
陕西卫视HD,http://38.75.136.137:82/live1/jsb1.m3u8?id=snwshd&usign=tnO5JvE7EOUNT8al6DLMiw
陕西卫视HD,http://38.75.136.137:82/live1/jsb.m3u8?id=snwshd&ip=whus02&usign=tnO5JvE7EOUNT8al6DLMiw
陕西卫视HD,http://38.75.136.137:82/live1/jsb.m3u8?id=snwshd&ip=whus07&usign=tnO5JvE7EOUNT8al6DLMiw
陕西卫视HD,http://38.75.136.137:82/live1/jdtv2.m3u8?isp=lt&id=snwshd&usign=tnO5JvE7EOUNT8al6DLMiw
陕西卫视HD,http://38.75.136.137:82/live1/jdtv2.m3u8?id=snwshd&usign=tnO5JvE7EOUNT8al6DLMiw
陕西卫视HD,http://38.75.136.137:82/live1/jdtv2.m3u8?id=snwshd&usign=tnO5JvE7EOUNT8al6DLMiw
陕西卫视HD,http://38.75.136.137:82/live1/jdtv2.m3u8?isp=dx&id=snwshd&usign=tnO5JvE7EOUNT8al6DLMiw
陕西卫视HD,http://38.75.136.137:82/live2/bfgd.m3u8?id=4200000512&usign=tnO5JvE7EOUNT8al6DLMiw
贵州卫视HD,http://38.75.136.137:82/live1/jsb.m3u8?id=gzwshd&usign=tnO5JvE7EOUNT8al6DLMiw
贵州卫视HD,http://38.75.136.137:82/live1/jsb1.m3u8?id=gzwshd&usign=tnO5JvE7EOUNT8al6DLMiw
贵州卫视HD,http://38.75.136.137:82/live1/jsb.m3u8?id=gzwshd&ip=whus04&usign=tnO5JvE7EOUNT8al6DLMiw
贵州卫视HD,http://38.75.136.137:82/live1/jsb.m3u8?id=gzwshd&ip=whus07&usign=tnO5JvE7EOUNT8al6DLMiw
贵州卫视HD,http://38.75.136.137:82/live1/jsb.m3u8?id=gzwshd&ip=whus16&usign=tnO5JvE7EOUNT8al6DLMiw
金鹰纪实,http://115.171.216.40:4000/rtp/225.1.8.31:8156
茶频道,http://115.171.216.40:4000/rtp/225.1.8.72:8002
华数少儿动画,http://115.171.216.40:4000/rtp/225.1.8.207:9000
澳視澳門,http://iptv.4666888.xyz/iptv2A.php?id=41
TVBS新聞,http://iptv.4666888.xyz/iptv2A.php?id=43
åæä¹¡æ,https://satellitepull.cnr.cn/live/wxjlxcgb/playlist.m3u8
åå±±ç»¼å,https://m3u8channel-bx.yunxya.com/nmip-media/channellive/channel104666/playlist.m3u8
åå°æ»¨å¨±ä¹,https://stream.hrbtv.net/ylpd/sd/live.m3u8
åå°æ»¨å¨±ä¹,http://stream.hrbtv.net/ylpd/sd/live.m3u8?zheild
åå°æ»¨æ°é»ç»¼å,http://stream.hrbtv.net/xwzh/sd/live.m3u8?zheild
åå°æ»¨çæ´»,http://stream.hrbtv.net/shpd/sd/live.m3u8?zheild
åå°æ»¨èµè®¯,http://stream.hrbtv.net/zxpd/sd/live.m3u8
åå°æ»¨é½å¸å¨è¯¢,http://stream.hrbtv.net/zxpd/sd/live.m3u8?zheild
åå´æ°é»ç»¼å,http://live.zohi.tv/video/s10001-fztv-1/index.m3u8
åå´æ°é»ç»¼å,http://tvfile.jyrmt.cn:80/nmip-media/channellive/channel104452/playlist.m3u8
贵州卫视HD,http://38.75.136.137:82/live1/jdtv2.m3u8?id=gzwshd&usign=tnO5JvE7EOUNT8al6DLMiw
贵州卫视HD,http://38.75.136.137:82/live1/jdtv2.m3u8?id=gzwshd&usign=tnO5JvE7EOUNT8al6DLMiw
华数动画,http://115.171.216.40:4000/rtp/225.1.8.240:4120
华数喜剧影院,http://115.171.216.40:4000/rtp/225.1.8.251:4120
华数动作影院,http://115.171.216.40:4000/rtp/225.1.8.252:4120
华数家庭影院,http://115.171.216.40:4000/rtp/225.1.8.253:4120
非凡新聞,http://iptv.4666888.xyz/iptv2A.php?id=44
民視,http://iptv.4666888.xyz/iptv2A.php?id=55
華藝中文,http://iptv.4666888.xyz/iptv2A.php?id=37
愛奇藝,http://iptv.4666888.xyz/iptv2A.php?id=21
靖洋戲劇,http://iptv.4666888.xyz/iptv2A.php?id=42
靖天電影,http://iptv.4666888.xyz/iptv2A.php?id=56
東森電影,http://iptv.4666888.xyz/iptv2A.php?id=48
緯來電影,http://iptv.4666888.xyz/iptv2A.php?id=54
龍華電影,http://iptv.4666888.xyz/iptv2A.php?id=45
龍華洋片,http://iptv.4666888.xyz/iptv2A.php?id=60
風雲恐怖電影,http://iptv.4666888.xyz/iptv2A.php?id=59
ROCK_Action,http://iptv.4666888.xyz/iptv2A.php?id=50
梦工场动漫,http://iptv.4666888.xyz/iptv2A.php?id=40
Duck TV兒童卡通,http://iptv.4666888.xyz/iptv2A.php?id=39
MOMO親子,http://iptv.4666888.xyz/iptv2A.php?id=49
金光布袋戲,http://iptv.4666888.xyz/iptv2A.php?id=38
贵州卫视HD,http://38.75.136.137:82/live1/jdtv2.m3u8?isp=dx&id=gzwshd&usign=tnO5JvE7EOUNT8al6DLMiw
华数星影,http://115.171.216.40:4000/rtp/225.1.8.254:4120
åå³ªå³ç»¼å,http://play.kankanlive.com/live/1720583434627241.m3u8
åºéæ°é»,http://www.guzhenm.com:7001/hls/hd-live.m3u8
åºéæ°é»,http://www.guzhenm.com:7001/hls/hd-live.m3u8?%E5%85%B3%E6%B3%A8%E5%BE%AE%E4%BF%A1%E5%85%AC%E4%BC%97%E5%8F%B7[%E6%99%B4%E5%9B%AD]
å¤§å®ç»¼å,http://live.daningtv.com/aac_dngb/playlist.m3u8
å¤ªè°·æ°é»ç»¼å,https://p2.vzan.com/slowlive/596867413819827251/live.m3u8?zbid=1725814272&amp;tpid=1516989100&amp;type=0
å¤ªè°·æ°é»ç»¼å,https://p2.vzan.com/slowlive/596867413819827251/live.m3u8?zbid=1725814272&tpid=1516989100&type=0
å¤¹æ±æ°é»ç»¼å,http://tvfile.jjrm.org.cn/nmip-media/channellive/channel106282/playlist.m3u8?zsicd
å¥å±¯åè¨åè¯­,http://218.84.12.186:8002/hls/main/playlist.m3u8?zxinjd
å®å¾½å¯¼è§,http://dspdhls.appcoo.com:8888/live/dspd/index.m3u8
å®é¡ºæ°é»,https://ls.qingting.fm/live/5022203/64k.m3u8
å®è¥ç»¼å,http://lbyzztfe.live.sxmty.com/live/hls/645ff4c60e0a49f0a203abbd73dd8be9/0720e665f10f48e98c9639f4f492fb4a-1.m3u8?zshanxd
å±±ä¸çæ´»,http://ls.qingting.fm/live/60260.m3u8
åµå·æ°é»ç»¼å,http://l.cztvcloud.com/channels/lantian/SXshengzhou1/720p.m3u8?zzhed#http://l.cztvcloud.com/channels/lantian/SXshengzhou1/720p.m3u8
民視綜藝,http://iptv.4666888.xyz/iptv2A.php?id=46
贵州卫视HD,http://38.75.136.137:82/live1/jdtv2.m3u8?isp=lt&id=gzwshd&usign=tnO5JvE7EOUNT8al6DLMiw
华数精选,http://115.171.216.40:4000/rtp/225.1.8.234:4120
华数经典电影,http://115.171.216.40:4000/rtp/225.1.8.203:9024
华数爱上4K电影,http://115.171.216.40:4000/rtp/225.1.8.80:2000
华数热播剧场,http://115.171.216.40:4000/rtp/225.1.8.202:9020
华数魅力时尚,http://115.171.216.40:4000/rtp/225.1.8.204:9012
华数城市剧场,http://115.171.216.40:4000/rtp/225.1.8.227:4120
华数军旅剧场,http://115.171.216.40:4000/rtp/225.1.8.228:4120
华数古装剧场,http://115.171.216.40:4000/rtp/225.1.8.229:4120
武侠剧场,http://115.171.216.40:4000/rtp/225.1.8.250:4120
重温经典,http://115.171.216.40:4000/rtp/225.1.8.39:8002
光影,http://115.171.216.40:4000/rtp/225.1.8.244:4120
高网,http://115.171.216.40:4000/rtp/225.1.8.248:4120
IPTV收视指南,http://115.171.216.40:4000/rtp/225.1.8.201:8012
IPTV地理,http://115.171.216.40:4000/rtp/225.1.8.231:4120
IPTV美妆,http://115.171.216.40:4000/rtp/225.1.8.232:4120
IPTV好学生,http://115.171.216.40:4000/rtp/225.1.8.241:4120
IPTV国学,http://115.171.216.40:4000/rtp/225.1.8.237:4120
IPTV美人,http://115.171.216.40:4000/rtp/225.1.8.233:4120
åµæ³ç»¼å,http://l.cztvcloud.com/channels/lantian/SXshengsi1/720p.m3u8
民視影劇,http://iptv.4666888.xyz/iptv2A.php?id=53
TVBS精采,http://iptv.4666888.xyz/iptv2A.php?id=47
贵州卫视HD,http://38.75.136.137:82/live2/bfgd.m3u8?id=4200000101&usign=tnO5JvE7EOUNT8al6DLMiw
吉林卫视HD,http://stream4.jlntv.cn/jlwshd/sd/live.m3u8
吉林卫视HD,http://38.75.136.137:82/live1/jsb.m3u8?id=jlwshd&usign=tnO5JvE7EOUNT8al6DLMiw
吉林卫视HD,http://38.75.136.137:82/live1/jsb1.m3u8?id=jlwshd&usign=tnO5JvE7EOUNT8al6DLMiw
吉林卫视HD,http://38.75.136.137:82/live1/jsb.m3u8?id=jlwshd&ip=whus04&usign=tnO5JvE7EOUNT8al6DLMiw
吉林卫视HD,http://38.75.136.137:82/live1/jsb.m3u8?id=jlwshd&ip=whus23&usign=tnO5JvE7EOUNT8al6DLMiw
吉林卫视HD,http://38.75.136.137:82/live1/jsb.m3u8?id=jlwshd&ip=whus07&usign=tnO5JvE7EOUNT8al6DLMiw
吉林卫视HD,http://38.75.136.137:82/live1/jdtv2.m3u8?id=jlwshd&usign=tnO5JvE7EOUNT8al6DLMiw
吉林卫视HD,http://38.75.136.137:82/live2/jltv.m3u8?id=jlwshd&usign=tnO5JvE7EOUNT8al6DLMiw
吉林卫视HD,http://38.75.136.137:82/live1/jdtv2.m3u8?isp=dx&id=jlwshd&usign=tnO5JvE7EOUNT8al6DLMiw
吉林卫视HD,http://38.75.136.137:82/live1/jdtv2.m3u8?id=jlwshd&usign=tnO5JvE7EOUNT8al6DLMiw
吉林卫视HD,http://38.75.136.137:82/live1/jdtv2.m3u8?isp=lt&id=jlwshd&usign=tnO5JvE7EOUNT8al6DLMiw
IPTV5足球,http://115.171.216.40:4000/rtp/225.1.8.249:4120
IPTV7军事,http://115.171.216.40:4000/rtp/225.1.8.236:4120
åµæ³ç»¼å,http://l.cztvcloud.com/channels/lantian/SXshengzhou1/720p.m3u8?zzhed
å¸¸çæ°ç,http://3gvod.zjgonline.com.cn:1935/live/_definst_/shehuishenghuo_app/chunklist.m3u8
å¹³æ³ç»¼å,https://jwcdnqx.hebyun.com.cn/live/pqzh/1500k/tzwj_video.m3u8
臺視綜合,http://iptv.4666888.xyz/iptv2A.php?id=51
東森綜合2,http://iptv.4666888.xyz/iptv2A.php?id=58
八度空間,http://iptv.4666888.xyz/iptv2A.php?id=52
韓流美食料理秀,http://iptv.4666888.xyz/iptv2A.php?id=63
娛樂百分百,http://iptv.4666888.xyz/iptv2A.php?id=64
綜藝大贏家,http://iptv.4666888.xyz/iptv2A.php?id=65
香港C+,http://ottproxy2.ist.ooo/livehls/MOB-U1-NO/index.m3u8
香港32台,https://rthktv32-live.akamaized.net/hls/live/2036819/RTHKTV32/stream2/streamPlaylist.m3u8
香港33台,https://rthktv33-live.akamaized.net/hls/live/2101641/RTHKTV33/stream03/streamPlaylist.m3u8
香港34台,https://rthktv34-live.akamaized.net/hls/live/2101642/RTHKTV34/stream02/streamPlaylist.m3u8
香港35台,https://rthktv35-live.akamaized.net/hls/live/2101643/RTHKTV35/stream02/streamPlaylist.m3u8
TVB星河3,http://php.jdshipin.com/TVOD/iptv.php?id=xinghe
亚洲武侠,http://php.jdshipin.com/TVOD/iptv.php?id=yzwx
娱乐新闻,http://v2hcdn.jdshipin.com/enew/enew.stream/chunklist_w103.m3u8
TVBJ1,https://bcovlive-a.akamaihd.net/e360e3f9895c4fae99b133ec8dc20f01/us-west-2/5324042807001/4a3bca5b047b4564b18bb12dfa26ba62/playlist_ssaiM.m3u8
吉林卫视HD,http://38.75.136.137:82/live2/bfgd.m3u8?id=4200000097&usign=tnO5JvE7EOUNT8al6DLMiw
海南卫视HD,http://38.75.136.137:82/live1/hitv.m3u8?id=lyws&usign=tnO5JvE7EOUNT8al6DLMiw
å¹³æ¹æ°é»ç»¼å,http://l.cztvcloud.com/channels/lantian/SXpinghu1/720p.m3u8?zzhed
IPTV10解密,http://115.171.216.40:4000/rtp/225.1.8.235:4120
IPTV11戏曲,http://115.171.216.40:4000/rtp/225.1.8.238:4120
IPTV14早教,http://115.171.216.40:4000/rtp/225.1.8.239:4120
IPTV15音乐现场,http://115.171.216.40:4000/rtp/225.1.8.230:4120
IPTV鉴赏,http://115.171.216.40:4000/rtp/225.1.8.242:4120
IPTV墨宝,http://115.171.216.40:4000/rtp/225.1.8.243:4120
IPTV爱生活,http://115.171.216.40:4000/rtp/225.1.8.246:4120
IPTV武术,http://115.171.216.40:4000/rtp/225.1.8.247:4120
CGTN英语,http://115.171.216.40:4000/rtp/225.1.8.116:8056
金鹰卡通,http://115.171.216.40:4000/rtp/225.1.8.163:9252
嘉佳卡通,http://115.171.216.40:4000/rtp/225.1.8.170:9268
聚鲨环球精选,http://115.171.216.40:4000/udp/225.1.8.58:8002
咪咕频道,https://live.666666.zip/migu/1.m3u8
海南卫视HD,http://38.75.136.137:82/live1/jsb.m3u8?id=lywshd&ip=whus26&usign=tnO5JvE7EOUNT8al6DLMiw
å¹³æ¹æ°çä¼é²,http://l.cztvcloud.com/channels/lantian/SXpinghu2/720p.m3u8
å¹³æ¹æ°çä¼é²,http://l.cztvcloud.com/channels/lantian/SXpinghu2/720p.m3u8?zzhed
å¹³é¥æ°é»ç»¼å,https://tntgjhjb.live.sxmty.com/live/hls/3a4585ac11ec4e1bb07b419101b370c3/baf63e2b313440c2a25d7859f9b73b05-1.m3u8?zshanxd
å¹¿ä¸æ°ç,http://183.11.239.36:808/hls/18/index.m3u8
å¹¿åå¬å±,https://m3u8.channel.dzsm.com/nmip-media/channellive/channel101257/playlist.m3u8
å¹¿åç»¼å,https://m3u8.channel.dzsm.com/nmip-media/channellive/channel100999/playlist.m3u8
å¹¿å®å¬å±,http://live1.gatv.com.cn:85/live/GGPD_ggpdzm.m3u8
å¹¿å®å¬å±,http://live1.gatv.com.cn:85/live/GGPD.m3u8
å¹¿å®å¬å±,http://live1.gatv.com.cn:85/live/GGPD_ggpdzm.m3u8?zsicd
å¹¿å·æ°é»,http://tencentplay.gztv.com/live/xinwen.m3u8?txSecret=d2c2db0b598c02ec1b5623728434d367&txTime=18d57929bd3
å¹¿å·ç»¼å,http://tencentplay.gztv.com/live/zonghes.m3u8?txSecret=c8dbe86d6f86eb1a21999ab479fd5667&txTime=18d3c4690e8
å¹¿å·ç»¼å,https://tencentplay.gztv.com/live/zonghes.m3u8?txSecret=439b0fd2cf766b363c93a59cbcbe1370&txTime=18d00acf488
å¹¿å·ç»¼å,https://tencentplay.gztv.com/live/zonghes.m3u8?txSecret=f0147ae6453a80f5989f382368b72aad&txTime=18d00acf487
å¹¿å¾·çæ´»,https://live.gdtv.ah.cn/live/newsTV.m3u8
澳门体育,https://cdn6.cc.cd/163189/amty
海南卫视HD,http://38.75.136.137:82/live1/jsb.m3u8?id=lywshd&ip=whus02&usign=tnO5JvE7EOUNT8al6DLMiw
海南卫视HD,http://38.75.136.137:82/live1/jsb.m3u8?id=lywshd&usign=tnO5JvE7EOUNT8al6DLMiw
山西黄河频道,http://171.119.204.116:6000/rtp/226.0.2.235:9792
山西经济与科技,http://171.119.204.116:6000/rtp/226.0.2.236:9800
山西影视频道,http://171.119.204.116:6000/rtp/226.0.2.237:9808
山西社会与法治,http://171.119.204.116:6000/rtp/226.0.2.238:9816
山西文体生活,http://171.119.204.116:6000/rtp/226.0.2.16:8040
CCTV-电视指南,http://171.119.204.116:6000/rtp/226.0.2.218:9656
湖南金鹰纪实,http://171.119.204.116:6000/rtp/226.0.2.194:9464
湖南金鹰卡通,http://171.119.204.116:6000/rtp/226.0.2.172:9288
上海纪实人文,http://171.119.204.116:6000/rtp/226.0.2.193:9456
å¹¿è¥¿å½é,https://hlscdn.liangtv.cn/live/0234c48e0bc24fe1b41b9999a253e581/1075ee38e04f490690f6a36a16e09c79.m3u8
åºåæ°é»ç»¼å,http://l.cztvcloud.com/channels/lantian/SXqingyuan1/720p.m3u8?fbl=
ELTA体育1,https://live.666666.zip/stream/16697898.m3u8
海南卫视HD,http://38.75.136.137:82/live1/jdtv2.m3u8?isp=lt&id=lywshd&usign=tnO5JvE7EOUNT8al6DLMiw
海南卫视HD,http://38.75.136.137:82/live1/jdtv2.m3u8?id=lywshd&usign=tnO5JvE7EOUNT8al6DLMiw
海南卫视HD,http://38.75.136.137:82/live1/jdtv2.m3u8?isp=dx&id=lywshd&usign=tnO5JvE7EOUNT8al6DLMiw
海南卫视HD,http://38.75.136.137:82/live1/jdtv2.m3u8?id=lywshd&usign=tnO5JvE7EOUNT8al6DLMiw
海南卫视HD,http://38.75.136.137:82/live2/bfgd.m3u8?id=4200000473&usign=tnO5JvE7EOUNT8al6DLMiw
甘肃卫视HD,http://38.75.136.137:82/live1/jsb.m3u8?id=gswshd&usign=tnO5JvE7EOUNT8al6DLMiw
甘肃卫视HD,http://38.75.136.137:82/live1/jsb1.m3u8?id=gswshd&usign=tnO5JvE7EOUNT8al6DLMiw
甘肃卫视HD,http://38.75.136.137:82/live1/jsb.m3u8?id=gswshd&ip=whus07&usign=tnO5JvE7EOUNT8al6DLMiw
甘肃卫视HD,http://38.75.136.137:82/live1/jsb.m3u8?id=gswshd&ip=whus23&usign=tnO5JvE7EOUNT8al6DLMiw
甘肃卫视HD,http://38.75.136.137:82/live1/jdtv2.m3u8?id=gswshd&usign=tnO5JvE7EOUNT8al6DLMiw
甘肃卫视HD,http://38.75.136.137:82/live1/jdtv2.m3u8?id=gswshd&usign=tnO5JvE7EOUNT8al6DLMiw
甘肃卫视HD,http://38.75.136.137:82/live1/jdtv2.m3u8?isp=dx&id=gswshd&usign=tnO5JvE7EOUNT8al6DLMiw
甘肃卫视HD,http://38.75.136.137:82/live1/jdtv2.m3u8?isp=lt&id=gswshd&usign=tnO5JvE7EOUNT8al6DLMiw
甘肃卫视HD,http://38.75.136.137:82/live2/bfgd.m3u8?id=4200000119&usign=tnO5JvE7EOUNT8al6DLMiw
山西卫视HD,http://38.75.136.137:82/live1/jsb.m3u8?id=sxwshd&usign=tnO5JvE7EOUNT8al6DLMiw
山西卫视HD,http://38.75.136.137:82/live1/sxtv.m3u8?id=sxws&usign=tnO5JvE7EOUNT8al6DLMiw
山西卫视HD,http://38.75.136.137:82/live1/jsb1.m3u8?id=sxwshd&usign=tnO5JvE7EOUNT8al6DLMiw
山西卫视HD,http://38.75.136.137:82/live1/jsb.m3u8?id=sxwshd&ip=whus26&usign=tnO5JvE7EOUNT8al6DLMiw
山西卫视HD,http://38.75.136.137:82/live1/jsb.m3u8?id=sxwshd&ip=whus14&usign=tnO5JvE7EOUNT8al6DLMiw
山西卫视HD,http://38.75.136.137:82/live1/jdtv2.m3u8?isp=lt&id=sxwshd&usign=tnO5JvE7EOUNT8al6DLMiw
山西卫视HD,http://38.75.136.137:82/live1/jdtv2.m3u8?id=sxwshd&usign=tnO5JvE7EOUNT8al6DLMiw
山西卫视HD,http://38.75.136.137:82/live1/jdtv2.m3u8?id=sxwshd&usign=tnO5JvE7EOUNT8al6DLMiw
山西卫视HD,http://38.75.136.137:82/live1/jdtv2.m3u8?isp=dx&id=sxwshd&usign=tnO5JvE7EOUNT8al6DLMiw
厦门卫视HD,http://38.75.136.137:82/live1/hoge.m3u8?ip=fjxmtv&id=84&usign=tnO5JvE7EOUNT8al6DLMiw
大湾区卫视,http://38.75.136.137:82/live1/jsb.m3u8?id=nfws&usign=tnO5JvE7EOUNT8al6DLMiw
åºåç»¼å,http://l.cztvcloud.com/channels/lantian/SXqingyuan1/720p.m3u8
上海动漫秀场,http://171.119.204.116:6000/rtp/226.0.2.183:9376
上海都市剧场,http://171.119.204.116:6000/rtp/226.0.2.81:8560
ELTA体育1,https://live.666666.zip/elta/index.m3u8
ELTA体育2,https://live.666666.zip/stream/28361755.m3u8
小红书1,https://live.666666.zip/xiaohongshu/1.m3u8
小红书2,https://live.666666.zip/xiaohongshu/2.m3u8
NOW618,https://live.666666.zip/yueyu/index.m3u8
咪咕1,https://www.rtmpcdn.com/live/migu1.m3u8
咪咕2,https://www.rtmpcdn.com/live/migu2.m3u8
NOW616粤语4K,http://iptv.4666888.xyz/fifa/FYTV_FIFA.php?id=1
NOW616英语4K,http://iptv.4666888.xyz/fifa/FYTV_FIFA.php?id=2
NOW Sports 616 4Kᵁᴴᴰ,http://10k.lucastv.pro/2c99755ae255/gJnMAT2/465865
NOW Sports 617 4Kᵁᴴᴰ,http://10k.lucastv.pro/2c99755ae255/gJnMAT2/465864
NOW Sports 618,http://10k.lucastv.pro/2c99755ae255/gJnMAT2/465863
NOW Sports 619,http://10k.lucastv.pro/2c99755ae255/gJnMAT2/465861
凤凰咨询,http://feilong123.vip/409990236/hktv.php?id=1
NOW体育1,http://main.light-ott.net:80/play/live.php?mac=00:1A:79:3A:93:FD&stream=382843&extension=ts&play_token=KANAeecxcz
NOW体育2,http://main.light-ott.net:80/play/live.php?mac=00:1A:79:3A:93:FD&stream=382842&extension=ts&play_token=MCoDoR8s9G
NOW体育3,http://main.light-ott.net:80/play/live.php?mac=00:1A:79:3A:93:FD&stream=382841&extension=ts&play_token=5uiKCGTNCF
NOW体育4,http://main.light-ott.net:80/play/live.php?mac=00:1A:79:3A:93:FD&stream=382840&extension=ts&play_token=eoeYdjrkUg
NOW体育5,http://main.light-ott.net:80/play/live.php?mac=00:1A:79:3A:93:FD&stream=382839&extension=ts&play_token=lu0NOftGgg
大湾区卫视,http://38.75.136.137:82/live1/xuexi1.m3u8?id=nfws&usign=tnO5JvE7EOUNT8al6DLMiw
大湾区卫视,https://hlsbkmgsplive.miguvideo.com/wd_r3/2018/nfmedia/nfws/1000/01.m3u8?&HlsSubType=&encrypt=
åºåç»¼å,http://l.cztvcloud.com/channels/lantian/SXqingyuan1/720p.m3u8?zzhed?
上海法治天地,http://171.119.204.116:6000/rtp/226.0.2.83:8576
上海东方财经,http://171.119.204.116:6000/rtp/226.0.2.76:8520
上海乐游纪实,http://171.119.204.116:6000/rtp/226.0.2.77:8528
上海游戏风云,http://171.119.204.116:6000/rtp/226.0.2.78:8536
上海生活时尚,http://171.119.204.116:6000/rtp/226.0.2.84:8584
上海金色学堂,http://171.119.204.116:6000/rtp/226.0.2.182:9368
河南文物宝库,http://171.119.204.116:6000/rtp/226.0.2.110:8792
河南梨园频道,http://171.119.204.116:6000/rtp/226.0.2.115:8832
河南武术世界,http://171.119.204.116:6000/rtp/226.0.2.97:8688
CETV早期教育,http://171.119.204.116:6000/rtp/226.0.2.99:8704
中国天气,http://171.119.204.116:6000/rtp/226.0.2.103:8736
清徐,http://171.119.204.116:6000/rtp/226.0.2.191:9440
朔州-1,http://171.119.204.116:6000/rtp/226.0.2.185:9392
NOW体育6,http://main.light-ott.net:80/play/live.php?mac=00:1A:79:3A:93:FD&stream=382838&extension=ts&play_token=WQ4pi5DTy3
NOW体育7,http://main.light-ott.net:80/play/live.php?mac=00:1A:79:3A:93:FD&stream=382837&extension=ts&play_token=rRmhe1TsX7
NOW体育4K1,http://main.light-ott.net:80/play/live.php?mac=00:1A:79:3A:93:FD&stream=382836&extension=ts&play_token=jSAYXQsMoY
å»¶è¾¹2,http://stream5.jlntv.cn/wq/playlist.m3u8
大湾区卫视,http://38.75.136.137:82/live1/xuexi.m3u8?id=nfws&usign=tnO5JvE7EOUNT8al6DLMiw
大湾区卫视,http://38.75.136.137:82/live1/jsb1.m3u8?id=nfws&usign=tnO5JvE7EOUNT8al6DLMiw
大湾区卫视,http://38.75.136.137:82/live1/jsb.m3u8?id=nfws&ip=whus16&usign=tnO5JvE7EOUNT8al6DLMiw
大湾区卫视,http://38.75.136.137:82/live2/gdtv.m3u8?id=nfws&usign=tnO5JvE7EOUNT8al6DLMiw
大湾区卫视,http://38.75.136.137:82/live1/jdtv2.m3u8?isp=lt&id=nfws&usign=tnO5JvE7EOUNT8al6DLMiw
大湾区卫视,http://38.75.136.137:82/live1/jdtv2.m3u8?id=nfws&usign=tnO5JvE7EOUNT8al6DLMiw
大湾区卫视,http://38.75.136.137:82/live1/jdtv2.m3u8?isp=dx&id=nfws&usign=tnO5JvE7EOUNT8al6DLMiw
大湾区卫视,http://38.75.136.137:82/live1/jdtv2.m3u8?id=nfws&usign=tnO5JvE7EOUNT8al6DLMiw
厦门卫视,http://38.75.136.137:82/live1/jsb.m3u8?id=xmws&usign=tnO5JvE7EOUNT8al6DLMiw
å¼åå½å®¶å¬å­,http://l.cztvcloud.com/channels/lantian/SXkaihua2/720p.m3u8
å¼åå½å®¶å¬å­,http://l.cztvcloud.com/channels/lantian/SXkaihua2/720p.m3u8?zzhed#http://l.cztvcloud.com/channels/lantian/SXkaihua2/720p.m3u8zzhed#http://l.cztvcloud.com/channels/lantian/SXkaihua2/720p.m3u8
NOW体育,http://main.light-ott.net:80/play/live.php?mac=00:1A:79:3A:93:FD&stream=382834&extension=ts&play_token=JBOlpsgTKU
朔州-2,http://171.119.204.116:6000/rtp/226.0.2.186:9400
孝义电视台,http://171.119.204.116:6000/rtp/226.0.2.189:9424
古交电视台,http://171.119.204.116:6000/rtp/226.0.2.192:9448
阳曲,http://171.119.204.116:6000/rtp/226.0.2.196:9480
九屏测试,http://171.119.204.116:6000/rtp/226.0.2.197:9488
太原1,http://171.119.204.116:6000/rtp/226.0.2.201:9520
太原2,http://171.119.204.116:6000/rtp/226.0.2.202:9528
太原3,http://171.119.204.116:6000/rtp/226.0.2.203:9536
太原4,http://171.119.204.116:6000/rtp/226.0.2.204:9544
太原5,http://171.119.204.116:6000/rtp/226.0.2.205:9552
太原教育,http://171.119.204.116:6000/rtp/226.0.2.206:9560
晋能控股,http://171.119.204.116:6000/rtp/226.0.2.229:9744
大同教育,http://171.119.204.116:6000/rtp/226.0.2.232:9772
阳泉-1新闻综合,http://171.119.204.116:6000/rtp/226.0.2.233:9776
阳泉-2科教,http://171.119.204.116:6000/rtp/226.0.2.234:9784
吉林教育,http://36.49.50.4:8800/rtp/239.37.0.126:5540
厦门卫视,http://38.75.136.137:82/live1/jsb1.m3u8?id=xmws&usign=tnO5JvE7EOUNT8al6DLMiw
å¼åå½å®¶å¬å­,http://l.cztvcloud.com/channels/lantian/SXkaihua2/720p.m3u8?zzhed
HUB SPORTS,http://mypanel-4k.com:80/me52pjdqa6/dt2t9r16ja/1451817
HUB SPORTS 1,http://mypanel-4k.com:80/me52pjdqa6/dt2t9r16ja/280827
HUB SPORTS 2,http://mypanel-4k.com:80/me52pjdqa6/dt2t9r16ja/280828
HUB SPORTS 3,http://mypanel-4k.com:80/me52pjdqa6/dt2t9r16ja/280829
HUB SPORTS 4,http://mypanel-4k.com:80/me52pjdqa6/dt2t9r16ja/280830
HUB SPORTS 5,http://mypanel-4k.com:80/me52pjdqa6/dt2t9r16ja/280831
NOW SPORTS,http://mypanel-4k.com:80/me52pjdqa6/dt2t9r16ja/1451767
SKY SPORTS NEWS,http://mypanel-4k.com:80/me52pjdqa6/dt2t9r16ja/1236217
SKY SPORTS ACTION,http://mypanel-4k.com:80/me52pjdqa6/dt2t9r16ja/1236226
SKY SPORTS CRICKET,http://mypanel-4k.com:80/me52pjdqa6/dt2t9r16ja/1236223
SKY SPORTS F1,http://mypanel-4k.com:80/me52pjdqa6/dt2t9r16ja/1236225
SKY SPORTS FOOTBALL,http://mypanel-4k.com:80/me52pjdqa6/dt2t9r16ja/1236220
SKY SPORTS GOLF,http://mypanel-4k.com:80/me52pjdqa6/dt2t9r16ja/1236224
SKY SPORTS MAIN EVENT,http://mypanel-4k.com:80/me52pjdqa6/dt2t9r16ja/1236218
SKY SPORTS MIX,http://mypanel-4k.com:80/me52pjdqa6/dt2t9r16ja/1236228
SKY SPORTS PREMIER LEAGUE,http://mypanel-4k.com:80/me52pjdqa6/dt2t9r16ja/1236219
SKY SPORTS RACING,http://mypanel-4k.com:80/me52pjdqa6/dt2t9r16ja/1236227
德甲1,http://seatv.xyz/live/AJ1JASYJMX68G3Z/DxPObqOcKG/1138922.m3u8
德甲1,http://seatv.xyz/live/3Z4SFBM0NJX0N9H/yVVlYoaT60/1138922.m3u8
德甲2,http://seatv.xyz/live/AJ1JASYJMX68G3Z/DxPObqOcKG/1030380.m3u8
德甲2,http://seatv.xyz/live/3Z4SFBM0NJX0N9H/yVVlYoaT60/1030380.m3u8
德甲3,http://seatv.xyz/live/AJ1JASYJMX68G3Z/DxPObqOcKG/606323.m3u8
CHC影迷电影,http://36.49.50.4:8800/rtp/239.37.0.187:5540
厦门卫视,http://38.75.136.137:82/live1/jsb.m3u8?id=xmws&ip=whus07&usign=tnO5JvE7EOUNT8al6DLMiw
å¼åå½å®¶å¬å­,http://l.cztvcloud.com/channels/lantian/SXkaihua2/720p.m3u8zzhed
å¼åæ°é»ç»¼å,http://l.cztvcloud.com/channels/lantian/SXkaihua1/720p.m3u8?zzhed
å¼ ææ°é»ç»¼å,https://play.kankanlive.com/live/1720583434627241.m3u8
å¾·æ ç»¼å,http://stream11.jlntv.cn/dehuitv/sd/live.m3u8
æä»ç»¼å,https://1yp7hc5p.live.sxmty.com/live/hls/bff8529922344209985b6e49baa9555a/efa2543628fc4a7ea93d3d6c975f77dc-1.m3u8
æ¦åä¸å¥,http://stream8.jlntv.cn/dhtv/playlist.m3u8
æ°ç æ¶ä»£,http://ali-m-l.cztv.com/channels/lantian/channel12/720p.m3u8?zzhed
æææ°é»ç»¼å,http://l.cztvcloud.com/channels/lantian/SXwencheng1/720p.m3u8
ææç»¼å,http://l.cztvcloud.com/channels/lantian/SXwencheng1/720p.m3u8?zzhed
ææç»¼å,http://l.cztvcloud.com/channels/lantian/SXwencheng1/720p.m3u8?zzhed?
æ°ææ°é»ç»¼å,https://l.cztvcloud.com/channels/lantian/SXxinchang1/720p.m3u8
æ°æçæ´»,http://l.cztvcloud.com/channels/lantian/SXxinchang2/720p.m3u8
德甲3,http://seatv.xyz/live/3Z4SFBM0NJX0N9H/yVVlYoaT60/606323.m3u8
德甲4,http://seatv.xyz/live/AJ1JASYJMX68G3Z/DxPObqOcKG/1138926.m3u8
厦门卫视,http://38.75.136.137:82/live1/jsb.m3u8?id=xmws&ip=whus16&usign=tnO5JvE7EOUNT8al6DLMiw
长影频道,http://36.49.50.4:8800/rtp/239.37.0.125:5540
CCTV电视指南,http://36.49.50.4:8800/rtp/239.37.0.115:5540
CCTV卫生健康,http://36.49.50.4:8800/rtp/239.37.0.229:5540
北京纪实科教,http://36.49.50.4:8800/rtp/239.37.0.101:5540
上海都市剧场,http://36.49.50.4:8800/rtp/239.37.0.241:5540
上海生活时尚,http://36.49.50.4:8800/rtp/239.37.0.240:5540
上海法治天地,http://36.49.50.4:8800/rtp/239.37.0.238:5540
上海金色学堂,http://36.49.50.4:8800/rtp/239.37.0.239:5540
上海动漫秀场,http://36.49.50.4:8800/rtp/239.37.0.242:5540
上海游戏风云,http://36.49.50.4:8800/rtp/239.37.0.243:5540
上海乐游频道,http://36.49.50.4:8800/rtp/239.37.0.236:5540
金鹰纪实,http://36.49.50.4:8800/rtp/239.37.0.161:5540
茶频道,http://36.49.50.4:8800/rtp/239.37.0.245:5540
æ°æ²æ°é»,http://live.xysrmt.cn/xwzh/sd/live.m3u8?zjiangsd"
æ°æ²çæ´»,http://live.xysrmt.cn/shpd/sd/live.m3u8?zjiangsd
德甲4,http://seatv.xyz/live/3Z4SFBM0NJX0N9H/yVVlYoaT60/1138926.m3u8
厦门卫视,http://38.75.136.137:82/live1/jdtv2.m3u8?isp=lt&id=xmws&usign=tnO5JvE7EOUNT8al6DLMiw
厦门卫视,http://38.75.136.137:82/live1/jdtv2.m3u8?id=xmws&usign=tnO5JvE7EOUNT8al6DLMiw
厦门卫视,http://38.75.136.137:82/live1/jdtv2.m3u8?id=xmws&usign=tnO5JvE7EOUNT8al6DLMiw
厦门卫视,http://38.75.136.137:82/live1/jdtv2.m3u8?isp=dx&id=xmws&usign=tnO5JvE7EOUNT8al6DLMiw
厦门卫视,http://117.27.190.42:85/tsfile/live/23282_1.m3u8?key=txiptv&playlive=1&authid=0
海峡卫视,https://hlsbkmgsplive.miguvideo.com/migu/kailu/haixiaws/57/20230724/01.m3u8?&HlsSubType=&encrypt=
海峡卫视,https://hlsbkmgsplive.miguvideo.com/migu/kailu/haixiaws/51/20230724/01.m3u8?&HlsSubType=&encrypt=
海峡卫视,https://hlsbkmgsplive.miguvideo.com/migu/kailu/haixiaws/50/20230724/01.m3u8?&HlsSubType=&encrypt=
海峡卫视,http://38.75.136.137:82/live1/jdtv2.m3u8?id=hxws&usign=tnO5JvE7EOUNT8al6DLMiw
海峡卫视,http://38.75.136.137:82/live1/jdtv2.m3u8?id=hxws&usign=tnO5JvE7EOUNT8al6DLMiw
海峡卫视,http://38.75.136.137:82/live1/jdtv2.m3u8?isp=dx&id=hxws&usign=tnO5JvE7EOUNT8al6DLMiw
海峡卫视,http://38.75.136.137:82/live1/jdtv2.m3u8?isp=lt&id=hxws&usign=tnO5JvE7EOUNT8al6DLMiw
海峡卫视,http://38.75.136.137:82/live1/fjtv.m3u8?id=hxws&usign=tnO5JvE7EOUNT8al6DLMiw
海峡卫视,http://117.27.190.42:85/tsfile/live/23283_1.m3u8?key=txiptv&playlive=1&authid=0
河南梨园频道,http://36.49.50.4:8800/rtp/239.37.0.228:5540
中国交通,http://36.49.50.4:8800/rtp/239.37.0.226:5540
æ°éç»¼å,http://tvpull.dxhmt.cn:9081/tv/11329-1.m3u8
æ°éç»¼å,http://tvpull.dxhmt.cn:9081/tv/11329-1.m3u8?zhend
æ°éç»¼å,http://tvpull.dxhmt.cn:9081/tv/11329-1.m3u8?zhend?
德甲5,http://seatv.xyz/live/AJ1JASYJMX68G3Z/DxPObqOcKG/1138927.m3u8
德甲5,http://seatv.xyz/live/3Z4SFBM0NJX0N9H/yVVlYoaT60/1138927.m3u8
欧洲体育1,https://cdn-1.ttvb.eu.org/api/Eurosport-1/index.m3u8
欧洲体育2,https://cdn-1.ttvb.eu.org/api/Eurosport-2/index.m3u8
英国TNT体育1,http://89.187.179.148:826/anto.j/c9yJDcXyPe/110708
英国TNT体育2,http://89.187.179.148:826/anto.j/c9yJDcXyPe/89213
英国TNT体育3,http://89.187.179.148:826/anto.j/c9yJDcXyPe/89212
英国TNT体育4,http://89.187.179.148:826/anto.j/c9yJDcXyPe/89211
英国TNT体育4K,http://89.187.179.148:826/anto.j/c9yJDcXyPe/119906
英国TNT体育4K,http://206.212.246.239/live/Cori/123456/224931.m3u8
英国PREMIER SPORTS 1,http://best-8k.org/live/jjyw70ss4w/ek5ui8ithc/303258.m3u8
英国PREMIER SPORTS 1,http://89.187.179.148:826/anto.j/c9yJDcXyPe/98771
英国PREMIER SPORTS 2,http://best-8k.org/live/jjyw70ss4w/ek5ui8ithc/303257.m3u8
英国PREMIER SPORTS 2,http://89.187.179.148:826/anto.j/c9yJDcXyPe/98770
美国ESPN,http://89.187.179.148:826/anto.j/c9yJDcXyPe/119665
æ°é»ç»¼å,https://m3u8channel.yunxya.com/nmip-media/channellive/channel100028/playlist.m3u8
延边卫视,http://38.75.136.137:82/live1/xuexi1.m3u8?id=ybws&usign=tnO5JvE7EOUNT8al6DLMiw
延边卫视,http://38.75.136.137:82/live1/xuexi.m3u8?id=ybws&usign=tnO5JvE7EOUNT8al6DLMiw
BesTV游戏,http://36.49.50.4:8800/rtp/239.37.0.162:5540
咪咕体育,http://36.49.50.4:8800/rtp/239.37.0.194:5540
环球奇观,http://36.49.50.4:8800/rtp/239.37.0.105:5540
优优宝贝,http://36.49.50.4:8800/rtp/239.37.0.107:5540
新动漫,http://36.49.50.4:8800/rtp/239.37.0.106:5540
扶余电视台,http://36.49.50.4:8800/rtp/239.37.0.180:5540
延边卫视,http://36.49.50.4:8800/rtp/239.37.0.116:5540
延边TV1,http://36.49.50.4:8800/rtp/239.37.0.248:5540
延边TV2,http://36.49.50.4:8800/rtp/239.37.0.249:5540
TTV洮南1,http://36.49.50.4:8800/rtp/239.37.0.218:5540
农安综合,http://36.49.50.4:8800/rtp/239.37.0.144:5540
生活频道,http://36.49.50.4:8800/rtp/239.37.0.129:5540
新闻综合,http://36.49.50.4:8800/rtp/239.37.0.250:5540
民生社会,http://36.49.50.4:8800/rtp/239.37.0.251:5540
松原综合频道,http://36.49.50.4:8800/rtp/239.37.0.246:5540
松原生活频道,http://36.49.50.4:8800/rtp/239.37.0.247:5540
白山新闻综合1,http://36.49.50.4:8800/rtp/239.37.0.137:5540
白山旅游生活2,http://36.49.50.4:8800/rtp/239.37.0.138:5540
四平1,http://36.49.50.4:8800/rtp/239.37.0.130:5540
四平2,http://36.49.50.4:8800/rtp/239.37.0.131:5540
TTV1,http://36.49.50.4:8800/rtp/239.37.0.132:5540
TTV2,http://36.49.50.4:8800/rtp/239.37.0.133:5540
TTV3,http://36.49.50.4:8800/rtp/239.37.0.134:5540
磐石综合频道,http://36.49.50.4:8800/rtp/239.37.0.164:5540
图门电视台,http://36.49.50.4:8800/rtp/239.37.0.166:5540
未知,http://36.49.50.4:8800/rtp/239.37.0.165:5540
梨树新闻,http://36.49.50.4:8800/rtp/239.37.0.168:5540
tv1,http://36.49.50.4:8800/rtp/239.37.0.167:5540
综合纪实,http://36.49.50.4:8800/rtp/239.37.0.170:5540
双辽,http://36.49.50.4:8800/rtp/239.37.0.169:5540
未知综合,http://36.49.50.4:8800/rtp/239.37.0.172:5540
未知TV,http://36.49.50.4:8800/rtp/239.37.0.171:5540
梅河口电视台,http://36.49.50.4:8800/rtp/239.37.0.173:5540
延边卫视,http://live.ybtvyun.com/video/s10006-44f040627ca1/index.m3u8
æ é¡å¨±ä¹,https://stream.thmz.com/wxtv2/playlist.m3u8
æ é¡å¨±ä¹,http://stream.thmz.com/wxtv2/sd/live.m3u8
美国ESPN2,http://89.187.179.148:826/anto.j/c9yJDcXyPe/119666
美国ESPN NEWS,http://89.187.179.148:826/anto.j/c9yJDcXyPe/1275
美国ESPN U,http://89.187.179.148:826/anto.j/c9yJDcXyPe/1274
美国ESPN SEC NETWORK,http://89.187.179.148:826/anto.j/c9yJDcXyPe/1419
美国ESPN ACC NETWORK,http://89.187.179.148:826/anto.j/c9yJDcXyPe/98754
美国ESPN8 THE OCHO,https://d3b6q2ou5kp8ke.cloudfront.net/ESPNTheOcho.m3u8
美国NBA,http://103.148.44.38:8000/play/a03m/index.m3u8
美国NBA,http://23.237.104.106:8080/USA_NBA/tracks-v1a1/mono.m3u8
美国beIN体育,http://23.237.104.106:8080/USA_BEIN/tracks-v1a1/mono.m3u8
中天新闻,rtmp://www.ipanlian.com/live/ztxw
中天新闻,rtmp://jiaohesy.cn/live/ztxw
中天新闻,rtmp://ai.gdjs.net.cn/live/332000-ztxw2
中天新闻,rtmp://media.atmsiot.com/live/ztxw
镜新闻台,https://d36dgdk71xuzzg.cloudfront.net/v1/manifest/3a2ac8e6b6c76471996ebf627393d9c9417a60b6/linetv-6-627778910172-MediaTailor-production/81c30c93-82df-49c9-975c-61a17204cbba/1.m3u8
TVBS新闻,http://jnzq.ohoyee.com:9080/live/332332-tvbsxw.m3u8
寰宇新闻,http://jnzq.ohoyee.com:9080/live/332332-hyxw.m3u8
未知地方综合,http://36.49.50.4:8800/rtp/239.37.0.175:5540
延边卫视,http://live.ybtvyun.com/video/s10016-6f0dfd97912f/index.m3u8
延边卫视,http://38.75.136.137:82/live1/jdtv2.m3u8?isp=lt&id=ybws&usign=tnO5JvE7EOUNT8al6DLMiw
æ é¡å¨±ä¹,http://stream.thmz.com/wxtv2/sd/live.m3u8?_upt=978cd8731706199708
æ é¡å¨±ä¹,http://stream.thmz.com/wxtv2/playlist.m3u8?_upt=5ff4061f1706166872
æ é¡å¨±ä¹,http://stream.thmz.com/wxtv2/sd/live.m3u8?_upt=acffe97a1704940314
æ é¡æ°é»ç»¼å,http://stream.thmz.com/wxtv1/playlist.m3u8
æ é¡æ°é»ç»¼å,http://stream.thmz.com/wxtv1/sd/live.m3u8?zjiangsd#http://stream.thmz.com/wxtv1/playlist.m3u8?_upt=156143371706166361#http://stream.thmz.com/wxtv1/sd/live.m3u8?_upt=4ba3ab191698644028#http://stream.thmz.com/wxtv1/playlist.m3u8
æ é¡æ°é»ç»¼å,http://stream.thmz.com/wxtv1/playlist.m3u8?_upt=156143371706166361
æ é¡æ°é»ç»¼å,http://stream.thmz.com/wxtv1/sd/live.m3u8?_upt=4ba3ab191698644028
æ é¡çæ´»,https://stream.thmz.com/wxtv4/playlist.m3u8
æ é¡çæ´»,http://stream.thmz.com/wxtv4/sd/live.m3u8
æ é¡çæ´»,http://stream.thmz.com/wxtv4/playlist.m3u8?_upt=8c51357c1707362770
æ é¡çæ´»,http://stream.thmz.com/wxtv4/sd/live.m3u8?_upt=978cd8731706199708
æ é¡ç»æµ,https://stream.thmz.com/wxtv5/playlist.m3u8
æ é¡ç»æµ,http://stream.thmz.com/wxtv5/playlist.m3u8
æ é¡ç»æµ,http://stream.thmz.com/wxtv5/playlist.m3u8?_upt=10155d141706166867
æ é¡ç»æµ,http://stream.thmz.com/wxtv5/sd/live.m3u8?zjiangsd
æ é¡ç»æµ,http://stream.thmz.com/wxtv5/sd/live.m3u8?_upt=cfacd5221704890772
æ é¡é½å¸èµè®¯,http://stream.thmz.com/wxtv3/playlist.m3u8
æ é¡é½å¸èµè®¯,http://stream.thmz.com/wxtv3/playlist.m3u8?_upt=1758133b1706166861
æ é¡é½å¸èµè®¯,http://stream.thmz.com/wxtv3/sd/live.m3u8?zjiangsd#http://stream.thmz.com/wxtv3/sd/live.m3u8?_upt=978cd8731706199708#http://stream.thmz.com/wxtv3/playlist.m3u8#http://stream.thmz.com/wxtv3/playlist.m3u8?_upt=1758133b1706166861
DFTV综合,http://36.49.50.4:8800/rtp/239.37.0.179:5540
民視新聞,http://211.72.174.95:8117/0.ts
台视新聞,https://live.wcetv.com/hls/master-ttvnews.m3u8
延边卫视,http://38.75.136.137:82/live1/jdtv2.m3u8?id=ybws&usign=tnO5JvE7EOUNT8al6DLMiw
延边卫视,http://38.75.136.137:82/live1/jdtv2.m3u8?id=ybws&usign=tnO5JvE7EOUNT8al6DLMiw
延边卫视,http://38.75.136.137:82/live2/bfgd.m3u8?id=4200000117&usign=tnO5JvE7EOUNT8al6DLMiw
延边卫视,http://38.75.136.137:82/live1/jdtv2.m3u8?isp=dx&id=ybws&usign=tnO5JvE7EOUNT8al6DLMiw
康巴卫视,http://38.75.136.137:82/live1/sctv.m3u8?id=kbws&usign=tnO5JvE7EOUNT8al6DLMiw
康巴卫视,http://38.75.136.137:82/live1/xuexi.m3u8?id=kbws&usign=tnO5JvE7EOUNT8al6DLMiw
康巴卫视,http://38.75.136.137:82/live1/xuexi1.m3u8?id=kbws&usign=tnO5JvE7EOUNT8al6DLMiw
康巴卫视,http://38.75.136.137:82/live1/kbws.m3u8?id=kbws&usign=tnO5JvE7EOUNT8al6DLMiw
康巴卫视,http://38.75.136.137:82/live1/jdtv2.m3u8?id=kbws&usign=tnO5JvE7EOUNT8al6DLMiw
康巴卫视,http://38.75.136.137:82/live1/jdtv2.m3u8?id=kbws&usign=tnO5JvE7EOUNT8al6DLMiw
康巴卫视,http://111.202.12.159:8080/3zvkK28/1000/live.m3u8
康巴卫视,http://111.202.12.159:8080/kYGHWzA/1000/live.m3u8
康巴卫视,http://38.75.136.137:82/live1/jdtv2.m3u8?isp=dx&id=kbws&usign=tnO5JvE7EOUNT8al6DLMiw
康巴卫视,http://38.75.136.137:82/live1/jdtv2.m3u8?isp=lt&id=kbws&usign=tnO5JvE7EOUNT8al6DLMiw
深圳卫视4K,http://38.75.136.137:82/live1/cutv1.m3u8?id=szws4k&usign=tnO5JvE7EOUNT8al6DLMiw
深圳卫视4K,http://38.75.136.137:82/live1/gdsztv.m3u8?id=szws4k&usign=tnO5JvE7EOUNT8al6DLMiw
深圳卫视4K,http://38.75.136.137:82/live1/zgst.m3u8?id=szws4k&usign=tnO5JvE7EOUNT8al6DLMiw
深圳卫视4K,http://livepull-tcms.sztv.com.cn/live/sz4KB.m3u8
浙江卫视4K,http://38.75.136.137:82/live1/zjtv1.m3u8?id=zjws4k&usign=tnO5JvE7EOUNT8al6DLMiw
浙江卫视4K,http://38.75.136.137:82/live1/zjtv.m3u8?id=zjws4k&usign=tnO5JvE7EOUNT8al6DLMiw
浙江卫视4K,https://play-qukan.cztv.com/live/1758879019692345.m3u8
浙江卫视4K,http://38.75.136.137:82/live1/zjtv2.m3u8?id=zjws4k&usign=tnO5JvE7EOUNT8al6DLMiw
浙江卫视4K,http://38.75.136.137:82/live1/zgst.m3u8?id=zjws4k&usign=tnO5JvE7EOUNT8al6DLMiw
江苏卫视4K,http://38.75.136.137:82/live1/jstv2.m3u8?id=jsws4k&usign=tnO5JvE7EOUNT8al6DLMiw
江苏卫视4K,http://38.75.136.137:82/live2/jstv.m3u8?id=jsws4k&usign=tnO5JvE7EOUNT8al6DLMiw
江苏卫视4K,http://38.75.136.137:82/live1/zgst.m3u8?id=jsws4k&usign=tnO5JvE7EOUNT8al6DLMiw
东方卫视4K,http://38.75.136.137:82/live2/shkk.m3u8?id=dfws4k&usign=tnO5JvE7EOUNT8al6DLMiw
æ é¡é½å¸èµè®¯,http://stream.thmz.com/wxtv3/sd/live.m3u8?_upt=978cd8731706199708
乾安综合,http://36.49.50.4:8800/rtp/239.37.0.181:5540
原視,https://hc9lby9bzw8zcar.wcetv.com/hls/titv.m3u8
中視,http://211.72.174.95:8113/0.ts
華視,http://211.72.174.95:8114/0.ts
公視,http://211.72.174.95:8116/0.ts
民視,http://211.72.174.95:8115/0.ts
台視,http://211.72.174.95:8112/0.ts
東森新聞,http://211.72.174.95:8138/0.ts
民视,rtmp://f13h.mine.nu/sat/tv051
中视,rtmp://f13h.mine.nu/sat/tv091
华视,rtmp://f13h.mine.nu/sat/tv111
台视,rtmp://f13h.mine.nu/sat/tv071
非凡新闻,rtmp://f13h.mine.nu/sat/tv581
tvbs,http://61.221.215.25:8800/hls/9/index.m3u8
纬来日本,rtmp://f13h.mine.nu/sat/tv771
DAZN-体育,rtmp://f13h.mine.nu/sat/tv731
DAZN-体育,rtmp://f13h.mine.nu/sat/tv741
æºèæ°é»ç»¼å,http://channel.wcrmt.cn:80/nmip-media/channellive/channel105268/playlist.m3u8
东方卫视4K,http://38.75.136.137:82/live1/zgst.m3u8?id=dfws4k&usign=tnO5JvE7EOUNT8al6DLMiw
未知电视台,http://36.49.50.4:8800/rtp/239.37.0.220:5540
山东新闻频道,http://39.77.163.221:4002/rtp/239.253.254.23:8000
山东综艺频道,http://39.77.163.221:4002/rtp/239.253.254.159:8000
山东农科频道,http://39.77.163.221:4002/rtp/239.253.254.24:8000
山东齐鲁频道,http://39.77.163.221:4002/rtp/239.253.254.114:8000
山东少儿频道,http://39.77.163.221:4002/rtp/239.253.254.25:8000
山东生活频道,http://39.77.163.221:4002/rtp/239.253.254.151:8000
山东文旅频道,http://39.77.163.221:4002/rtp/239.253.254.160:8000
山东体育休闲,http://39.77.163.221:4002/rtp/239.253.254.22:8000
山东教育卫视,http://39.77.163.221:4002/rtp/239.253.254.59:8000
山东居家购物,http://39.77.163.221:4002/rtp/239.253.254.104:8000
青岛QTV1,http://39.77.163.221:4002/rtp/239.253.254.249:8000
青岛QTV2,http://39.77.163.221:4002/rtp/239.253.254.250:8000
momo'tv,rtmp://f13h.mine.nu/sat/tv761
民視第一台,http://4gtv.cnlive.club/channel/nc56ba28/index.m3u8?q=1782639885837
民視台灣台,http://4gtv.cnlive.club/channel/nce5d867/index.m3u8?q=1782639885837
æºèæ°é»ç»¼å,http://live.spccmc.com:90/live/spxwzh.m3u8?%E5%85%B3%E6%B3%A8%E5%BE%AE%E4%BF%A1%E5%85%AC%E4%BC%97%E5%8F%B7[%E6%99%B4%E5%9B%AD]
山东卫视4K,http://38.75.136.137:82/live1/zgst.m3u8?id=sdws4k&usign=tnO5JvE7EOUNT8al6DLMiw
安徽影视,http://38.75.136.137:82/live2/ahtv2.m3u8?id=ahys&usign=tnO5JvE7EOUNT8al6DLMiw
安徽影视,http://38.75.136.137:82/live2/ahtv3.m3u8?id=ahys&usign=tnO5JvE7EOUNT8al6DLMiw
安徽影视,https://ahlive.ahwanyun.cn/live/8534e69a9af14e41a362bcef71d7896f/hls.m3u8
安徽影视,http://38.75.136.137:82/live1/ahtv2.m3u8?id=ahys&kdsplayer=media&usign=tnO5JvE7EOUNT8al6DLMiw
安徽经济生活,http://38.75.136.137:82/live2/ahtv2.m3u8?id=ahjj&usign=tnO5JvE7EOUNT8al6DLMiw
安徽经济生活,http://38.75.136.137:82/live2/ahtv3.m3u8?id=ahjj&usign=tnO5JvE7EOUNT8al6DLMiw
安徽经济生活,https://ahlive.ahwanyun.cn/live/5c6207583a334b048f77dddf370bd840/hls.m3u8
安徽经济生活,http://38.75.136.137:82/live1/ahtv2.m3u8?id=ahjj&kdsplayer=media&usign=tnO5JvE7EOUNT8al6DLMiw
安徽农业科教,http://38.75.136.137:82/live2/ahtv2.m3u8?id=ahkj&usign=tnO5JvE7EOUNT8al6DLMiw
安徽农业科教,http://38.75.136.137:82/live2/ahtv3.m3u8?id=ahkj&usign=tnO5JvE7EOUNT8al6DLMiw
安徽农业科教,http://38.75.136.137:82/live1/ahtv2.m3u8?id=ahkj&kdsplayer=media&usign=tnO5JvE7EOUNT8al6DLMiw
安徽农业科教,http://38.75.136.137:82/live1/jdtv2.m3u8?id=ahkj&usign=tnO5JvE7EOUNT8al6DLMiw
安徽公共,http://38.75.136.137:82/live2/ahtv2.m3u8?id=ahgg&usign=tnO5JvE7EOUNT8al6DLMiw
安徽公共,http://38.75.136.137:82/live2/ahtv3.m3u8?id=ahgg&usign=tnO5JvE7EOUNT8al6DLMiw
安徽公共,http://38.75.136.137:82/live1/ahtv2.m3u8?id=ahgg&kdsplayer=media&usign=tnO5JvE7EOUNT8al6DLMiw
安徽公共,http://38.75.136.137:82/live1/jdtv2.m3u8?id=ahgg&usign=tnO5JvE7EOUNT8al6DLMiw
安徽国际,http://38.75.136.137:82/live2/ahtv2.m3u8?id=ahgj&usign=tnO5JvE7EOUNT8al6DLMiw
安徽国际,http://38.75.136.137:82/live2/ahtv3.m3u8?id=ahgj&usign=tnO5JvE7EOUNT8al6DLMiw
安徽国际,http://38.75.136.137:82/live1/ahtv2.m3u8?id=ahgj&kdsplayer=media&usign=tnO5JvE7EOUNT8al6DLMiw
安徽国际,http://38.75.136.137:82/live1/jdtv2.m3u8?id=ahgj&usign=tnO5JvE7EOUNT8al6DLMiw
安徽导视,http://dspdhls.appcoo.com:8888/live/dspd/index.m3u8
家家购物,http://38.75.136.137:82/live1/jdtv2.m3u8?id=ahgw&usign=tnO5JvE7EOUNT8al6DLMiw
睛彩安徽,http://38.75.136.137:82/live1/ahtv2.m3u8?id=ahjc&kdsplayer=media&usign=tnO5JvE7EOUNT8al6DLMiw
民視,http://4gtv.cnlive.club/channel/n7222a63c/index.m3u8?q=1782639885837
æ®éæ°é»ç»¼å,http://l.cztvcloud.com/channels/lantian/SXputuo1/720p.m3u8
æ®éçµè§å°,https://l.cztvcloud.com/channels/lantian/SXputuo1/720p.m3u8
青岛QTV3,http://39.77.163.221:4002/rtp/239.253.254.251:8000
青岛QTV4,http://39.77.163.221:4002/rtp/239.253.254.252:8000
青岛生活频道,http://39.77.163.221:4002/rtp/239.253.254.244:8000
青岛综合频道,http://39.77.163.221:4002/rtp/239.253.254.243:8000
莱西综合频道,http://39.77.163.221:4002/rtp/239.253.254.247:8000
崂山电视台,http://39.77.163.221:4002/rtp/239.253.254.242:8000
平度新闻综合,http://39.77.163.221:4002/rtp/239.253.254.248:8000
海洋频道,http://39.77.163.221:4002/rtp/239.253.254.67:8000
综合1,http://39.77.163.221:4002/rtp/239.253.254.245:8000
综合2,http://39.77.163.221:4002/rtp/239.253.254.246:8000
CHC影迷电影,http://39.77.163.221:4002/rtp/239.253.254.154:8000
蚌埠新闻综合,http://38.75.136.137:82/live2/ahtv3.m3u8?id=ahbbtv1&usign=tnO5JvE7EOUNT8al6DLMiw
æå¤©ç»¼å,https://m3u8.channel.dzsm.com/nmip-media/channellive/channel104601/playlist.m3u8
大愛電視,http://4gtv.cnlive.club/channel/n7d3037d2/index.m3u8?q=1782639885837
中視,http://4gtv.cnlive.club/channel/n722644d8/index.m3u8?q=1782639885837
華視,http://4gtv.cnlive.club/channel/n721fc25a/index.m3u8?q=1782639885837
三立綜合台,http://4gtv.cnlive.club/channel/45c7d3e3/index.m3u8?q=1782639885837
客家電視台,http://4gtv.cnlive.club/channel/n855e5fe/index.m3u8?q=1782639885837
八大綜藝台,http://4gtv.cnlive.club/channel/662e9334/index.m3u8?q=1782639885837
TVBS精采台,http://4gtv.cnlive.club/channel/49d50255/index.m3u8?q=1782639885837
靖天綜合台,http://4gtv.cnlive.club/channel/3f6ecb92/index.m3u8?q=1782639885837
靖天日本台,http://4gtv.cnlive.club/channel/3f1816f7/index.m3u8?q=1782639885837
原住民族電視台,http://4gtv.cnlive.club/channel/4f20dc68/index.m3u8?q=1782639885837
LiveABC互動英語頻道,http://4gtv.cnlive.club/channel/2a571abf/index.m3u8?q=1782639885837
達文西頻道,http://4gtv.cnlive.club/channel/n1d7d9ddb/index.m3u8?q=1782639885837
Nick Jr. 兒童頻道,http://4gtv.cnlive.club/channel/23ac0723/index.m3u8?q=1782639885837
尼克兒童頻道,http://4gtv.cnlive.club/channel/51bbda39/index.m3u8?q=1782639885837
DreamWorks 夢工廠動畫,http://4gtv.cnlive.club/channel/n451655ef/index.m3u8?q=1782639885837
靖天卡通台,http://4gtv.cnlive.club/channel/3ed78a45/index.m3u8?q=1782639885837
靖洋卡通Nice Bingo,http://4gtv.cnlive.club/channel/n15c65427/index.m3u8?q=1782639885837
MOMO親子台,http://4gtv.cnlive.club/channel/n33a56e39/index.m3u8?q=1782639885837
鏡電視新聞台,http://4gtv.cnlive.club/channel/351c8485/index.m3u8?q=1782639885837
東森新聞台,http://4gtv.cnlive.club/channel/n5ca63a3a/index.m3u8?q=1782639885837
華視新聞,http://4gtv.cnlive.club/channel/n692bc32c/index.m3u8?q=1782639885837
民視新聞台,http://4gtv.cnlive.club/channel/nca14742/index.m3u8?q=1782639885837
三立新聞iNEWS,http://4gtv.cnlive.club/channel/4fa717ad/index.m3u8?q=1782639885837
TVBS新聞,http://4gtv.cnlive.club/channel/n1ea96b20/index.m3u8?q=1782639885837
東森財經新聞台,http://4gtv.cnlive.club/channel/57ce2e74/index.m3u8?q=1782639885837
上海动漫秀场,http://39.77.163.221:4002/rtp/239.253.254.115:8000
æ¥å®¾ç»¼å,http://zb.gxlbamc.com:1935/live/lbzh.stream/playlist.m3u8
æ¾æ½æ°é»ç»¼å,http://live.spccmc.com:90/live/spxwzh.m3u8
蚌埠新闻综合,http://38.75.136.137:82/live2/ahtv2.m3u8?id=ahbbtv1&usign=tnO5JvE7EOUNT8al6DLMiw
池州新闻综合,http://wjsp.chiznews.com:8037/live/xwzh.m3u8
池州新闻综合,http://wjsp.chiznews.com:8037/live/xwzh.flv
池州新闻综合,http://38.75.136.137:82/live1/jdtv2.m3u8?id=ahcztv1&usign=tnO5JvE7EOUNT8al6DLMiw
池州文教生活,http://wjsp.chiznews.com:8037/live/wjsh.m3u8
池州文教生活,http://wjsp.chiznews.com:8037/live/wjsh.flv
池州文教生活,http://38.75.136.137:82/live1/jdtv2.m3u8?id=ahcztv2&usign=tnO5JvE7EOUNT8al6DLMiw
淮北新闻频道,http://38.75.136.137:82/live2/ahtv2.m3u8?id=ahhbtv1&usign=tnO5JvE7EOUNT8al6DLMiw
淮北新闻频道,http://38.75.136.137:82/live2/ahtv3.m3u8?id=ahhbtv1&usign=tnO5JvE7EOUNT8al6DLMiw
淮北新闻频道,https://vms-x.hbnews.net/video/xwzh/index.m3u8
淮北新闻频道,https://live.hbnews.net/video/xwzh/index.m3u8
淮北经济生活,https://vms-x.hbnews.net/video/JJSH/index.m3u8
中視新聞,http://4gtv.cnlive.club/channel/7e6461d6/index.m3u8?q=1782639885837
中天新聞台,http://4gtv.cnlive.club/channel/3824d067/index.m3u8?q=1782639885837
寰宇新聞台,http://4gtv.cnlive.club/channel/n4da4274/index.m3u8?q=1782639885837
寰宇新聞台灣台,http://4gtv.cnlive.club/channel/n37458587/index.m3u8?q=1782639885837
TVBS,http://4gtv.cnlive.club/channel/58f128b2/index.m3u8?q=1782639885837
民視綜藝台,http://4gtv.cnlive.club/channel/nc46cff5/index.m3u8?q=1782639885837
上海都市剧场,http://39.77.163.221:4002/rtp/239.253.254.98:8000
æ¾æ½æ°é»ç»¼å,http://live.spccmc.com:90/live/spxwzh.m3u8?zsicd
æ¾é³ç»¼å,http://l.cztvcloud.com/channels/lantian/SXsongyang1/720p.m3u8
æ¾é³ç»¼å,http://l.cztvcloud.com/channels/lantian/SXsongyang1/720p.m3u8?zzhed?
æ³æ²³ç»¼å,http://stream3.jlntv.cn:80/aac_lhgb/sd/live.m3u8
æ¡¦ç¸ç»¼å,http://stream9.jlntv.cn:80/aac_huadiangb/playlist.m3u8
æ¢æ²³å£ç»¼å,http://stream3.jlntv.cn:80/aac_mhkgb/playlist.m3u8
æ¢¨å­,https://dxtx.hntv.tv/live/lypd.m3u8?txSecret=10c771842a0be59e8b575d765173ec96&txTime=7B923E0A&wsSecret=41543190cdf375f1c73207222bb96542&wsTime=1769313549
æ­¦ä¹æ°é»ç»¼å,http://l.cztvcloud.com/channels/lantian/SXwuyi1/720p.m3u8
æ­¦ä¹æ°é»ç»¼å,http://l.cztvcloud.com/channels/lantian/SXwuyi1/720p.m3u8?zzhed
æ­¦ä¹¡æ°é»ç»¼å,http://uzoiczhh.live.sxmty.com/live/hls/0d41f1480c4042d49927858f01fde707/53130407737b417b9a6259b57246bae3.m3u8?zshanxd
æ­¦æ±ä¸å°æ°é»ç»¼å,https://ls.qingting.fm/live/20198/64k.m3u8
æ­¦è¿æ°é»,https://live.wjyanghu.com/live/CH1.m3u8
æ­¦è¿çæ´»,http://live.wjyanghu.com/live/CH2.m3u8
æ°¸åæ°é»ç»¼å,http://l.cztvcloud.com/channels/lantian/SXyongjia1/720p.m3u8
æ°¸åç»¼å,http://tvpull.dxhmt.cn:9081/tv/11481-1.m3u8
上海法治天地,http://39.77.163.221:4002/rtp/239.253.254.96:8000
豬哥亮歌廳秀,http://4gtv.cnlive.club/channel/n4271efdd/index.m3u8?q=1782639885837
淮北经济生活,https://live.hbnews.net/video/ggpd/index.m3u8
宿州新闻综合,http://live.ahsz.tv/video/s10001-szzh/index.m3u8
宿州新闻综合,rtmp://live.ahsz.tv/video/s10001-szzh
宿州经济生活,http://live.ahsz.tv/video/s10001-ggpd/index.m3u8
宿州经济生活,http://live.ahsz.tv/video/s10001-ggpd
宿州科教频道,http://live.ahsz.tv/video/s10001-kxjy/index.m3u8
宿州科教频道,rtmp://live.ahsz.tv/video/s10001-kxjy
阜阳都市文艺,http://41007.hlsplay.aodianyun.com/tv_radio_41007/tv_channel_2854.m3u8?auth_key=4835990545-0-0-80a02249988a1cd7a605401bb3a97442&extra_key=ohSJKJdeEa3QQlgmBxpudi6ezxha2e0nc6NZj3SHRORmaEFCgqd6yS2lGW3j-QQf56tTLDfQMDwAAnYcmDicXDRhX7-vqQx3Y2n2ERhE5FWfT3X--ob2iuEq3JtYdHC_ndaPCeOBQdXbH--HpXp2yu84RkSRTHg6mejJ52Qu7did-D4rWp9iydThnLbjeQ_1
阜阳生活频道,http://41007.hlsplay.aodianyun.com/tv_radio_41007/tv_channel_2853.m3u8?auth_key=4835990486-0-0-dcdb6cc0aee871a664044ee7a3e83308&extra_key=jiEx28IYtuWJ1_w9kBTIOKIb4qAj8AdUpC907-3A-1heP_ZkcC9shKy2LFM4R9AiQLgQILrQJL1arILWCMAAizwLLRfZ5JckaokxNmuSv2KZs6SyYxsEki45eCNOFysmPiq_XKQRYYjgnOQiBte9knM20QVSjr7_kfGY0ZMQJoKWXhwFqOC7MaahYRl6X9Bv
阜阳教育频道,http://41007.hlsplay.aodianyun.com/tv_radio_41007/tv_channel_2852.m3u8?auth_key=4835990057-0-0-017419faa93529a4aa5fc283632732ca&extra_key=vQshsQkSOG1FT9Mb763SReA_ScJbWZE1GdTHuMtghVIye3UhXJWOF-WqFU3cuQ-uD1nO3QrpvlmEGnULzFj7L_nbUOgIFmahrvO-Mu8U3Rx4MRBSMj7QUjXKdwK-4_tfiHF9qHU4TLF_9Q9bpL7Sk2xp6AMy4uMlD3O5Hmrnu1w2QzhRwTPxeTmKO9iTZamR
铜陵新闻综合,http://38.75.136.137:82/live1/ahqx.m3u8?id=ahtltv1&usign=tnO5JvE7EOUNT8al6DLMiw
铜陵新闻综合,https://gnhls.qingmei.tv/live/tlxw.m3u8?volcTime=1753081509&volcSecret=10999ac48fb965e95cd8ac9bbbf625ef
铜陵公共频道,https://gnhls.qingmei.tv/live/tl2.m3u8?volcTime=1743149289&volcSecret=b3e463bef22d0b3352940f54f606a74d
铜陵教育科技,https://gnhls.qingmei.tv/live/tl3.m3u8?volcTime=1743149289&volcSecret=cfb0dd1559ee04df1eb1ce0de3e98d8f
æ°¸æç»¼å,https://play.kankanlive.com/live/1652755738635915.m3u8
上海游戏风云,http://39.77.163.221:4002/rtp/239.253.254.95:8000
靖天育樂台,http://4gtv.cnlive.club/channel/3f7d0a6e/index.m3u8?q=1782639885837
KLT-靖天國際台,http://4gtv.cnlive.club/channel/n481b36ac/index.m3u8?q=1782639885837
Nice TV 靖天歡樂台,http://4gtv.cnlive.club/channel/n122ce57e/index.m3u8?q=1782639885837
靖天資訊台,http://4gtv.cnlive.club/channel/3fae463b/index.m3u8?q=1782639885837
TVBS歡樂台,http://4gtv.cnlive.club/channel/498f035d/index.m3u8?q=1782639885837
公視戲劇,http://4gtv.cnlive.club/channel/7fdd881e/index.m3u8?q=1782639885837
八大精彩台,http://4gtv.cnlive.club/channel/6626a9ca/index.m3u8?q=1782639885837
靖天戲劇台,http://4gtv.cnlive.club/channel/3f07b409/index.m3u8?q=1782639885837
靖洋戲劇台,http://4gtv.cnlive.club/channel/48117ce7/index.m3u8?q=1782639885837
金光布袋戲,http://4gtv.cnlive.club/channel/n125d8ecd/index.m3u8?q=1782639885837
ROCK Action,http://4gtv.cnlive.club/channel/n21b197ce/index.m3u8?q=1782639885837
采昌影劇台,http://4gtv.cnlive.club/channel/n97ba44a/index.m3u8?q=1782639885837
靖天映畫,http://4gtv.cnlive.club/channel/n610faa83/index.m3u8?q=1782639885837
靖天電影台,http://4gtv.cnlive.club/channel/3fcf6ae8/index.m3u8?q=1782639885837
亳州新闻频道,http://38.75.136.137:82/live1/ahqx.m3u8?id=ahbztv1&usign=tnO5JvE7EOUNT8al6DLMiw
上海生活时尚,http://39.77.163.221:4002/rtp/239.253.254.99:8000
æ±å¤æ°é»ç»¼å,http://59.175.226.142:280/gb28181/xwzh.m3u8?zhubd
æ±ªæ¸ç»¼å,http://stream5.jlntv.cn/wq/sd/live.m3u8
æ±¶å·æ°é»ç»¼å,http://live.iwcmt.cn:90/live/zhxw.m3u8
æ±¶å·æ°é»ç»¼å,http://live.iwcmt.cn:90/live/zhxw.m3u8?zsicd
æ±¶å·æ°é»ç»¼å,http://file.ysxtv.cn/cms/videos/nmip-media/channellive/channel4/playlist.m3u8?zsicd#rtmp://tv.mcrm.org.cn:1935/channellive/tv01
æ±¾è¥¿ç»¼å,https://qmmqvzoz.live.sxmty.com/live/hls/f24f8a390c084386a564074c9260100c/be3fdf07606145739ab2c4b80fe0136a.m3u8?zshanxd
æ²å·ç»¼å,http://file.ysxtv.cn/cms/videos/nmip-media/channellive/channel4/playlist.m3u8?zsicd
æ²³ååæ°,https://ls.qingting.fm/live/1650/64k.m3u8
æ²³ååæ°,http://ls.qingting.fm/live/1650.m3u8
æ²³åé½å¸,https://radio.pull.hebtv.com/live/hebnczx.m3u8
æ³æ´ªæ°é»ç»¼å,http://live1.habctv.com/ggpdsl/sd/live.m3u8?zjiangsd#http://live1.habctv.com/ggpdsl/sd/live.m3u8
æ³¸å¿æ°é»ç»¼å,http://lxfile.lxxcb.cn/nmip-media/channellive/channel103799/playlist.m3u8
æ³¸å¿æ°é»ç»¼å,http://lxfile.lxxcb.cn/nmip-media/channellive/channel103799/playlist.m3u8?zsicd
æ³¸å¿æ°é»ç»¼å,https://m3u8channel.ganzitv.com/nmip-media/channellive/channel1/playlist.m3u8
æ³¸å¿æ°é»ç»¼å,http://lxfile.lxxcb.cn:80/nmip-media/channellive/channel103799/playlist.m3u8
æ´é³ææ,http://devlivepull.migucloud.com/live/Q081CD54_C0.flv
上海东方财经,http://39.77.163.221:4002/rtp/239.253.254.94:8000
影迷數位電影台,http://4gtv.cnlive.club/channel/n79da43c0/index.m3u8?q=1782639885837
amc電影台,http://4gtv.cnlive.club/channel/n4f2af9e/index.m3u8?q=1782639885837
亳州新闻频道,http://zbbf2.ahbztv.com/live/416.m3u8
亳州新闻频道,http://38.75.136.137:82/live1/ahbztv.m3u8?fmt=flv&id=ahbztv1&usign=tnO5JvE7EOUNT8al6DLMiw
亳州新闻频道,http://38.75.136.137:82/live1/ahbztv.m3u8?id=ahbztv1&usign=tnO5JvE7EOUNT8al6DLMiw
亳州农村频道,http://zbbf2.ahbztv.com/live/418.m3u8
亳州农村频道,http://38.75.136.137:82/live1/ahbztv.m3u8?fmt=flv&id=ahbztv2&usign=tnO5JvE7EOUNT8al6DLMiw
亳州农村频道,http://38.75.136.137:82/live1/ahbztv.m3u8?id=ahbztv2&usign=tnO5JvE7EOUNT8al6DLMiw
黄山新闻综合,http://38.75.136.137:82/live1/ahqx.m3u8?id=ahhstv1&usign=tnO5JvE7EOUNT8al6DLMiw
黄山新闻综合,http://hslive.hsnewsnet.com/lsdream/hve9Wjs/1000/live.m3u8
黄山文旅频道,http://hslive.hsnewsnet.com/lsdream/iY92ady/1000/live.m3u8
芜湖新闻综合,http://38.75.136.137:82/live2/ahtv2.m3u8?id=ahwhtv1&usign=tnO5JvE7EOUNT8al6DLMiw
芜湖新闻综合,http://38.75.136.137:82/live1/hoge.m3u8?ip=ahwhtv&id=7&usign=tnO5JvE7EOUNT8al6DLMiw
芜湖生活频道,http://38.75.136.137:82/live1/hoge.m3u8?ip=ahwhtv&id=9&usign=tnO5JvE7EOUNT8al6DLMiw
安庆新闻综合,https://aq-live.media.xinhuamm.net/r/252b77197b104e1aa2456481204fb656.m3u8?auth_key=2341308330-0-0-4e8ffbdb0c0dcfab23e1b8962730f59d
æ´é³ç§æ,http://devlivepull.migucloud.com/live/A2HVH5BQ_C0.flv
æ´å¤´ç»¼å,http://l.cztvcloud.com/channels/lantian/SXdongtou1/720p.m3u8
æ´å¤´ç»¼å,http://l.cztvcloud.com/channels/lantian/SXdongtou1/720p.m3u8?zzhed?
æ´¥åä¸å¥,http://play.jinnantv.top/live/JNTV1.m3u8?ztianjd
æµæ±ä¼é²å°,http://ali-m-l.cztv.com/channels/lantian/channel006/720p.m3u8
æµæ±å¬å±æ°é»,https://ali-m-l.cztv.com/channels/lantian/channel007/1080p.m3u8
上海金色学堂,http://39.77.163.221:4002/rtp/239.253.254.101:8000
CinemaWorld,http://4gtv.cnlive.club/channel/n7815b83e/index.m3u8?q=1782639885837
大愛二台,http://4gtv.cnlive.club/channel/n7d3932e9/index.m3u8?q=1782639885837
人間衛視,http://4gtv.cnlive.club/channel/7ed5b6d3/index.m3u8?q=1782639885837
TVBS綜藝台,http://4gtv.cnlive.club/channel/49d6d25d/index.m3u8?q=1782639885837
TVBS台劇台,http://4gtv.cnlive.club/channel/49342c47/index.m3u8?q=1782639885837
經典電影台,http://4gtv.cnlive.club/channel/n2eb7240a/index.m3u8?q=1782639885837
經典卡通台,http://4gtv.cnlive.club/channel/n2faf04ad/index.m3u8?q=1782639885837
精選動漫台,http://4gtv.cnlive.club/channel/n1ecb3c7f/index.m3u8?q=1782639885837
客家好劇-FastTV飛速看,http://4gtv.cnlive.club/channel/n1f7f47/index.m3u8?q=1782639885837
懷舊經典電影-FastTV飛速看,http://4gtv.cnlive.club/channel/n424d08b7/index.m3u8?q=1782639885837
精選華語電影-FastTV飛速看,http://4gtv.cnlive.club/channel/750a2ada/index.m3u8?q=1782639885837
國外電影精選-FastTV飛速看,http://4gtv.cnlive.club/channel/32bc6076/index.m3u8?q=1782639885837
日韓電影大賞-FastTV飛速看,http://4gtv.cnlive.club/channel/n5541a0ca/index.m3u8?q=1782639885837
台灣傳奇-FastTV飛速看,http://4gtv.cnlive.club/channel/n496c6dde/index.m3u8?q=1782639885837
精彩陸劇1台-FastTV飛速看,http://4gtv.cnlive.club/channel/n7179beac/index.m3u8?q=1782639885837
金鹰纪实,http://39.77.163.221:4002/rtp/239.253.254.103:8000
æµæ±å¬å±æ°é»,http://ali-m-l.cztv.com/channels/lantian/channel07/1080p.m3u8
æµæ±å½é,http://ali-m-l.cztv.com/channels/lantian/channel010/1080p.m3u8
安庆新闻综合,http://38.75.136.137:82/live2/ahtv2.m3u8?id=ahaqtv1&usign=tnO5JvE7EOUNT8al6DLMiw
安庆新闻综合,http://38.75.136.137:82/live2/ahtv3.m3u8?id=ahaqtv1&usign=tnO5JvE7EOUNT8al6DLMiw
安庆新闻综合,http://48535.hlsplay.aodianyun.com/tv_radio_48535/tv_channel_2969.m3u8
安庆新闻综合,http://52223.hlsplay.aodianyun.com/tv_radio_52223/tv_channel_3214.m3u8?auth_key=4840160301-0-0-378c5d20acdfb32e54fe2f61b057ecff&extra_key=qj4e5_Ej_mtN2cbGJEcXXjgw_HVomOse5m7vYzTTZ4M3tRajimjfp6N0QpS7g3ceGHkR7LqT0Kxj8Tn2sRlk7RwZ0GaWLs_CkzOYAF6IHwgf6Lbta-F7B_2g6wO7mYGIamz4w7or8NkNjGhC4MExW4sdqzTUSoe9cXN-snl9s9OhN0PIDv0lxTbXYIJ7fSDU
安庆经济生活,https://aq-live.media.xinhuamm.net/r/ed093a3514bd4174b1dbd5af8a8e0a9c.m3u8?auth_key=2341308528-0-0-1d8df1d541b495f33875e247c9300fc1
安庆经济生活,http://52223.hlsplay.aodianyun.com/tv_radio_52223/tv_channel_3215.m3u8?auth_key=4840160247-0-0-09f173f08ee665e4b1b65aa69a5ee46d&extra_key=9Gv-6hfRrMAaAuD7AYFdmB969naxPovqhZHAkcCYJSb1EAOCXARnqb8CUtO3J79-DQBGs-_55m2odXUh9cAecLDbz52sbpGw9b0f7umLy91QXS1P_Ueiz0_24GvOOdDugwSYLDZBUq-Ia5AZgi3CDUtTcex5hgsjrgkpwyXJnQH37tIiCpZY3zrNbW0tiDDU
六安新闻综合,http://38.75.136.137:82/live2/ahtv2.m3u8?id=ahlatv1&usign=tnO5JvE7EOUNT8al6DLMiw
六安新闻综合,http://38.75.136.137:82/live2/ahtv3.m3u8?id=ahlatv1&usign=tnO5JvE7EOUNT8al6DLMiw
宣城综合频道,http://38.75.136.137:82/live2/ahtv3.m3u8?id=ahxctv1&usign=tnO5JvE7EOUNT8al6DLMiw
宣城综合频道,http://38.75.136.137:82/live2/ahtv2.m3u8?id=ahxctv1&usign=tnO5JvE7EOUNT8al6DLMiw
淮南新闻综合,http://38.75.136.137:82/live1/ahqx.m3u8?id=ahhntv1&usign=tnO5JvE7EOUNT8al6DLMiw
淮南新闻综合,https://ahlive.ahwanyun.cn/live/8f025f302a3441f4b5a45ad4f06b42cb/hls.m3u8
淮南新闻综合,http://stream.0554news.com/hnds1/sd/live.m3u8
淮南民生频道,http://stream.0554news.com/hnds2/sd/live.m3u8
淮南民生频道,http://112.30.194.221:20080/live/6e43da3335a640b3a73c948fccf935c5/hls.m3u8
淮南民生频道,http://112.30.194.221:20080/live/6e43da3335a640b3a73c948fccf935c5.flv
马鞍山综合频道,https://live.masbcx.cn/37da93f77452420d8990a9e91d865b81/94a165a5a7104676b7c68e39b4917d20.m3u8?auth_key=2334657789-9dd6b0079eb842f3a29bba1254dfedc3-0-2175f4b991c6e69d890d998237654a14
马鞍山综合频道,http://38.75.136.137:82/live1/jdtv2.m3u8?id=ahmastv1&usign=tnO5JvE7EOUNT8al6DLMiw
马鞍山科教生活,https://live.masbcx.cn/fe60c7f6a746404590186208394ceb43/935bce782af148c18a8048eabb0d7afa.m3u8?auth_key=2334657804-859d6a4ae6094480b20ff635612cd14d-0-8151ea4280c5f6a71fad438456ffa6df
马鞍山科教生活,http://38.75.136.137:82/live1/jdtv2.m3u8?id=ahmastv2&usign=tnO5JvE7EOUNT8al6DLMiw
滁州新闻综合,http://38.75.136.137:82/live1/ahqx.m3u8?id=ahcutv1&usign=tnO5JvE7EOUNT8al6DLMiw
精彩陸劇2台-FastTV飛速看,http://4gtv.cnlive.club/channel/n69c8194d/index.m3u8?q=1782639885837
金鹰卡通,http://39.77.163.221:4002/rtp/239.253.254.117:8000
æµæ±å½é,https://ali-m-l.cztv.com/channels/lantian/channel010/1080p.m3u8
æµæ±å½é,http://ali-vl.cztv.com/channels/lantian/channel010/360p.m3u8
æµæ±å½é,https://ali-m-l.cztv.com/channels/lantian/channel010/1080p.m3u8?
æµæ±å½é,http://ali-m-l.cztv.com/channels/lantian/channel010/720p.m3u8
æµæ±æç§,http://ali-m-l.cztv.com/channels/lantian/channel004/1080p.m3u8
æµæ±æè²,http://ali-m-l.cztv.com/channels/lantian/channel04/720p.m3u8
æµæ±æ°ç æ¶ä»£,http://ali-m-l.cztv.com/channels/lantian/channel012/1080p.m3u8
æµæ±æ°ç æ¶ä»£,http://ali-m-l.cztv.com/channels/lantian/channel12/720p.m3u8
æµæ±æ°ç æ¶ä»£,https://ali-m-l.cztv.com/channels/lantian/channel012/1080p.m3u8\r\n
æµæ±æ°é»,https://ali-m-l.cztv.com/channels/lantian/channel007/1080p.m3u8?
æµæ±æ°é»,http://ali-m-l.cztv.com/channels/lantian/channel07/720p.m3u8
æµæ±æ°é»,http://ali-m-l.cztv.com/channels/lantian/channel007/720p.m3u8
滁州新闻综合,http://live.cztv.cc:85/live/xwpd.m3u8
金光布袋戲-FastTV飛速看,http://4gtv.cnlive.club/channel/n3000a7f1/index.m3u8?q=1782639885837
哆啦A夢-FastTV飛速看,http://4gtv.cnlive.club/channel/9fc6b5c/index.m3u8?q=1782639885837
茶频道,http://39.77.163.221:4002/rtp/239.253.254.143:8000
北京卡酷少儿,http://39.77.163.221:4002/rtp/239.253.254.66:8000
河南梨园频道,http://39.77.163.221:4002/rtp/239.253.254.139:8000
河南文物宝库,http://39.77.163.221:4002/rtp/239.253.254.141:8000
河南武术世界,http://39.77.163.221:4002/rtp/239.253.254.140:8000
CGTN英语,http://39.77.163.221:4002/rtp/239.253.254.189:8000
CGTN纪录,http://39.77.163.221:4002/rtp/239.253.254.188:8000
CGTN西班牙语,http://39.77.163.221:4002/rtp/239.253.254.182:8000
CGTN阿拉伯语,http://39.77.163.221:4002/rtp/239.253.254.184:8000
CGTN俄语,http://39.77.163.221:4002/rtp/239.253.254.185:8000
中国交通,http://39.77.163.221:4002/rtp/239.253.254.177:8000
æµæ±æ°é»,http://ali-vl.cztv.com/channels/lantian/channel007/360p.m3u8
æµæ±æ°ç,http://ali-m-l.cztv.com/channels/lantian/channel06/720p.m3u8
滁州科教频道,http://live.cztv.cc:85/live/sjpd.m3u8
滁州公共频道,http://live.cztv.cc:85/live/ggpd.m3u8
南陵新闻综合,http://38.75.136.137:82/live1/hoge.m3u8?ip=ahwhtv&id=40&usign=tnO5JvE7EOUNT8al6DLMiw
无为新闻综合,https://ahlive.ahwanyun.cn/live/3065a7fde2f9429fb63898670bec988e/hls.m3u8
无为新闻综合,https://ahlive.ahwanyun.cn/live/3065a7fde2f9429fb63898670bec988e.flv
固镇新闻频道,http://www.guzhenm.com:7001/hls/hd-live.m3u8
五河新闻综合,https://file.wuhermt.cn/hls/wuhe2/playlist.m3u8
經典卡通-FastTV飛速看,http://4gtv.cnlive.club/channel/53488299/index.m3u8?q=1782639885837
經典迪士尼-FastTV飛速看,http://4gtv.cnlive.club/channel/n4ae53aed/index.m3u8?q=1782639885837
東離劍遊紀-FastTV飛速看,http://4gtv.cnlive.club/channel/nb3eed91/index.m3u8?q=1782639885837
COZI TV SD,http://108.181.20.255:27347/livehttpplay?channel_id=23000
TELEXITOS SD,http://108.181.20.255:27347/livehttpplay?channel_id=23001
TELEMUNDO WEST HD,http://108.181.20.255:27347/livehttpplay?channel_id=23002
TELEMUNDO EAST HD,http://108.181.20.255:27347/livehttpplay?channel_id=23003
TELEMUNDO MOUNTAIN HD,http://108.181.20.255:27347/livehttpplay?channel_id=23004
GOLF CHANNEL HD,http://108.181.20.255:27347/livehttpplay?channel_id=23005
UNIVERSAL KIDS HD,http://108.181.20.255:27347/livehttpplay?channel_id=23006
TV ONE HD,http://108.181.20.255:27347/livehttpplay?channel_id=23007
E! WEST HD,http://108.181.20.255:27347/livehttpplay?channel_id=23008
MTV WEST HD,http://108.181.20.255:27347/livehttpplay?channel_id=23009
NICK EAST HD,http://108.181.20.255:27347/livehttpplay?channel_id=23010
MTV HITS HD,http://108.181.20.255:27347/livehttpplay?channel_id=23011
PARAMOUND  WEST HD,http://108.181.20.255:27347/livehttpplay?channel_id=23012
精彩影视,http://39.77.163.221:4002/rtp/239.253.254.142:8000
æµæ±æ°ç,http://ali-m-l.cztv.com/channels/lantian/channel06/1080p.m3u8
æµæ±æ°ç,https://ali-m-l.cztv.com/channels/lantian/channel006/1080p.m3u8?
阜南新闻综合,https://xhmm-new-live.media.xinhuamm.net/liveNoRecord/a42bf9ee9c224a44a393aafc33990c78_111ae5a842ff4b32ab277ed1d9e216c5.m3u8?auth_key=2017017629-3866c768f70a4b47a2352f7b746e7bc1-0-1470ba4cbd641cbe479da8838d3396da
太和新闻综合,https://play-hsbj-static-bgp.vzan.com/1110366022/109031811546416830/live.m3u8
广德新闻综合,https://live.gdtv.ah.cn/live/newsTV.m3u8
广德生活频道,https://live.gdtv.ah.cn/live/shenghuoTV.m3u8
绩溪新闻频道,http://xzbf.fst1994.cn/jxtv/jxzh.m3u8
泾县新闻综合,https://apisave.jxnn.cn/hls/xwzonhe/playlist.m3u8
泾县文化旅游,https://apisave.jxnn.cn/hls/wenlv/playlist.m3u8
当涂新闻综合,http://112.30.194.221:20080/live/4f38ef59c79e4d4bac1a995681102573/hls.m3u8
含山新闻综合,https://newfiles.hswltv.com/hls/hanshanzh/playlist.m3u8
和县新闻综合,https://live.hxrmt.cn/hls/hexianzh/index.m3u8
淮北矿业新闻综合,http://xcblive.hbcoal.com/3/sd/live.m3u8
濉溪综合频道,http://112.30.194.221:20080/live/7f6926bc79174b03a212fe2aad0b62b6/hls.m3u8
濉溪电视二套,http://112.30.194.221:20080/live/b4bd9bfcda3b467d8f358db687750226/hls.m3u8
祁门综合频道,http://file.qmxrmt.com/nmip-media/channellive/channel108622/playlist.m3u8
祁门综合频道,rtmp://tv.qmxrmt.com/chan/ch1
歙县综合频道,http://wyflv.ahwanyun.cn/live/4b3024127d1c472986ccdcb454f81a9f.flv
歙县综合频道,http://wyflv.ahwanyun.cn/live/4b3024127d1c472986ccdcb454f81a9f.m3u8
青岛李沧,http://39.77.163.221:4002/rtp/239.253.254.253:8000
æµæ±æ°ç,http://ali-m-l.cztv.com/channels/lantian/channel006/1080p.m3u8
æµæ±æ°çä¼é²,https://ali-m-l.cztv.com/channels/lantian/channel006/1080p.m3u8
PARAMOUND CANADÁ HD,http://108.181.20.255:27347/livehttpplay?channel_id=23013
LOGO EAST HD,http://108.181.20.255:27347/livehttpplay?channel_id=23014
CMT WEST HD,http://108.181.20.255:27347/livehttpplay?channel_id=23015
AFN prime pacific HD,http://108.181.20.255:27347/livehttpplay?channel_id=23016
AFN family HD,http://108.181.20.255:27347/livehttpplay?channel_id=23017
AFN movie HD,http://108.181.20.255:27347/livehttpplay?channel_id=23018
AFN spectrum HD,http://108.181.20.255:27347/livehttpplay?channel_id=23019
AFN sports HD,http://108.181.20.255:27347/livehttpplay?channel_id=23020
AFN sports 2 HD,http://108.181.20.255:27347/livehttpplay?channel_id=23021
LAS ESTRELLAS HD,http://108.181.20.255:27347/livehttpplay?channel_id=23022
LAS ESTRELLAS HD -1HORA,http://108.181.20.255:27347/livehttpplay?channel_id=23023
LAS ESTRELLAS HD -2HORA,http://108.181.20.255:27347/livehttpplay?channel_id=23024
CANAL 5 HD,http://108.181.20.255:27347/livehttpplay?channel_id=23025
CANAL 5 HD -1 HORA,http://108.181.20.255:27347/livehttpplay?channel_id=23026
NU9VE HD,http://108.181.20.255:27347/livehttpplay?channel_id=23027
AZTECA1 HD,http://108.181.20.255:27347/livehttpplay?channel_id=23028
AZTECA1 HD -HORAS,http://108.181.20.255:27347/livehttpplay?channel_id=23029
ADN 40 HD,http://108.181.20.255:27347/livehttpplay?channel_id=23030
a mas+HD,http://108.181.20.255:27347/livehttpplay?channel_id=23031
SKYSPORTS LA LIGA(DEMO),http://108.181.20.255:27347/livehttpplay?channel_id=23032
山东新闻频道,http://39.77.158.228:4002/rtp/239.253.254.23:8000
æµæ±æ°çä¼é²,http://ali-vl.cztv.com/channels/lantian/channel006/360p.m3u8
黟县综合频道,http://app.yixianfabu.com:1935/live/yixian/playlist.m3u8
黟县综合频道,http://114.104.147.15:1935/live/yixian/playlist.m3u8
灵璧综合频道,http://live.cms.anhuinews.com/video/s10003-lbtv/index.m3u8
萧县新闻综合,http://60.171.239.216:9080/hls/stream1.m3u8
萧县新闻综合,http://60.171.239.216:5000/hls/stream1.m3u8
肥东新闻综合,http://l-live.feidongtv.com/live/xwzh.m3u8?volcTime=1750068555&volcSecret=9965f9cd3a8867f0ccafabf0abed15b1
肥东经济生活,https://l-live.feidongtv.com/live/jjsh.m3u8?volcTime=1750068555&volcSecret=7a68bbd796855691ff668e5127bedb76
肥西综合频道,http://112.30.194.221:20080/live/7210e3a27cc64ac4a3f7aba2e2b683d5/hls.m3u8
肥西综合频道,http://112.30.194.221:20080/live/7210e3a27cc64ac4a3f7aba2e2b683d5.flv
庐江新闻频道,http://ljtv-wshls.homecdn.com/live/13607.m3u8
涡阳新闻综合,http://220.180.124.18:888/live/ch2.m3u8
涡阳新闻综合,http://220.180.124.18:888/live/ch0.m3u8
蒙城新闻频道,https://p2hs.vzan.com/200263/698384284379943742/live.m3u8?zbid=200263&tpid=1914190744
蒙城新闻频道,https://play-hsbj.vzan.com/200263/698384284379943742/live.m3u8
潜山新闻综合,http://60.171.171.101:8278/rtmp_export/video22.m3u8
宿松新闻综合,rtmp://52181.lssplay.aodianyun.com/tv_radio_52181/tv_channel_3390?auth_key=4849469644-0-0-4ebac1aa7b06c07197e6a43bb43b3fa7
宿松戏曲文艺,rtmp://52181.lssplay.aodianyun.com/tv_radio_52181/tv_channel_3389?auth_key=4849469668-0-0-a08583749fce624e9ff690c859fcf8ae
望江新闻综合,https://gnhls.qingmei.tv/live/wjxw.m3u8?volcTime=1753081769&volcSecret=417e16d73e15903fc21a4491f761a3e5
望江黄梅戏,https://gnhls.qingmei.tv/live/wjhmx.m3u8?volcTime=1753081769&volcSecret=cd51a83cfe531c6d73edf45b7ad32154
FutTV HD,http://108.181.20.255:27347/livehttpplay?channel_id=23033
山东综艺频道,http://39.77.158.228:4002/rtp/239.253.254.159:8000
山东农科频道,http://39.77.158.228:4002/rtp/239.253.254.24:8000
æµæ±çæ´»,https://ali-m-l.cztv.com/channels/lantian/channel003/1080p.m3u8?
æµæ±çæ´»,http://ali-m-l.cztv.com/channels/lantian/channel03/1080p.m3u8
æµæ±çå­¦,http://ali-vl.cztv.com/channels/lantian/channel009/360p.m3u8
æµæ±ç»æµ,http://ali-m-l.cztv.com/channels/lantian/channel003/1080p.m3u8
æµæ±ç»æµ,http://ali-m-l.cztv.com/channels/lantian/channel03/720p.m3u8
æµæ±ç»æµçæ´»,http://ali-m-l.cztv.com/channels/lantian/channel03/1080p.m3u8#https://ali-m-l.cztv.com/channels/lantian/channel003/1080p.m3u8#http://ali-m-l.cztv.com/channels/lantian/channel003/1080p.m3u8
æµæ±ç»æµçæ´»,http://l.cztvcloud.com/channels/lantian/SXxiaoshan2/720p.m3u8
æµæ±ç»æµçæ´»,http://ali-vl.cztv.com/channels/lantian/channel003/360p.m3u8
æµæ±ç»æµçæ´»,http://ls.qingting.fm/live/1099.m3u8
æµæ±ç»è§,https://ali-m-l.cztv.com/channels/lantian/channel003/1080p.m3u8
æµæ±ç»è§,http://ali-m-l.cztv.com/channels/lantian/channel003/720p.m3u8
æµæ±éæ,http://l.cztvcloud.com/channels/lantian/SXsuichang1/720p.m3u8
æµæ±é±æ±,http://l.cztvcloud.com/channels/lantian/SXyuyao2/720p.m3u8
æµæ±é±æ±,http://ali-m-l.cztv.com/channels/lantian/channel002/1080p.m3u8?zzhed
山东齐鲁频道,http://39.77.158.228:4002/rtp/239.253.254.114:8000
岳西综合频道,https://ahlive.ahwanyun.cn/live/7e6dc3845c124c85999bcb4ae2eeddf7/hls.m3u8
岳西综合频道,http://112.27.49.135:8090/hls/main0/playlist.m3u8
truTV HD,http://108.181.20.255:27347/livehttpplay?channel_id=23034
DREAMWORKS HD,http://108.181.20.255:27347/livehttpplay?channel_id=23035
GOLDEN HD,http://108.181.20.255:27347/livehttpplay?channel_id=23036
Europa/europa HD,http://108.181.20.255:27347/livehttpplay?channel_id=23037
GOLDEN EDGE HD,http://108.181.20.255:27347/livehttpplay?channel_id=23038
GOLDEN PREMIER HD,http://108.181.20.255:27347/livehttpplay?channel_id=23039
ÚNICABLE HD,http://108.181.20.255:27347/livehttpplay?channel_id=23040
BANDAMAX HD,http://108.181.20.255:27347/livehttpplay?channel_id=23041
TELEMUNDO HD,http://108.181.20.255:27347/livehttpplay?channel_id=23042
DISTRITO COMEDIA HD,http://108.181.20.255:27347/livehttpplay?channel_id=23043
NICK JR HD,http://108.181.20.255:27347/livehttpplay?channel_id=23044
æµæ±é±æ±é½å¸,http://ali-m-l.cztv.com/channels/lantian/channel002/1080p.m3u8
山东少儿频道,http://39.77.158.228:4002/rtp/239.253.254.25:8000
山东生活频道,http://39.77.158.228:4002/rtp/239.253.254.151:8000
凤台综合频道,https://live.fst1994.net/hls/fengtaizh/index.m3u8
凤台文化生活,https://live.fst1994.net/hls/fengtaiwenhua/index.m3u8
霍邱新闻综合,http://112.30.194.221:20080/live/186d03e65fd64d33b033c31da5a4a5a0/hls.m3u8
霍邱新闻综合,http://112.30.194.221:20080/live/186d03e65fd64d33b033c31da5a4a5a0.flv
金寨综合频道,http://file.kanjinzhai.cn/hls/jinzhaixw/playlist.m3u8
淮河能源综合,http://play.hhnynews.com/huaihe/online.m3u8?auth_key=1720572937-0-0-ebd6c35757d0771723a94f37aa4b3b99
北京文艺,http://38.75.136.137:82/live1/btv1.m3u8?id=btv2&usign=tnO5JvE7EOUNT8al6DLMiw
北京文艺,http://38.75.136.137:82/live1/jdtv2.m3u8?id=btv2&usign=tnO5JvE7EOUNT8al6DLMiw
北京纪实科教,http://38.75.136.137:82/live1/jsb.m3u8?id=btv3&usign=tnO5JvE7EOUNT8al6DLMiw
北京纪实科教,http://38.75.136.137:82/live1/jsb1.m3u8?id=btv3&usign=tnO5JvE7EOUNT8al6DLMiw
北京纪实科教,http://38.75.136.137:82/live1/btv1.m3u8?id=btv3&usign=tnO5JvE7EOUNT8al6DLMiw
北京纪实科教,http://38.75.136.137:82/live1/jsb.m3u8?id=btv3&ip=whus25&usign=tnO5JvE7EOUNT8al6DLMiw
北京纪实科教,http://223.106.228.24/downflv.brtvcloud.com/8klive/8kliveok.m3u8
北京纪实科教,http://38.75.136.137:82/live2/bfgd.m3u8?id=4200000113&usign=tnO5JvE7EOUNT8al6DLMiw
北京纪实科教,http://38.75.136.137:82/live1/jdtv2.m3u8?id=btv3&usign=tnO5JvE7EOUNT8al6DLMiw
北京纪实科教,http://38.75.136.137:82/live1/jdtv2.m3u8?id=btv3&usign=tnO5JvE7EOUNT8al6DLMiw
æµæ±é±æ±é½å¸,https://ali-m-l.cztv.com/channels/lantian/channel002/1080p.m3u8
山东文旅频道,http://39.77.158.228:4002/rtp/239.253.254.160:8000
山东体育休闲,http://39.77.158.228:4002/rtp/239.253.254.22:8000
CARTOON NETWORK HD,http://108.181.20.255:27347/livehttpplay?channel_id=23045
GOLDEN HD,http://108.181.20.255:27347/livehttpplay?channel_id=23046
GOLDEN EDGE HD,http://108.181.20.255:27347/livehttpplay?channel_id=23047
TUDN MX HD,http://108.181.20.255:27347/livehttpplay?channel_id=23048
HBO FAMILY HD,http://108.181.20.255:27347/livehttpplay?channel_id=23049
UNIVERSAL PREMIER HD,http://108.181.20.255:27347/livehttpplay?channel_id=23050
UNIVERSAL CINEMA HD,http://108.181.20.255:27347/livehttpplay?channel_id=23051
UNIVERSAL CRIME HD,http://108.181.20.255:27347/livehttpplay?channel_id=23052
UNIVERSAL REALITYKIT HD,http://108.181.20.255:27347/livehttpplay?channel_id=23053
FOX PREMIUM HD,http://108.181.20.255:27347/livehttpplay?channel_id=23054
FOX SPORTS 3 HD,http://108.181.20.255:27347/livehttpplay?channel_id=23055
GOLTV HD,http://108.181.20.255:27347/livehttpplay?channel_id=23056
Hallmark East HD,http://108.181.20.255:27347/livehttpplay?channel_id=23057
Hallmark West HD,http://108.181.20.255:27347/livehttpplay?channel_id=23058
Hallmark Movie East HD,http://108.181.20.255:27347/livehttpplay?channel_id=23059
Hallmark Movie west HD,http://108.181.20.255:27347/livehttpplay?channel_id=23060
Hallmark Drama HD,http://108.181.20.255:27347/livehttpplay?channel_id=23061
BET Caribe HD,http://108.181.20.255:27347/livehttpplay?channel_id=23062
BET Canadá HD,http://108.181.20.255:27347/livehttpplay?channel_id=23063
BET East HD,http://108.181.20.255:27347/livehttpplay?channel_id=23064
BET Her Caribe HD,http://108.181.20.255:27347/livehttpplay?channel_id=23065
BET BET West HD,http://108.181.20.255:27347/livehttpplay?channel_id=23066
OXYGEN West HD,http://108.181.20.255:27347/livehttpplay?channel_id=23067
OXYGEN EAST HD,http://108.181.20.255:27347/livehttpplay?channel_id=23068
USA HD,http://108.181.20.255:27347/livehttpplay?channel_id=23069
北京影视,http://38.75.136.137:82/live1/btv1.m3u8?id=btv4&usign=tnO5JvE7EOUNT8al6DLMiw
山东教育卫视,http://39.77.158.228:4002/rtp/239.253.254.59:8000
山东居家购物,http://39.77.158.228:4002/rtp/239.253.254.104:8000
æµæ±é±æ±é½å¸,http://ali-xwl.cztv.com/live/channel021080Plxw.m3u8
æµæ±é±æ±é¢é,http://ali-m-l.cztv.com/channels/lantian/channel02/1080p.m3u8
æµ·åæ°é»,http://ls.qingting.fm/live/1861.m3u8
æµ·å®æ°é»ç»¼å,https://p2hs.vzan.com/slowlive/317913155078575177/live.m3u8
æ¶æ°´çµè§å°ç»¼å,https://lianshui-tv-hls.cm.jstv.com:443/lianshui-tv/lsxw.m3u8
æ¶æ°´çµè§å°ç»¼å,http://live1.habctv.com/ggpdsl/sd/live.m3u8
æ¶æ°´çµè§å°ç»¼å,http://lianshui-tv-hls.cm.jstv.com/lianshui-tv/lsxw.m3u8?zjiangsd
æ¶æ°´çµè§å°ç»¼å,http://live1.habctv.com/ggpdsl/sd/live.m3u8?zjiangsd
æ·®å®å½±é¢å¨±ä¹,http://live1.habctv.com/ysylsl/sd/live.m3u8
æ·®å®å½±é¢å¨±ä¹,http://live1.habctv.com/ysylsl/sd/live.m3u8?zjiangsd
æ¸æ²³ç»æµç»¼èº,https://jwcdnqx.hebyun.com.cn/live/qinghe1/1500k/tzwj_video.m3u8
æ¸­æºæ°é»,http://play.kankanlive.com/live/1720408280309109.m3u8
BRAVO HD,http://108.181.20.255:27347/livehttpplay?channel_id=23070
SyFy East HD,http://108.181.20.255:27347/livehttpplay?channel_id=23071
北京影视,http://38.75.136.137:82/live1/jdtv2.m3u8?id=btv4&usign=tnO5JvE7EOUNT8al6DLMiw
青岛QTV1,http://39.77.158.228:4002/rtp/239.253.254.249:8000
青岛QTV2,http://39.77.158.228:4002/rtp/239.253.254.250:8000
青岛QTV3,http://39.77.158.228:4002/rtp/239.253.254.251:8000
青岛QTV4,http://39.77.158.228:4002/rtp/239.253.254.252:8000
青岛生活频道,http://39.77.158.228:4002/rtp/239.253.254.244:8000
青岛综合频道,http://39.77.158.228:4002/rtp/239.253.254.243:8000
莱西综合频道,http://39.77.158.228:4002/rtp/239.253.254.247:8000
崂山电视台,http://39.77.158.228:4002/rtp/239.253.254.242:8000
平度新闻综合,http://39.77.158.228:4002/rtp/239.253.254.248:8000
海洋频道,http://39.77.158.228:4002/rtp/239.253.254.67:8000
综合1,http://39.77.158.228:4002/rtp/239.253.254.245:8000
综合2,http://39.77.158.228:4002/rtp/239.253.254.246:8000
CHC影迷电影,http://39.77.158.228:4002/rtp/239.253.254.154:8000
上海动漫秀场,http://39.77.158.228:4002/rtp/239.253.254.115:8000
北京财经,http://38.75.136.137:82/live1/btv1.m3u8?id=btv5&usign=tnO5JvE7EOUNT8al6DLMiw
北京生活,http://38.75.136.137:82/live1/btv1.m3u8?id=btv7&usign=tnO5JvE7EOUNT8al6DLMiw
MGM+HD,http://108.181.20.255:27347/livehttpplay?channel_id=23072
æ¹å·å¬å±æ°ç,http://hzcm-live.media.hugd.com/1e6b554b9ab74513958c0e1ffe664d22/9acaa7634309494cb29a85eb12136607.m3u8?auth_key=2272900830-9a2389b8bf4e49d580d4ad807423d326-0-ea78a5c7a678c436263582d368f5009e
æ¹å·æåå¨±ä¹,http://hzcm-live.media.hugd.com/613c47f0ab0d4eaa98b21378d0db6ded/0051d31c9dd543a7825eea4e49675b2a.m3u8?auth_key=2277598059-0a5ebfa1c0dc4671b42a60810fc37039-0-fa625b7d1feab612062453c12e3c8887
æ¹å·æ°é»ç»¼å,http://hzcm-live.media.hugd.com/3f5fa7d64c7c46a38c6bd8ad35e836cc/65128273761b4731ae53729ea6dcf932.m3u8?auth_key=2277598215-9d21c15111244bea8d298c361d31a72e-0-d031198f58d44b0e91ba2e3f3b188865
æ»¦å¹³æ°é»,http://jwplay.hebyun.com.cn/live/LPTV001/1500k/tzwj_video.m3u8
æ»¨æµ·æ°é»ç»¼å,http://traffic.jbh.tjbh.com/live/bhtv10/playlist.m3u8
çé³æ°é»ç»¼å,https://ls.qingting.fm/live/5043/64k.m3u8
çå°å¬å±,http://live.yantaitv.cn/live/e50f104a4ffe4a41b2217cbda534146f/d86092e69df94668b33390278b061700-1.m3u8
çå°æ°é»ç»¼å,http://live.yantaitv.cn/live/3e81a8879da44c5dadf3bd9c10468e1c/9b776d420ee4438199b7657c8eb88f07-1.m3u8
çå°ç»æµç§æ,http://live.yantaitv.cn/live/27f84144e95a4652ae9e5c211b2a6b55/405f3e33ba384aa0a16014d0becd1261-1.m3u8
ççº³æ¯ç»¼å,http://218.84.127.245:1026/hls/main1/playlist.m3u8?zxinjd,
ç§å±±ç»¼å,http://222.179.42.129:8181/hls1.m3u8
çåå¿ç»¼å,https://stream.hrbtv.net/zxpd/sd/live.m3u8
çå­ç»¼å,http://tv.drs.ganzitv.com:8100/channellive/gztv.flv
çèç»æµ,https://satellitepull.cnr.cn/live/wxgshhzs/playlist.m3u8
çèé½å¸,https://satellitepull.cnr.cn/live/wxgsdstb/playlist.m3u8
çªç¦ºç»¼å,http://video.epaper.pybtv.cn:8080/live/rtmp_live_demo.flv
ç½é¶ç»¼å,http://play.kankanlive.com/live/1720408089419110.m3u8
ç£ç³ç»¼å,http://stream3.jlntv.cn:80/aac_psgb/sd/live.m3u8
ç¥é¨ç»¼å,http://zbbf2.ahbztv.com/live/416.m3u8?zanhd
ç¦å·çæ´»,http://live.zohi.tv:80/video/s10001-fztv-3/index.m3u8
ç¦å»ºæ°é»,http://satellitepull.cnr.cn/live/wx32fjxwgb/playlist.m3u8
ç¦å»ºææ¸¸,https://live.264788.xyz/channel/fujianlvyou?streamid=8f26765ebf367079cef58c6b7752da1e&livekey=01WgOR41rriMmMkzNsd0UoaxJRwetZdxIvtVk
ç¦å»ºææ¸¸,https://live.264788.xyz/channel/fujianlvyou?streamid=221239fcf3c7edb274f2f0760fe47f96&livekey=01WgOR41rriMmMkzNsd0UoaxJRwetZdxIvtVk
ç¦å»ºç»æµ,http://satellitepull.cnr.cn/live/wx32fjdnjjgb/playlist.m3u8
ç¬¬ä¸è´¢ç»,http://satellitepull.cnr.cn/live/wx32dycjgb/playlist.m3u8
ç¬¬ä¸è´¢ç»,http://ls.qingting.fm/live/276.m3u8
ç»å´å¬å±,http://live.shaoxing.com.cn/video/s10001-sxtv2/index.m3u8
ç»å´çµè§å°å¬å±,http://live.shaoxing.com.cn/video/s10001-sxtv2/index.m3u8?%E5%85%B3%E6%B3%A8%E5%BE%AE%E4%BF%A1%E5%85%AC%E4%BC%97%E5%8F%B7[%E6%99%B4%E5%9B%AD]
ç¼äºæ°é»ç»¼å,http://l.cztvcloud.com/channels/lantian/SXjinyun1/720p.m3u8
ç¼äºç»¼å,http://l.cztvcloud.com/channels/lantian/SXjinyun1/720p.m3u8?zzhed
ç¼äºç»¼å,http://l.cztvcloud.com/channels/lantian/SXjinyun1/720p.m3u8?zzhed?
èå°æ°é»ç»¼å,http://stream8.jlntv.cn/shulan/sd/live.m3u8?_upt=332db6421699196585
上海都市剧场,http://39.77.158.228:4002/rtp/239.253.254.98:8000
北京新闻,http://38.75.136.137:82/live1/btv1.m3u8?id=btv9&usign=tnO5JvE7EOUNT8al6DLMiw
北京新闻,http://38.75.136.137:82/live1/jdtv2.m3u8?id=btv9&usign=tnO5JvE7EOUNT8al6DLMiw
MGM+WEST HD,http://108.181.20.255:27347/livehttpplay?channel_id=23073
MGM+HITS HD,http://108.181.20.255:27347/livehttpplay?channel_id=23074
MGM+MARQUE HD,http://108.181.20.255:27347/livehttpplay?channel_id=23075
MGM+DRIVE HD,http://108.181.20.255:27347/livehttpplay?channel_id=23076
CMT EAST HD,http://108.181.20.255:27347/livehttpplay?channel_id=23077
MTV EAST HD,http://108.181.20.255:27347/livehttpplay?channel_id=23078
NICK WEST HD,http://108.181.20.255:27347/livehttpplay?channel_id=23079
VH1 WEST HD,http://108.181.20.255:27347/livehttpplay?channel_id=23080
MTV LIVE HD,http://108.181.20.255:27347/livehttpplay?channel_id=23081
PARAMOUND EAST HD,http://108.181.20.255:27347/livehttpplay?channel_id=23082
COMEDY WEST HD,http://108.181.20.255:27347/livehttpplay?channel_id=23083
REVOLT HD,http://108.181.20.255:27347/livehttpplay?channel_id=23084
Story HD,http://108.181.20.255:27347/livehttpplay?channel_id=23085
UNIVERSO EAST HD,http://108.181.20.255:27347/livehttpplay?channel_id=23086
èåæ°é»ç»¼å,https://l.cztvcloud.com/channels/lantian/SXcangnan1/720p.m3u8
上海法治天地,http://39.77.158.228:4002/rtp/239.253.254.96:8000
上海游戏风云,http://39.77.158.228:4002/rtp/239.253.254.95:8000
北京卡酷少儿,http://38.75.136.137:82/live1/jsb.m3u8?id=btvkk&usign=tnO5JvE7EOUNT8al6DLMiw
北京卡酷少儿,http://38.75.136.137:82/live1/btv1.m3u8?id=btvkk&usign=tnO5JvE7EOUNT8al6DLMiw
北京卡酷少儿,http://38.75.136.137:82/live1/jsb1.m3u8?id=btvkk&usign=tnO5JvE7EOUNT8al6DLMiw
北京卡酷少儿,http://38.75.136.137:82/live1/jsb.m3u8?id=btvkk&ip=whus17&usign=tnO5JvE7EOUNT8al6DLMiw
北京卡酷少儿,http://38.75.136.137:82/live2/bfgd.m3u8?id=4200000106&usign=tnO5JvE7EOUNT8al6DLMiw
北京卡酷少儿,http://38.75.136.137:82/live1/jdtv2.m3u8?id=btvkk&usign=tnO5JvE7EOUNT8al6DLMiw
北京卡酷少儿,http://38.75.136.137:82/live1/jdtv2.m3u8?id=btvkk&usign=tnO5JvE7EOUNT8al6DLMiw
中国交通北京,http://38.75.136.137:82/live1/jdtv2.m3u8?id=zgjt&usign=tnO5JvE7EOUNT8al6DLMiw
生态环境频道,http://38.75.136.137:82/live2/bfgd.m3u8?id=4200000149&usign=tnO5JvE7EOUNT8al6DLMiw
生态环境频道,http://38.75.136.137:82/live1/jdtv2.m3u8?id=xyl&usign=tnO5JvE7EOUNT8al6DLMiw
生态环境频道,http://38.75.136.137:82/live1/jdtv2.m3u8?id=xyl&usign=tnO5JvE7EOUNT8al6DLMiw
车迷频道,http://38.75.136.137:82/live2/bfgd.m3u8?id=4200000146&usign=tnO5JvE7EOUNT8al6DLMiw
车迷频道,http://38.75.136.137:82/live1/jdtv2.m3u8?id=cmpd&usign=tnO5JvE7EOUNT8al6DLMiw
车迷频道,http://38.75.136.137:82/live1/jdtv2.m3u8?id=cmpd&usign=tnO5JvE7EOUNT8al6DLMiw
优优宝贝,http://38.75.136.137:82/live2/bfgd.m3u8?id=4200000153&usign=tnO5JvE7EOUNT8al6DLMiw
优优宝贝,http://38.75.136.137:82/live1/jdtv2.m3u8?id=yybb&usign=tnO5JvE7EOUNT8al6DLMiw
优优宝贝,http://38.75.136.137:82/live1/jdtv2.m3u8?id=yybb&usign=tnO5JvE7EOUNT8al6DLMiw
四海钓鱼,http://38.75.136.137:82/live1/jsb.m3u8?id=shdy&usign=tnO5JvE7EOUNT8al6DLMiw
四海钓鱼,http://38.75.136.137:82/live1/jsb1.m3u8?id=shdy&usign=tnO5JvE7EOUNT8al6DLMiw
上海生活时尚,http://39.77.158.228:4002/rtp/239.253.254.99:8000
UNIVERSO WEST HD,http://108.181.20.255:27347/livehttpplay?channel_id=23087
UNIVISION EAST HD,http://108.181.20.255:27347/livehttpplay?channel_id=23088
èå·æåçæ´»,https://live-auth.51kandianshi.com/szgd/csztv3.m3u8
èå·æ°é»ç»¼å,https://live-auth.51kandianshi.com/szgd/csztv1.m3u8
èå·çæ´»èµè®¯,https://live-auth.51kandianshi.com/szgd/csztv5.m3u8
èå·ç¤¾ä¼ç»æµ,https://live-auth.51kandianshi.com/szgd/csztv2.m3u8
èé¨æ°é»ç»¼å,http://stream.jmtv.com.cn/xwzh/sd/live.m3u8
èé¨æ°é»ç»¼å,https://stream.jmtv.com.cn/xwzh/playlist.m3u8?_upt=3e28e7271664278691
è¥ç»ç»¼å,https://m3u8channel-yj.yunxya.com/nmip-media/channellive/channel101140/playlist.m3u8
è¥ç»ç»¼å,https://file.ysxtv.cn/nmip-media/channellive/channel101492/playlist.m3u8
è¥ç»ç»¼å,http://file.ysxtv.cn/cms/videos/nmip-media/channellive/channel4/playlist.m3u8
è¥é³ç»¼å,http://tvpull.dxhmt.cn:9081/tv/10182-1.m3u8
è¥é³ç»¼å,http://tvpull.dxhmt.cn:9081/tv/10182-1.m3u8?zhend
è¥é³ç»¼å,http://tvpull.dxhmt.cn:9081/tv/10182-1.m3u8?wsSecret=df15530a0abec41b14bca00fc96270d1&wsTime=1654956569
è¥å±±çµè§å°,http://file.ysxtv.cn/cms/videos/nmip-media/channellive/channel4/playlist.m3u8?zsicd#http://file.ysxtv.cn/cms/videos/nmip-media/channellive/channel4/playlist.m3u8
上海东方财经,http://39.77.158.228:4002/rtp/239.253.254.94:8000
四海钓鱼,https://hlsbkmgsplive.miguvideo.com/wd_r4/peoplecn/shdiaoyu/1200/01.m3u8?&HlsSubType=&encrypt=
四海钓鱼,http://38.75.136.137:82/live2/bfgd.m3u8?id=4200000229&usign=tnO5JvE7EOUNT8al6DLMiw
UNIVISION WEST HD,http://108.181.20.255:27347/livehttpplay?channel_id=23089
GALAVISION EAST HD,http://108.181.20.255:27347/livehttpplay?channel_id=23090
GALAVISION WEST HD,http://108.181.20.255:27347/livehttpplay?channel_id=23091
UNIVISION TUDN USA HD,http://108.181.20.255:27347/livehttpplay?channel_id=23092
UNIMAS EAST HD,http://108.181.20.255:27347/livehttpplay?channel_id=23093
UNIMAS WEST HD,http://108.181.20.255:27347/livehttpplay?channel_id=23094
Pac-12 Network HD,http://108.181.20.255:27347/livehttpplay?channel_id=23095
MAVTV HD WEST,http://108.181.20.255:27347/livehttpplay?channel_id=23096
HGTV HD WEST,http://108.181.20.255:27347/livehttpplay?channel_id=23097
FOOD NETWORK HD WEST,http://108.181.20.255:27347/livehttpplay?channel_id=23098
TRAVEL CHANNEL HD WEST,http://108.181.20.255:27347/livehttpplay?channel_id=23099
GREAT AMERICAN FAMILY WEST,http://108.181.20.255:27347/livehttpplay?channel_id=23100
MAGNOLIA HD WES,http://108.181.20.255:27347/livehttpplay?channel_id=23101
è§å±±æ°é»ç»¼å,https://l.cztvcloud.com/channels/lantian/SXxiaoshan1/720p.m3u8
上海金色学堂,http://39.77.158.228:4002/rtp/239.253.254.101:8000
金鹰纪实,http://39.77.158.228:4002/rtp/239.253.254.103:8000
四海钓鱼,http://38.75.136.137:82/live1/jdtv2.m3u8?id=shdy&usign=tnO5JvE7EOUNT8al6DLMiw
四海钓鱼,http://38.75.136.137:82/live1/jdtv2.m3u8?id=shdy&usign=tnO5JvE7EOUNT8al6DLMiw
爱家购物,http://tvlive.siqiangame.com/ugotvlive/aijiatv.m3u8?auth_key=1860547259-0-0-77940e9d27746d1ae88f7d31e81191d0
环球旅游,http://38.75.136.137:82/live1/jsb.m3u8?id=hqly&usign=tnO5JvE7EOUNT8al6DLMiw
环球旅游,http://38.75.136.137:82/live1/jsb1.m3u8?id=hqly&usign=tnO5JvE7EOUNT8al6DLMiw
环球旅游,http://v.voosite.com/AppName/StreamName.m3u8
环球旅游,http://38.75.136.137:82/live2/bfgd.m3u8?id=4200000147&usign=tnO5JvE7EOUNT8al6DLMiw
环球旅游,http://38.75.136.137:82/live1/jdtv2.m3u8?id=hqly&usign=tnO5JvE7EOUNT8al6DLMiw
环球旅游,http://38.75.136.137:82/live1/jdtv2.m3u8?id=hqly&usign=tnO5JvE7EOUNT8al6DLMiw
中华特产,http://38.75.136.137:82/live1/jsb.m3u8?id=zhtc&usign=tnO5JvE7EOUNT8al6DLMiw
中华特产,http://38.75.136.137:82/live1/jsb1.m3u8?id=zhtc&usign=tnO5JvE7EOUNT8al6DLMiw
中华特产,http://38.75.136.137:82/live1/hatv.m3u8?id=hatv11&usign=tnO5JvE7EOUNT8al6DLMiw
中华特产,http://live.dxhmt.cn:9080/19903718786/854deb36f8db4c9098cad18cc35bd632.m3u8
中华特产,http://38.75.136.137:82/live2/bfgd.m3u8?id=4200000158&usign=tnO5JvE7EOUNT8al6DLMiw
中华特产,http://38.75.136.137:82/live1/jdtv2.m3u8?id=zhtc&usign=tnO5JvE7EOUNT8al6DLMiw
中华特产,http://38.75.136.137:82/live1/jdtv2.m3u8?id=zhtc&usign=tnO5JvE7EOUNT8al6DLMiw
房山无线频道,http://live.funhillrm.com/2/sd/live.m3u8
è§å±±çæ´»,https://l.cztvcloud.com/channels/lantian/SXxiaoshan2/720p.m3u8
Newsnation (WGNA) HD,http://108.181.20.255:27347/livehttpplay?channel_id=23102
MLB NETWORK HD,http://108.181.20.255:27347/livehttpplay?channel_id=23103
金鹰卡通,http://39.77.158.228:4002/rtp/239.253.254.117:8000
茶频道,http://39.77.158.228:4002/rtp/239.253.254.143:8000
北京卡酷少儿,http://39.77.158.228:4002/rtp/239.253.254.66:8000
河南梨园频道,http://39.77.158.228:4002/rtp/239.253.254.139:8000
河南文物宝库,http://39.77.158.228:4002/rtp/239.253.254.141:8000
河南武术世界,http://39.77.158.228:4002/rtp/239.253.254.140:8000
CGTN英语,http://39.77.158.228:4002/rtp/239.253.254.189:8000
CGTN纪录,http://39.77.158.228:4002/rtp/239.253.254.188:8000
CGTN西班牙语,http://39.77.158.228:4002/rtp/239.253.254.182:8000
CGTN阿拉伯语,http://39.77.158.228:4002/rtp/239.253.254.184:8000
CGTN俄语,http://39.77.158.228:4002/rtp/239.253.254.185:8000
中国交通,http://39.77.158.228:4002/rtp/239.253.254.177:8000
房山有线频道,http://live.funhillrm.com/5/sd/live.m3u8
è§å±±çæ´»,http://l.cztvcloud.com/channels/lantian/SXxiaoshan2/720p.m3u8?zzhed
è§å±±çæ´»,http://l.cztvcloud.com/channels/lantian/SXxiaoshan2/720p.m3u8?zzhed?
A&E HD,http://108.181.20.255:27347/livehttpplay?channel_id=23104
HISTORY EAST USA HD,http://108.181.20.255:27347/livehttpplay?channel_id=23105
LIFETIME EAST HD,http://108.181.20.255:27347/livehttpplay?channel_id=23106
LMN HD,http://108.181.20.255:27347/livehttpplay?channel_id=23107
fyi HD,http://108.181.20.255:27347/livehttpplay?channel_id=23108
Vice HD,http://108.181.20.255:27347/livehttpplay?channel_id=23109
bravo HD,http://108.181.20.255:27347/livehttpplay?channel_id=23110
SyFy  HD,http://108.181.20.255:27347/livehttpplay?channel_id=23111
USA HD,http://108.181.20.255:27347/livehttpplay?channel_id=23112
E! EAST HD,http://108.181.20.255:27347/livehttpplay?channel_id=23113
TV ONE HD,http://108.181.20.255:27347/livehttpplay?channel_id=23114
CNBC HD,http://108.181.20.255:27347/livehttpplay?channel_id=23115
MSNBC HD,http://108.181.20.255:27347/livehttpplay?channel_id=23116
CNBC WORLD HD,http://108.181.20.255:27347/livehttpplay?channel_id=23117
è§å±±ç»¼å,http://l.cztvcloud.com/channels/lantian/SXxiaoshan1/720p.m3u8
大兴电视台,http://38.75.136.137:82/live1/polyv.m3u8?id=bjdxtv1&usign=tnO5JvE7EOUNT8al6DLMiw
精彩影视,http://39.77.158.228:4002/rtp/239.253.254.142:8000
PARAMOUND CARIBE HD,http://108.181.20.255:27347/livehttpplay?channel_id=23118
è¡¡æ°´å¬å±,http://ls.qingting.fm/live/2810.m3u8
延庆电视台,https://videoplay.yanqingrmzx.com/yanqappvideo/yqingappvideo.m3u8?auth_key=1725670927-0-0-692111986e725c19ea6478b894e23911
石景山有线,http://live.sjsrm.com/bjsjs/sd/live.m3u8
顺义电视,https://livebjsy.chinamcache.com/live/zb02.m3u8
顺义电视,https://livebjsy.chinamcache.com/live/zb02.flv
昌平综合,http://38.75.136.137:82/live1/ady.m3u8?id=bjcptv1&usign=tnO5JvE7EOUNT8al6DLMiw
中国国际教育1,http://play.cec-tv.com.cn/channel/cec-tv1.m3u8
中国国际教育1,rtmp://play.cec-tv.com.cn/channel/cec-tv1
中国国际教育2,rtmp://play.cec-tv.com.cn/channel/cec-tv2
中国国际教育3,http://play.cec-tv.com.cn/channel/cec-tv3.m3u8
中国国际教育4,rtmp://play.cec-tv.com.cn/channel/cec-tv4
中国国际教育4,http://play.cec-tv.com.cn/channel/cec-tv4.m3u8
中国国际少儿电视台,https://livesec.mudu.tv/watch/bk8coj.m3u8
党员教育频道,https://12371wbndali.v.myalicdn.com/12371wbnd/dangyuanwang_2hd.m3u8
重庆新闻,http://38.75.136.137:82/live1/jsb.m3u8?id=cqxw&usign=tnO5JvE7EOUNT8al6DLMiw
青岛李沧,http://39.77.158.228:4002/rtp/239.253.254.253:8000
山东新闻频道,http://39.77.159.145:4002/rtp/239.253.254.23:8000
COMEDY CARIBE HD,http://108.181.20.255:27347/livehttpplay?channel_id=23119
è¡¡é³æ°é»ç»¼å,https://liveplay-srs.voc.com.cn/hls/tv/183_554704.m3u8
è¡¢æ±æ°é»ç»¼å,http://l.cztvcloud.com/channels/lantian/SXqujiang1/720p.m3u8?zzhed
è¥¿å®æ°é»ç»¼å,https://liveout.xntv.tv/a65jur/96iln2.m3u8?zqinghd
è¥¿å®æ°é»,http://112.46.105.20:8009/hls/28/index.m3u8
è¥¿å®é½å¸,http://112.46.105.20:8009/hls/29/index.m3u8
è¥¿å³°ç»¼å,https://play.kankanlive.com/live/1683944827526991.m3u8
è¯¸æ¨æ°é»ç»¼å,https://l.cztvcloud.com/channels/lantian/SXzhuji3/720p.m3u8
è¯¸æ¨æ°é»ç»¼å,http://l.cztvcloud.com/channels/lantian/SXzhuji3/720p.m3u8?zzhed
è±¡å±±æ°é»ç»¼å,http://l.cztvcloud.com/channels/lantian/SXxiangshan1/720p.m3u8
è±¡å±±ç»¼å,http://l.cztvcloud.com/channels/lantian/SXxiangshan1/720p.m3u8?zzhed
è±¡å±±ç»¼å,http://play-sh13.quklive.com/live/1702360350551252.m3u8?auth_key=2037107484-800189c57a5a44d3b823b60cf84f6756-0-a6f6828a62d5c167cff5e68735fa0d39
重庆新闻,http://38.75.136.137:82/live1/jsb1.m3u8?id=cqxw&usign=tnO5JvE7EOUNT8al6DLMiw
重庆新闻,http://38.75.136.137:82/live1/jsbv6.m3u8?id=cqxw&usign=tnO5JvE7EOUNT8al6DLMiw
山东综艺频道,http://39.77.159.145:4002/rtp/239.253.254.159:8000
CHV HD CHILE,http://108.181.20.255:27347/livehttpplay?channel_id=23500
NICK HD,http://108.181.20.255:27347/livehttpplay?channel_id=23501
TNT SERIES HD COLOMBIA,http://108.181.20.255:27347/livehttpplay?channel_id=23502
ESPN 4 HD,http://108.181.20.255:27347/livehttpplay?channel_id=23503
DHE HD,http://108.181.20.255:27347/livehttpplay?channel_id=23504
ESPN EXTRA HD,http://108.181.20.255:27347/livehttpplay?channel_id=23505
CARTOON NETWORK HD,http://108.181.20.255:27347/livehttpplay?channel_id=23506
DISCOVERY KIDS HD,http://108.181.20.255:27347/livehttpplay?channel_id=23507
FOX SPORTS 2 HD ARGENTINA,http://108.181.20.255:27347/livehttpplay?channel_id=23508
BABY FIRTS HD,http://108.181.20.255:27347/livehttpplay?channel_id=23509
SEÑAL COLOMBIA HD,http://108.181.20.255:27347/livehttpplay?channel_id=23510
ESPN 2 LATIONAMERICA HD,http://108.181.20.255:27347/livehttpplay?channel_id=23511
CANAL 1 HD COLOMBIA,http://108.181.20.255:27347/livehttpplay?channel_id=23512
CARACOL HD COLOMBIA,http://108.181.20.255:27347/livehttpplay?channel_id=23513
REDMAS HD COLOMBIA,http://108.181.20.255:27347/livehttpplay?channel_id=23514
RCN HD COLOMBIA,http://108.181.20.255:27347/livehttpplay?channel_id=23515
FOXSPORTS 3 HD ARGENTINA,http://108.181.20.255:27347/livehttpplay?channel_id=23516
DISNEY CHANELL HD,http://108.181.20.255:27347/livehttpplay?channel_id=23517
ESPN 3 HD COLOMBIA,http://108.181.20.255:27347/livehttpplay?channel_id=23518
TELETICA CANAL 7 COSTA RICA,http://108.181.20.255:27347/livehttpplay?channel_id=23519
UNIVERSAL REALITY HD,http://108.181.20.255:27347/livehttpplay?channel_id=23520
UNIVERSAL CINEMA HD,http://108.181.20.255:27347/livehttpplay?channel_id=23521
UNIVERSAL PREMIER HD,http://108.181.20.255:27347/livehttpplay?channel_id=23522
ESPN PREMIUM HD,http://108.181.20.255:27347/livehttpplay?channel_id=23523
CANAL 13 HD CHILE,http://108.181.20.255:27347/livehttpplay?channel_id=23524
TELEAMAZONAS HD ECUADOR,http://108.181.20.255:27347/livehttpplay?channel_id=23525
24 HORAS HD (CHILE),http://108.181.20.255:27347/livehttpplay?channel_id=23526
CITY TV SD,http://108.181.20.255:27347/livehttpplay?channel_id=23527
RCN NOVELAS SD,http://108.181.20.255:27347/livehttpplay?channel_id=23528
NICK JR HD,http://108.181.20.255:27347/livehttpplay?channel_id=23529
山东农科频道,http://39.77.159.145:4002/rtp/239.253.254.24:8000
重庆新闻,http://38.75.136.137:82/live1/cqtv1.m3u8?id=cqxw&usign=tnO5JvE7EOUNT8al6DLMiw
重庆新闻,http://38.75.136.137:82/live1/jsb.m3u8?id=cqxw&ip=whus30&usign=tnO5JvE7EOUNT8al6DLMiw
è¾åæ°é»ç»¼å,http://stream5.jlntv.cn/hn/sd/live.m3u8
è¾½å®é½å¸,https://ls.qingting.fm/live/1099/64k.m3u8
éåå¿ç»¼å,http://stream3.jlntv.cn:80/aac_thxgb/playlist.m3u8
éæç»¼å,http://l.cztvcloud.com/channels/lantian/SXsuichang1/720p.m3u8?zzhed
é¢å°çæ´»,https://jwcdnqx.hebyun.com.cn/live/xtcsshpd/1500k/tzwj_video.m3u8
é¢å°ç»¼å,https://jwplay.hebyun.com.cn:443/live/xtsrmtzs/1500k/tzwj_video.m3u8
é¢å°ç»¼å,http://jwplay.hebyun.com.cn/live/xtsrmtzs/1500k/tzwj_video.m3u8
é¯é¸å¬å±é¢é,https://jwcdnqx.hebyun.com.cn/live/hdgg/1500k/tzwj_video.m3u8
é¯é¸æ°é»,https://jwcdnqx.hebyun.com.cn/live/hdxwzh/1500k/tzwj_video.m3u8
é¯é¸ç§ææè²,https://jwcdnqx.hebyun.com.cn/live/hdkj/1500k/tzwj_video.m3u8
é½å¸å§åº,https://satellitepull.cnr.cn/live/wxcqxwgb/playlist.m3u8
LIFE TIME HD,http://108.181.20.255:27347/livehttpplay?channel_id=23530
ESPN HD COLOMBIA,http://108.181.20.255:27347/livehttpplay?channel_id=23531
山东齐鲁频道,http://39.77.159.145:4002/rtp/239.253.254.114:8000
山东少儿频道,http://39.77.159.145:4002/rtp/239.253.254.25:8000
重庆新闻,https://cqonsitecdn.cbgcloud.com/qf6jl2/tctiz9.m3u8
重庆社会与法,http://38.75.136.137:82/live1/jsb.m3u8?id=cqds&usign=tnO5JvE7EOUNT8al6DLMiw
重庆社会与法,http://38.75.136.137:82/live1/jsb1.m3u8?id=cqds&usign=tnO5JvE7EOUNT8al6DLMiw
重庆社会与法,http://38.75.136.137:82/live1/jsbv6.m3u8?id=cqds&usign=tnO5JvE7EOUNT8al6DLMiw
重庆社会与法,http://38.75.136.137:82/live1/jsb.m3u8?id=cqds&ip=whus30&usign=tnO5JvE7EOUNT8al6DLMiw
重庆红叶,http://38.75.136.137:82/live1/jsb.m3u8?id=cqkj&usign=tnO5JvE7EOUNT8al6DLMiw
重庆红叶,http://38.75.136.137:82/live1/jsb1.m3u8?id=cqkj&usign=tnO5JvE7EOUNT8al6DLMiw
重庆红叶,http://38.75.136.137:82/live1/jsbv6.m3u8?id=cqkj&usign=tnO5JvE7EOUNT8al6DLMiw
重庆红叶,http://38.75.136.137:82/live1/jsb.m3u8?id=cqkj&ip=whus30&usign=tnO5JvE7EOUNT8al6DLMiw
重庆影视剧,http://38.75.136.137:82/live1/jsb.m3u8?id=cqys&usign=tnO5JvE7EOUNT8al6DLMiw
重庆影视剧,http://38.75.136.137:82/live1/jsb1.m3u8?id=cqys&usign=tnO5JvE7EOUNT8al6DLMiw
重庆影视剧,http://38.75.136.137:82/live1/jsbv6.m3u8?id=cqys&usign=tnO5JvE7EOUNT8al6DLMiw
重庆影视剧,http://38.75.136.137:82/live1/jsb.m3u8?id=cqys&ip=whus30&usign=tnO5JvE7EOUNT8al6DLMiw
éå·æ°é»ç»¼å,http://live.jinchuanrmt.com:90/live/zhxw.m3u8
éå·æ°é»ç»¼å,http://live.jinchuanrmt.com:90/live/zhxw.m3u8?zsicd
ééµæ°é»ç»¼å,https://ls.qingting.fm/live/21303/64k.m3u8
éæ±äºå¥ç¤¾ä¼æ°ç,http://zjtv-wshls.homecdn.com/live/2aa16.m3u8
éæ±æ°é»ç»¼å,http://cm-wshls.homecdn.com/live/2aa50.m3u8
é¿å­ç»¼å,https://www.wxhcgbds.com:8081/channelTv/WXTV_1.m3u8?zshanxd
TELEANTIOQUIA HD COLOMBIA,http://108.181.20.255:27347/livehttpplay?channel_id=23532
山东生活频道,http://39.77.159.145:4002/rtp/239.253.254.151:8000
山东文旅频道,http://39.77.159.145:4002/rtp/239.253.254.160:8000
山东体育休闲,http://39.77.159.145:4002/rtp/239.253.254.22:8000
山东教育卫视,http://39.77.159.145:4002/rtp/239.253.254.59:8000
山东居家购物,http://39.77.159.145:4002/rtp/239.253.254.104:8000
青岛QTV1,http://39.77.159.145:4002/rtp/239.253.254.249:8000
青岛QTV2,http://39.77.159.145:4002/rtp/239.253.254.250:8000
重庆文体娱乐,http://38.75.136.137:82/live1/jsb.m3u8?id=cqyl&usign=tnO5JvE7EOUNT8al6DLMiw
重庆文体娱乐,http://38.75.136.137:82/live1/jsb1.m3u8?id=cqyl&usign=tnO5JvE7EOUNT8al6DLMiw
重庆文体娱乐,http://38.75.136.137:82/live1/jsb.m3u8?id=cqyl&ip=whus29&usign=tnO5JvE7EOUNT8al6DLMiw
重庆汽摩,http://38.75.136.137:82/live1/jsb.m3u8?id=cqqm&usign=tnO5JvE7EOUNT8al6DLMiw
重庆汽摩,http://38.75.136.137:82/live1/jsb1.m3u8?id=cqqm&usign=tnO5JvE7EOUNT8al6DLMiw
重庆汽摩,http://38.75.136.137:82/live1/jsbv6.m3u8?id=cqqm&usign=tnO5JvE7EOUNT8al6DLMiw
重庆汽摩,http://38.75.136.137:82/live1/jsb.m3u8?id=cqqm&ip=whus29&usign=tnO5JvE7EOUNT8al6DLMiw
重庆汽摩,http://38.75.136.137:82/live2/bfgd.m3u8?id=4200000168&usign=tnO5JvE7EOUNT8al6DLMiw
重庆汽摩,http://38.75.136.137:82/live1/jdtv2.m3u8?id=cqqm&usign=tnO5JvE7EOUNT8al6DLMiw
重庆汽摩,http://38.75.136.137:82/live1/jdtv2.m3u8?id=cqqm&usign=tnO5JvE7EOUNT8al6DLMiw
é¿å½±é¢é,http://tpc.x3322.net:9901/tsfile/live/1010_1.m3u8
TELEPACIFICO HD COLOMBIA,http://108.181.20.255:27347/livehttpplay?channel_id=23533
TELECARIBE HD COLOMBIA,http://108.181.20.255:27347/livehttpplay?channel_id=23534
IVC HD VENEZUELA,http://108.181.20.255:27347/livehttpplay?channel_id=23535
EUROPA HD,http://108.181.20.255:27347/livehttpplay?channel_id=23536
DIRECTV SPORTS COLOMBIA HD,http://108.181.20.255:27347/livehttpplay?channel_id=23537
DIRECTV SPORTS2 HD COLOMBIA,http://108.181.20.255:27347/livehttpplay?channel_id=23538
青岛QTV3,http://39.77.159.145:4002/rtp/239.253.254.251:8000
青岛QTV4,http://39.77.159.145:4002/rtp/239.253.254.252:8000
青岛生活频道,http://39.77.159.145:4002/rtp/239.253.254.244:8000
青岛综合频道,http://39.77.159.145:4002/rtp/239.253.254.243:8000
莱西综合频道,http://39.77.159.145:4002/rtp/239.253.254.247:8000
崂山电视台,http://39.77.159.145:4002/rtp/239.253.254.242:8000
平度新闻综合,http://39.77.159.145:4002/rtp/239.253.254.248:8000
海洋频道,http://39.77.159.145:4002/rtp/239.253.254.67:8000
综合1,http://39.77.159.145:4002/rtp/239.253.254.245:8000
综合2,http://39.77.159.145:4002/rtp/239.253.254.246:8000
CHC影迷电影,http://39.77.159.145:4002/rtp/239.253.254.154:8000
上海动漫秀场,http://39.77.159.145:4002/rtp/239.253.254.115:8000
重庆少儿,http://38.75.136.137:82/live1/jsb.m3u8?id=cqse&usign=tnO5JvE7EOUNT8al6DLMiw
é¿æ²æ°é»ç»¼å,http://ls.qingting.fm/live/4877.m3u8
DIRECTV SPORTS+ HD COLOMBIA,http://108.181.20.255:27347/livehttpplay?channel_id=23539
DIRECTV SPORTS FIGHT HD,http://108.181.20.255:27347/livehttpplay?channel_id=23540
TC ECUADOR,http://108.181.20.255:27347/livehttpplay?channel_id=23541
WIN SPORTS PREMIUM  COL,http://108.181.20.255:27347/livehttpplay?channel_id=23542
PX SPORTS HD,http://108.181.20.255:27347/livehttpplay?channel_id=23543
ON DIRECTV HD,http://108.181.20.255:27347/livehttpplay?channel_id=23544
TV CORTOS  HD,http://108.181.20.255:27347/livehttpplay?channel_id=23545
FOOD NETWORK HD,http://108.181.20.255:27347/livehttpplay?channel_id=23546
HGTV HD,http://108.181.20.255:27347/livehttpplay?channel_id=23547
WinSports HD,http://108.181.20.255:27347/livehttpplay?channel_id=23548
Tigo sports costa rica,http://108.181.20.255:27347/livehttpplay?channel_id=23549
UNIVERSAL COMEDY HD,http://108.181.20.255:27347/livehttpplay?channel_id=23550
UNIVERTSAL CRIMEN HD,http://108.181.20.255:27347/livehttpplay?channel_id=23551
MOVISTAR DEPORTES PERU HD,http://108.181.20.255:27347/livehttpplay?channel_id=23552
CANAL DE FUTBOL HD,http://108.181.20.255:27347/livehttpplay?channel_id=23553
GOL PERU HD,http://108.181.20.255:27347/livehttpplay?channel_id=23554
上海都市剧场,http://39.77.159.145:4002/rtp/239.253.254.98:8000
重庆少儿,http://38.75.136.137:82/live1/jsb1.m3u8?id=cqse&usign=tnO5JvE7EOUNT8al6DLMiw
重庆少儿,http://38.75.136.137:82/live1/jsbv6.m3u8?id=cqse&usign=tnO5JvE7EOUNT8al6DLMiw
é¿ç½å±±çµè§å°,http://stream8.jlntv.cn/cbstv/sd/live.m3u8?zjild
é¿ç½æè¯­,http://hplayer1.juyun.tv:80/camera/11344136.m3u8
éè¥¿å¬å±,http://ls.qingting.fm/live/1222.m3u8
éè¥¿æ°é»å¨è¯¢,http://112.46.105.20:8009/hls/18/index.m3u8
éè¥¿ç§¦è,http://112.46.105.20:8009/hls/22/index.m3u8
éè¥¿é½å¸éæ¥,http://112.46.105.20:8009/hls/19/index.m3u8
éè¥¿é¶é¾,http://112.46.105.20:8009/hls/20/index.m3u8
éå®æ°é»ç»¼å,https://play.yunxya.com/channellive/xinwen.m3u8
éå·ç»¼å,http://qcfile.qcrmt.com/nmip-media/channellive/channel100933/playlist.m3u8
éç°çµè§å°,http://l.cztvcloud.com/channels/lantian/SXqingtian1/720p.m3u8
éå®ç»¼å,http://stream9.jlntv.cn:80/aac_jygb/playlist.m3u8
éæ±æ°é»ç»¼å,http://ls.qingting.fm/live/23797.m3u8
é»å±±å¬å±çæ´»,http://hslive.hsnewsnet.com/lsdream/iY92ady/1000/live.m3u8?zanhd
LOVE NATURE HD,http://108.181.20.255:27347/livehttpplay?channel_id=23555
GOL TV ECUADOR,http://108.181.20.255:27347/livehttpplay?channel_id=23556
上海法治天地,http://39.77.159.145:4002/rtp/239.253.254.96:8000
重庆少儿,http://38.75.136.137:82/live1/jsb.m3u8?id=cqse&ip=whus29&usign=tnO5JvE7EOUNT8al6DLMiw
重庆新农村,http://38.75.136.137:82/live1/jsb.m3u8?id=cqgg&usign=tnO5JvE7EOUNT8al6DLMiw
重庆新农村,http://38.75.136.137:82/live1/jsb1.m3u8?id=cqgg&usign=tnO5JvE7EOUNT8al6DLMiw
重庆新农村,http://38.75.136.137:82/live1/jsbv6.m3u8?id=cqgg&usign=tnO5JvE7EOUNT8al6DLMiw
重庆新农村,http://38.75.136.137:82/live1/jsb.m3u8?id=cqgg&ip=whus28&usign=tnO5JvE7EOUNT8al6DLMiw
重庆红岩文化,http://38.75.136.137:82/live1/jsb.m3u8?id=cqss&usign=tnO5JvE7EOUNT8al6DLMiw
重庆红岩文化,http://38.75.136.137:82/live1/jsb1.m3u8?id=cqss&usign=tnO5JvE7EOUNT8al6DLMiw
重庆红岩文化,http://38.75.136.137:82/live1/jsbv6.m3u8?id=cqss&usign=tnO5JvE7EOUNT8al6DLMiw
重庆红岩文化,http://38.75.136.137:82/live1/jsb.m3u8?id=cqss&ip=whus29&usign=tnO5JvE7EOUNT8al6DLMiw
重庆移动公交,http://qxlmlive9.cbg.cn/app_2/ls_58.stream/chunklist.m3u8
重庆移动机场,http://qxlmlive9.cbg.cn/app_2/ls_57.stream/chunklist.m3u8
重庆重广融媒,http://38.75.136.137:82/live1/jsb.m3u8?id=cqjc&usign=tnO5JvE7EOUNT8al6DLMiw
重庆重广融媒,http://38.75.136.137:82/live1/jsb1.m3u8?id=cqjc&usign=tnO5JvE7EOUNT8al6DLMiw
重庆重广融媒,http://38.75.136.137:82/live1/jsbv6.m3u8?id=cqjc&usign=tnO5JvE7EOUNT8al6DLMiw
é»å±±æ°é»ç»¼å,http://hslive.hsnewsnet.com/lsdream/hve9Wjs/1000/live.m3u8
é»å±±æ°é»ç»¼å,http://hslive.hsnewsnet.com/lsdream/hve9Wjs/1000/live.m3u8?zanhd
é»é¾æ±æä½,https://idclive.hljtv.com:4430/live/hljwy_hd.m3u8
上海游戏风云,http://39.77.159.145:4002/rtp/239.253.254.95:8000
上海生活时尚,http://39.77.159.145:4002/rtp/239.253.254.99:8000
CNN CHILE HD,http://108.181.20.255:27347/livehttpplay?channel_id=23557
TNT SPORTS CHILE HD,http://108.181.20.255:27347/livehttpplay?channel_id=23558
FOX SPORTS CHILE HD,http://108.181.20.255:27347/livehttpplay?channel_id=23559
ESPN2 HD CHILE,http://108.181.20.255:27347/livehttpplay?channel_id=23560
AMERICA TV HD PERU,http://108.181.20.255:27347/livehttpplay?channel_id=23561
LATINA HD,http://108.181.20.255:27347/livehttpplay?channel_id=23562
MEGA TV HD,http://108.181.20.255:27347/livehttpplay?channel_id=23563
DHE HD,http://108.181.23.41:80/livehttpplay?channel_id=23504
SEÑAL COLOMBIA HD,http://108.181.23.41:80/livehttpplay?channel_id=23510
CARACOL HD COLOMBIA,http://108.181.23.41:80/livehttpplay?channel_id=23513
RCN HD COLOMBIA,http://108.181.23.41:80/livehttpplay?channel_id=23515
DISNEY CHANELL HD,http://108.181.23.41:80/livehttpplay?channel_id=23517
ESPN PREMIUM HD,http://108.181.23.41:80/livehttpplay?channel_id=23523
TELEANTIOQUIA HD COLOMBIA,http://108.181.23.41:80/livehttpplay?channel_id=23532
WIN SPORTS PREMIUM  COL,http://108.181.23.41:80/livehttpplay?channel_id=23542
ON DIRECTV HD,http://108.181.23.41:80/livehttpplay?channel_id=23544
WinSports HD,http://108.181.23.41:80/livehttpplay?channel_id=23548
UNIVERSAL COMEDY HD,http://108.181.23.41:80/livehttpplay?channel_id=23550
GOLDEN PLUS MX HD,http://108.181.23.41:80/livehttpplay?channel_id=23623
重庆重广融媒,http://38.75.136.137:82/live1/jsb.m3u8?id=cqjc&ip=whus28&usign=tnO5JvE7EOUNT8al6DLMiw
重庆时尚购物,https://cqonsitecdn.cbgcloud.com/161o3l/5tu7tm.m3u8
上海东方财经,http://39.77.159.145:4002/rtp/239.253.254.94:8000
é»é¾æ±æ°é»,https://ls.qingting.fm/live/4974/64k.m3u8
é»é¾æ±é½å¸,https://idclive.hljtv.com:4430/live/dushi_hd.m3u8
é¾äºç»¼å,http://stream9.jlntv.cn:80/aac_longjinggb/playlist.m3u8
é¾æ³æ°é»ç»¼å,http://l.cztvcloud.com/channels/lantian/SXlongquan1/720p.m3u8
é¾æ¸¸æ°é»ç»¼å,https://l.cztvcloud.com/channels/lantian/SXlongyou1/720p.m3u8
é¾æ¸¸æ°é»ç»¼å,http://l.cztvcloud.com/channels/lantian/SXlongyou1/720p.m3u8?zzhed
é¾æ¸¸çæ´»å¨±ä¹,https://l.cztvcloud.com/channels/lantian/SXlongyou2/720p.m3u8
é¾æ¸¸çæ´»å¨±ä¹,http://l.cztvcloud.com/channels/lantian/SXlongyou2/720p.m3u8?zzhed
CGTNçºªå½,https://english-livetx.cgtn.com/hls/yypdjlctzb_hd.m3u8
CGTNçºªå½,https://0472.org/hls/cgtnd.m3u8
NTN 24 HORAS,http://108.181.23.41:80/livehttpplay?channel_id=23705
UK ULTRA,http://mypanel-4k.com:80/me52pjdqa6/dt2t9r16ja/1451783
SERVICE INFORMATION,http://mypanel-4k.com:80/me52pjdqa6/dt2t9r16ja/1515133
BBC1,http://mypanel-4k.com:80/me52pjdqa6/dt2t9r16ja/693835
上海金色学堂,http://39.77.159.145:4002/rtp/239.253.254.101:8000
金鹰纪实,http://39.77.159.145:4002/rtp/239.253.254.103:8000
金鹰卡通,http://39.77.159.145:4002/rtp/239.253.254.117:8000
重庆时尚购物,http://38.75.136.137:82/live1/jdtv2.m3u8?id=cqgw&usign=tnO5JvE7EOUNT8al6DLMiw
重庆时尚购物,http://38.75.136.137:82/live1/jdtv2.m3u8?id=cqgw&usign=tnO5JvE7EOUNT8al6DLMiw
铜梁综合,https://tlpc01.cqliving.com:443/ch1.m3u8
万州综合频道,http://wanzhoulive.cbg.cn:8017/iTXwrGs/800/live.m3u8
万州综合频道,http://123.146.162.24:8013/tslslive/noEX9SG/hls/live_sd.m3u8
万州综合频道,http://123.146.162.24:8017/iTXwrGs/800/live.m3u8
万州三峡移民,http://wanzhoulive.cbg.cn:8017/c2F0hmi/1000/live.m3u8
万州三峡移民,http://123.146.162.24:8013/tslslive/PU2vzMI/hls/live_sd.m3u8
万州三峡移民,http://123.146.162.24:8017/c2F0hmi/1000/live.m3u8
èªæä¸­å½ç¬¬äºå­£,http://newcntv.qcloudcdn.com/asp/hls/4000/0303000a/3/default/2bdfdad540b342f592f9817cb7f3b79a/4000.m3u8
ä¸ä¸°,http://stream5.jlntv.cn/df/sd/live.m3u8?zjild
ä¸­å½æåº,http://newcntv.qcloudcdn.com/asp/hls/4000/0303000a/3/default/93fc12dbf14241c18c23da104fbade23/4000.m3u8
BBC2,http://mypanel-4k.com:80/me52pjdqa6/dt2t9r16ja/693836
BBC NEWS,http://mypanel-4k.com:80/me52pjdqa6/dt2t9r16ja/693834
SKY CINEMA FAMILY,http://mypanel-4k.com:80/me52pjdqa6/dt2t9r16ja/138166
SKY CINEMA ACTION,http://mypanel-4k.com:80/me52pjdqa6/dt2t9r16ja/138160
茶频道,http://39.77.159.145:4002/rtp/239.253.254.143:8000
北京卡酷少儿,http://39.77.159.145:4002/rtp/239.253.254.66:8000
河南梨园频道,http://39.77.159.145:4002/rtp/239.253.254.139:8000
河南文物宝库,http://39.77.159.145:4002/rtp/239.253.254.141:8000
河南武术世界,http://39.77.159.145:4002/rtp/239.253.254.140:8000
CGTN英语,http://39.77.159.145:4002/rtp/239.253.254.189:8000
CGTN纪录,http://39.77.159.145:4002/rtp/239.253.254.188:8000
CGTN西班牙语,http://39.77.159.145:4002/rtp/239.253.254.182:8000
CGTN阿拉伯语,http://39.77.159.145:4002/rtp/239.253.254.184:8000
CGTN俄语,http://39.77.159.145:4002/rtp/239.253.254.185:8000
中国交通,http://39.77.159.145:4002/rtp/239.253.254.177:8000
精彩影视,http://39.77.159.145:4002/rtp/239.253.254.142:8000
青岛李沧,http://39.77.159.145:4002/rtp/239.253.254.253:8000
SKY SPORTS ACTION,http://mypanel-4k.com:80/me52pjdqa6/dt2t9r16ja/190954
巴南综合频道,http://live.cqbntv.com/bnmc/tv0709.m3u8
ä¹æ±çºªå½,https://ali-m-l.cztv.com/channels/lantian/channel012/1080p.m3u8
ä¹æ±çºªå½,https://ali-m-l.cztv.com/channels/lantian/channel12/720p.m3u8
ä¹å°,http://stream10.jlntv.cn/jiutaitv/sd/live.m3u8?zjild
äººä¸èªç¶,http://newcntv.qcloudcdn.com/asp/hls/1200/0303000a/3/default/1425e1d505654cb48ba82b807b221193/1200.m3u8
ä¼çç»´å¾å°,http://110.153.180.106:55555/out_2/index.m3u8?zxinjd
åµå¢äºå¸åæ²³å½±,https://liveout.btzx.com.cn/62ds9e/6o77s4.m3u8?zxinjd
åè¾½,http://stream5.jlntv.cn/sl/sd/live.m3u8?zjild
å°çä¸­å½,http://newcntv.qcloudcdn.com/asp/hls/1200/0303000a/3/default/c6baf6f74bb944aeacee1065ea72c798/1200.m3u8
å¥å±¯æ±è¯­,http://218.84.12.186:8001/hls/main/playlist.m3u8?zxinjd
æ¦åä¸å¥,http://stream8.jlntv.cn/dhtv/playlist.m3u8?zjild
æ³æ²³,http://stream5.jlntv.cn/lh/sd/live.m3u8?zjild
æ¡¦ç¸,http://stream10.jlntv.cn/huadian/sd/live.m3u8?zjild
æ±æ´¥æ°é»,http://222.179.155.21:1935/ch1.m3u8?zzhongqd
æ±ªæ¸,http://stream5.jlntv.cn/wq/sd/live.m3u8?zjild
ççº³æ¯,http://218.84.127.245:1026/hls/main1/playlist.m3u8?zxinjd
ç²æ¥æ°é»,http://stream8.jlntv.cn/hctv/sd/live.m3u8?zjild
ç½å±±å¬å±,http://stream8.jlntv.cn/baishan2/playlist.m3u8?zjild
ç£ç³,http://stream5.jlntv.cn/ps/sd/live.m3u8?zjild
èªç¶ä¼ å¥,http://newcntv.qcloudcdn.com/asp/hls/1200/0303000a/3/default/81a1ad3a661748bfb8560c92d38204ca/1200.m3u8
èå°æ°é»,http://stream8.jlntv.cn/shulan/sd/live.m3u8?zjild
云阳综合频道,https://live.yunyangwang.com/live/dszb.m3u8
ALIBI,http://mypanel-4k.com:80/me52pjdqa6/dt2t9r16ja/693833
Bloomberg,http://mypanel-4k.com:80/me52pjdqa6/dt2t9r16ja/693837
Boomerang,http://mypanel-4k.com:80/me52pjdqa6/dt2t9r16ja/693838
Cartoon Network,http://mypanel-4k.com:80/me52pjdqa6/dt2t9r16ja/693839
CHANNEL 4,http://mypanel-4k.com:80/me52pjdqa6/dt2t9r16ja/693840
CHANNEL 5,http://mypanel-4k.com:80/me52pjdqa6/dt2t9r16ja/693841
Colors,http://mypanel-4k.com:80/me52pjdqa6/dt2t9r16ja/693842
Comedy Central,http://mypanel-4k.com:80/me52pjdqa6/dt2t9r16ja/693843
Crime Investigation,http://mypanel-4k.com:80/me52pjdqa6/dt2t9r16ja/693844
Dazn PPV,http://mypanel-4k.com:80/me52pjdqa6/dt2t9r16ja/693897
Discovery,http://mypanel-4k.com:80/me52pjdqa6/dt2t9r16ja/693845
E4,http://mypanel-4k.com:80/me52pjdqa6/dt2t9r16ja/693846
Eurosports 1,http://mypanel-4k.com:80/me52pjdqa6/dt2t9r16ja/693847
Eurosports 2,http://mypanel-4k.com:80/me52pjdqa6/dt2t9r16ja/693848
FILM 4,http://mypanel-4k.com:80/me52pjdqa6/dt2t9r16ja/693849
GB News,http://mypanel-4k.com:80/me52pjdqa6/dt2t9r16ja/693850
GOLD,http://mypanel-4k.com:80/me52pjdqa6/dt2t9r16ja/693851
ITV1,http://mypanel-4k.com:80/me52pjdqa6/dt2t9r16ja/693855
梁平综合频道,https://qxlmlive9.cbg.cn/applive/lplive01/chunklist.m3u8
璧山综合频道,http://222.179.42.129:8181/hls1.m3u8
è¾åæ°é»,http://stream5.jlntv.cn/hn/sd/live.m3u8?zjild
éåå¿,http://stream5.jlntv.cn/thx/sd/live.m3u8?zjild
éå®,http://stream8.jlntv.cn/jytv/sd/live.m3u8?zjild
é£ç¢ä¹è°01,https://hls.cntv.lxdns.com/asp/hls/2000/0303000a/3/default/f0a47e155d32450daa1d36a04fd7d262/2000.m3u8
é£ç¢ä¹è°02,https://newcntv.qcloudcdn.com/asp/hls/2000/0303000a/3/default/d2454bbb542d4613a9db478dab2addfd/2000.m3u8
é¾äº,http://stream8.jlntv.cn/ljtv/sd/live.m3u8?zjild
ç²¾åä½è²,https://epg.pw/stream/866a097a0907c9832440f8df38272dd555abf05200dfbafcc137e214c9b30ca7.m3u8
ç²¾åä½è²,https://epg.pw/stream/94ed0232b61ce8d89883160a4cdfbfc8f3225cae70ef8e17d93eec249a3c8ad6.m3u8
ç²¾åä½è²,https://epg.pw/stream/f7556eccd4ae06b0c2991fdc7a4f8388496559f728cc82459a8e50346040e226.m3u8
å¹¿ä¸ä½è²,http://218.13.170.98:9901/tsfile/live/0019_1.m3u8
å¹¿ä¸ä½è²,http://183.11.239.36:808/hls/2/index.m3u8
çº¬æ¥ä½è²,https://epg.pw/stream/ab6df63b64d0cc44a1f4f029ed847a26fa54a7aebd455578fb05a63f02c22f4b.m3u8
çº¬æ¥ä½è²,https://epg.pw/stream/8855a9936e37e608a0ec8a014cce1673dee9c5d68d560da376cc92e5edef2b25.m3u8
çº¬æ¥ä½è²,https://epg.pw/stream/4f18dfe0593db5c686eb64ae8edaf2a9202d4d46bdc9bbde2cee27708e12ea01.m3u8
å®å¾½ç»¼èºä½è²,http://112.27.235.94:8000/hls/25/index.m3u8
æ¼«ç»è§£è¯´,https://www.goodiptv.club/douyu/5907076
AMCé³ä¹,https://AMChls.wns.live/hls/stream.m3u8
é³ä¹æ¬£èµ,http://61.221.215.25:8800/hls/49/index.m3u8
é³ä¹ç°åº,https://satellitepull.cnr.cn/live/wx32nmgyygb/playlist.m3u8
1987å¹´æ¥æ,https://txmov2.a.kwimgs.com/bs3/video-hls/5195746663405928031_hlsb.m3u8
1988å¹´æ¥æ,https://txmov2.a.kwimgs.com/bs3/video-hls/5216575810935394655_hlsb.m3u8
1989å¹´æ¥æ,https://txmov2.a.kwimgs.com/bs3/video-hls/5194620763762726260_hlsb.m3u8
1993å¹´æ¥æ,https://alimov2.a.kwimgs.com/upic/2023/01/13/22/BMjAyMzAxMTMyMjEwMDNfNDAzMDAxOTlfOTM1MTIzMzYwODJfMF8z_b_B647d10e431b4cc5e48e6c77347d69021.mp4
1994å¹´æ¥æ,https://alimov2.a.kwimgs.com/upic/2023/01/13/22/BMjAyMzAxMTMyMjEwMDNfNDAzMDAxOTlfOTM1MTIzMzYxMjNfMF8z_b_B3dde97f36273f04403d4dc5eec611a35.mp4
1995å¹´æ¥æ,https://alimov2.a.kwimgs.com/upic/2023/01/13/20/BMjAyMzAxMTMyMDA5MjJfNDAzMDAxOTlfOTM0OTkwNDQwNzVfMF8z_b_B811c0dec6b9a3d3074a18522c185010a.mp4
永川综合频道,https://qxlmlive9.cbg.cn/applive/yctv01/playlist.m3u8
潼南综合频道,http://183.230.184.51:65500/tntv1.m3u8
ITV 2,http://mypanel-4k.com:80/me52pjdqa6/dt2t9r16ja/693852
ITV 3,http://mypanel-4k.com:80/me52pjdqa6/dt2t9r16ja/693853
ITV 4,http://mypanel-4k.com:80/me52pjdqa6/dt2t9r16ja/693854
LFC,http://mypanel-4k.com:80/me52pjdqa6/dt2t9r16ja/693856
More4,http://mypanel-4k.com:80/me52pjdqa6/dt2t9r16ja/693857
MTV,http://mypanel-4k.com:80/me52pjdqa6/dt2t9r16ja/693858
MUTV,http://mypanel-4k.com:80/me52pjdqa6/dt2t9r16ja/693859
Nat Geo WIld,http://mypanel-4k.com:80/me52pjdqa6/dt2t9r16ja/693860
National Geo,http://mypanel-4k.com:80/me52pjdqa6/dt2t9r16ja/693861
Nick Jr,http://mypanel-4k.com:80/me52pjdqa6/dt2t9r16ja/693863
NICK,http://mypanel-4k.com:80/me52pjdqa6/dt2t9r16ja/693862
RTE 1,http://mypanel-4k.com:80/me52pjdqa6/dt2t9r16ja/693865
RTE 2,http://mypanel-4k.com:80/me52pjdqa6/dt2t9r16ja/693866
SKY ARTS,http://mypanel-4k.com:80/me52pjdqa6/dt2t9r16ja/693867
SKY ATLANTIC,http://mypanel-4k.com:80/me52pjdqa6/dt2t9r16ja/693868
SKY COMEDY,http://mypanel-4k.com:80/me52pjdqa6/dt2t9r16ja/693869
SKY CRIME,http://mypanel-4k.com:80/me52pjdqa6/dt2t9r16ja/693870
SKY HISTORY 2,http://mypanel-4k.com:80/me52pjdqa6/dt2t9r16ja/693872
SKY KIDS,http://mypanel-4k.com:80/me52pjdqa6/dt2t9r16ja/693873
SKY NEWS,http://mypanel-4k.com:80/me52pjdqa6/dt2t9r16ja/693875
SKY SHOWCASE,http://mypanel-4k.com:80/me52pjdqa6/dt2t9r16ja/693876
SKY SPORTS NEWS,http://mypanel-4k.com:80/me52pjdqa6/dt2t9r16ja/138133
Sky Sports News,http://mypanel-4k.com:80/me52pjdqa6/dt2t9r16ja/693881
Sky Sports Football,http://mypanel-4k.com:80/me52pjdqa6/dt2t9r16ja/693877
Sky Sports Golf,http://mypanel-4k.com:80/me52pjdqa6/dt2t9r16ja/693878
合川综合频道,http://125.62.24.72:8030/ch0.m3u8
酉阳新闻综合,http://qxlmlive9.cbg.cn/applive/youytv01/playlist.m3u8
1996å¹´æ¥æ,https://alimov2.a.kwimgs.com/upic/2023/01/13/22/BMjAyMzAxMTMyMjEwMDNfNDAzMDAxOTlfOTM1MTIzMzYxNTJfMF8z_b_Bd841eae10ab1c9955ef55fbedfae6c45.mp4
2000å¹´æ¥æ,https://alimov2.a.kwimgs.com/upic/2023/01/13/21/BMjAyMzAxMTMyMTE4MzRfNDAzMDAxOTlfOTM1MDY4ODIxMTNfMF8z_b_Bdddf4e7ef0ff6cfd477857bb40e78419.mp4
2001å¹´æ¥æ,https://alimov2.a.kwimgs.com/upic/2023/01/13/20/BMjAyMzAxMTMyMDA5MjJfNDAzMDAxOTlfOTM0OTkwNDQyMDFfMF8z_b_B70592cb7c4054e9cabb675e849bbf4bd.mp4
2002å¹´æ¥æ,https://alimov2.a.kwimgs.com/upic/2023/01/13/21/BMjAyMzAxMTMyMTE4MzRfNDAzMDAxOTlfOTM1MDY4ODIxNDdfMF8z_b_Ba6271d10b7e6cfae83759033a091f257.mp4
2003å¹´æ¥æ,https://alimov2.a.kwimgs.com/upic/2023/01/14/23/BMjAyMzAxMTQyMzQxNDdfNDAzMDAxOTlfOTM2MTU0MTk1NDFfMF8z_b_B182749d2cd2ea9323639254af385f24b.mp4
2004å¹´æ¥æ,https://alimov2.a.kwimgs.com/upic/2023/01/13/21/BMjAyMzAxMTMyMTE4MzRfNDAzMDAxOTlfOTM1MDY4ODIxOTVfMF8z_b_B86c4430b82ff5a7f4e8132f6ee558536.mp4
2005å¹´æ¥æ,https://alimov2.a.kwimgs.com/upic/2023/01/13/20/BMjAyMzAxMTMyMDA5MjJfNDAzMDAxOTlfOTM0OTkwNDQyMzhfMF8z_b_B35ad7cc86aec8fc9e5ddfb31fc7bed63.mp4
2006å¹´æ¥æ,https://alimov2.a.kwimgs.com/upic/2023/01/13/20/BMjAyMzAxMTMyMDA5MjJfNDAzMDAxOTlfOTM0OTkwNDQyNzlfMF8z_b_Bbc3703fc331dc994c50859c19aad28ff.mp4
2007å¹´æ¥æ,https://alimov2.a.kwimgs.com/upic/2023/01/13/20/BMjAyMzAxMTMyMDA5MjJfNDAzMDAxOTlfOTM0OTkwNDQzMjNfMF8z_b_B00b069c7899976459ceeaa99353dfefe.mp4
2009å¹´æ¥æ,https://alimov2.a.kwimgs.com/upic/2023/01/13/20/BMjAyMzAxMTMyMDA5MjJfNDAzMDAxOTlfOTM0OTkwNDQzOTBfMF8z_b_B29a36a85e0277f6c2a1f033ef7c10708.mp4
2010å¹´æ¥æ,https://alimov2.a.kwimgs.com/upic/2023/01/13/20/BMjAyMzAxMTMyMDA5MjJfNDAzMDAxOTlfOTM0OTkwNDQ0MjlfMF8z_b_B8818807a00eed329a69fb494f405bd43.mp4
2013å¹´æ¥æ,https://alimov2.a.kwimgs.com/upic/2023/01/13/20/BMjAyMzAxMTMyMDA5MjJfNDAzMDAxOTlfOTM0OTkwNDQ1NjNfMF8z_b_B4fea55408dca4471a68a963ae096be59.mp4
2014å¹´æ¥æ,https://alimov2.a.kwimgs.com/upic/2023/01/06/16/BMjAyMzAxMDYxNjMxMTNfNDAzMDAxOTlfOTI4OTY2ODAzNjlfMF8z_b_Bdee65c77f9e7b2120a185c919dad81d2.mp4
2018å¹´æ¥æ,https://alimov2.a.kwimgs.com/upic/2023/01/06/16/BMjAyMzAxMDYxNjMxMTRfNDAzMDAxOTlfOTI4OTY2ODE2MTBfMF8z_b_B11a778e34390a21de42d407e94f45b91.mp4
2024å¹´æ¥æ,https://p2.bdstatic.com/rtmp.liveshow.lss-user.baidubce.com/live/stream_bduid_6488563992_8982723413/merged_1707497046297_88536_25144_41936.m3u8
2025å¹´æ¥æ,https://svip.high24-playback.com/20250129/17159_7bca93c4/2000k/hls/mixed.m3u8
开州综合频道,https://qxlmlive9.cbg.cn/applive/kzpd02/playlist.m3u8
Sky Sports Main Events,http://mypanel-4k.com:80/me52pjdqa6/dt2t9r16ja/693879
Sky Sports Mix,http://mypanel-4k.com:80/me52pjdqa6/dt2t9r16ja/693880
Sky Sports Premier League,http://mypanel-4k.com:80/me52pjdqa6/dt2t9r16ja/693882
Sky Sports Racing,http://mypanel-4k.com:80/me52pjdqa6/dt2t9r16ja/693883
SKY WITNESS,http://mypanel-4k.com:80/me52pjdqa6/dt2t9r16ja/693884
SONY MAX,http://mypanel-4k.com:80/me52pjdqa6/dt2t9r16ja/693885
SONY TV,http://mypanel-4k.com:80/me52pjdqa6/dt2t9r16ja/693886
SYFY,http://mypanel-4k.com:80/me52pjdqa6/dt2t9r16ja/693887
TLC,http://mypanel-4k.com:80/me52pjdqa6/dt2t9r16ja/693888
UTSAV GOLD,http://mypanel-4k.com:80/me52pjdqa6/dt2t9r16ja/693889
UTSAV PLUS,http://mypanel-4k.com:80/me52pjdqa6/dt2t9r16ja/693890
Viaplay 1,http://mypanel-4k.com:80/me52pjdqa6/dt2t9r16ja/693891
Viaplay 2,http://mypanel-4k.com:80/me52pjdqa6/dt2t9r16ja/693892
Virgin 1,http://mypanel-4k.com:80/me52pjdqa6/dt2t9r16ja/693893
VIRGIN 2,http://mypanel-4k.com:80/me52pjdqa6/dt2t9r16ja/693894
Watch,http://mypanel-4k.com:80/me52pjdqa6/dt2t9r16ja/693895
Zee Tv,http://mypanel-4k.com:80/me52pjdqa6/dt2t9r16ja/693896
SKY CINEMA PREMIERE,http://mypanel-4k.com:80/me52pjdqa6/dt2t9r16ja/138157
SKY CINEMA HITS,http://mypanel-4k.com:80/me52pjdqa6/dt2t9r16ja/138161
大足综合频道,https://qxlmlive9.cbg.cn/applive/dazulive01/playlist.m3u8
ä¸­å¤®çµè§å¡ä¸,https://gcalic.v.myalicdn.com/gc/ztd_1/index.m3u8
ä¸­å¤®çµè§å¡å,https://gcalic.v.myalicdn.com/gc/ztn_1/index.m3u8
ä¸½æ±å¤åä¸å¤æ¥¼é¥æçé¾éªå±±,https://gcalic.v.myalicdn.com/gc/ljgcwglytylxs_1/index.m3u8
ä¸½æ±å¤åå¤§æ°´è½¦,https://gcalic.v.myalicdn.com/gc/ljgcdsc_1/index.m3u8
ä¸½æ±å¤åå¤§ç è±å··è§æ¯,https://gcalic.v.myalicdn.com/gc/ljgcdyhxgjt_1/index.m3u8
ä¹éå¨æ¯,https://gcalic.v.myalicdn.com/gc/zjwzblt_1/index.m3u8
ä¹éèå°è±å¸,https://gcalic.v.myalicdn.com/gc/zjwzlyhb_1/index.m3u8
ä¹éè¥¿å¸æ²³,https://gcalic.v.myalicdn.com/gc/zjwzbblh_1/index.m3u8
ä¹éé¾å½¢ç°,https://gcalic.v.myalicdn.com/gc/zjwzlxt_1/index.m3u8
ä¹å±±å¤§ä½å¨æ¯,https://gcalic.v.myalicdn.com/gc/lsdfgfl_1/index.m3u8
äºåä¸½æ±å°å·,https://gcalic.v.myalicdn.com/gc/hkylxs05_1/index.m3u8
äºåä¸½æ±å°è±¡å®æ¯,https://gcalic.v.myalicdn.com/gc/hkylxs01_1/index.m3u8
äºåä¸½æ±çé¾éªå±±,https://gcalic.v.myalicdn.com/gc/ylxs11_1/index.m3u8
äºåä¸½æ±çé¾éªå±±èç¸,https://gcalic.v.myalicdn.com/gc/hkylxs06_1/index.m3u8
äºåä¸½æ±èæè°·,https://gcalic.v.myalicdn.com/gc/ylxs12_1/index.m3u8
äºåå¤§çå´å£å¯ºä¸å¡ä¸­æ¯,https://gcalic.v.myalicdn.com/gc/dlst03_1/index.m3u8
äºåå¤§çå´å£å¯ºä¸å¡è¿æ¯,https://gcalic.v.myalicdn.com/gc/dlst01_1/index.m3u8
äºåç½æ²è¿çºçé¾éªå±±,https://gcalic.v.myalicdn.com/gc/hkylxs03_1/index.m3u8
äºå½©æ±,https://gcalic.v.myalicdn.com/gc/hlwcc_1/index.m3u8
å«éæ²é£æ¯åºå¤©çå±±ç»çæ é,https://gcalic.v.myalicdn.com/gc/blg03_1/index.m3u8
å«éæ²é£æ¯åºæ¡è±æ¹¾çå¸,https://gcalic.v.myalicdn.com/gc/blg05_1/index.m3u8
å­çå±±çº¢åé¿å¾æ¯åº,https://gcalic.v.myalicdn.com/gc/lpsgmjng01_1/index.m3u8
南川新闻综合,http://nanchuanlive.cbg.cn:30000/1111.m3u8
南川新闻综合,http://nctvsp.nctv.tv:30000/1111.m3u8
SKY CINEMA COMEDY,http://mypanel-4k.com:80/me52pjdqa6/dt2t9r16ja/138164
SKY CINEMA DRAMA,http://mypanel-4k.com:80/me52pjdqa6/dt2t9r16ja/138165
SKY CINEMA SCIFI & HORROR,http://mypanel-4k.com:80/me52pjdqa6/dt2t9r16ja/138162
SKY CINEMA THRILLER,http://mypanel-4k.com:80/me52pjdqa6/dt2t9r16ja/138163
SKY CINEMA GREATS,http://mypanel-4k.com:80/me52pjdqa6/dt2t9r16ja/138159
SKY CINEMA SELECT,http://mypanel-4k.com:80/me52pjdqa6/dt2t9r16ja/138158
SKY CINEMA ANIMATION,http://mypanel-4k.com:80/me52pjdqa6/dt2t9r16ja/138167
PREMIER SPORTS 1 IR,http://mypanel-4k.com:80/me52pjdqa6/dt2t9r16ja/138151
PREMIER SPORTS 1 UK,http://mypanel-4k.com:80/me52pjdqa6/dt2t9r16ja/138153
PREMIER SPORTS 2 IR,http://mypanel-4k.com:80/me52pjdqa6/dt2t9r16ja/138152
PREMIER SPORTS 2 UK,http://mypanel-4k.com:80/me52pjdqa6/dt2t9r16ja/138154
SKY SPORTS MAIN EVENT,http://mypanel-4k.com:80/me52pjdqa6/dt2t9r16ja/138134
TNT SPORTS 4,http://mypanel-4k.com:80/me52pjdqa6/dt2t9r16ja/190957
SKY CINEMA PREMIER,http://mypanel-4k.com:80/me52pjdqa6/dt2t9r16ja/190958
SKY SPORTS MIX,http://mypanel-4k.com:80/me52pjdqa6/dt2t9r16ja/190955
SKY SPORTS PREMIER LEAGUE,http://mypanel-4k.com:80/me52pjdqa6/dt2t9r16ja/190956
SKY SPORTS FOOTBALL,http://mypanel-4k.com:80/me52pjdqa6/dt2t9r16ja/138135
SKY SPORTS CRICKET,http://mypanel-4k.com:80/me52pjdqa6/dt2t9r16ja/138140
SKY SPORTS GOLF,http://mypanel-4k.com:80/me52pjdqa6/dt2t9r16ja/138139
南川新闻综合,http://nctvsp.nctv.tv:30000/flv1
江津新闻综合,http://jiangjinlive.cbg.cn:1935/ch1.m3u8
åäº¬çæ­¦æ¹å¬å­,https://gcalic.v.myalicdn.com/gc/xwh01_1/index.m3u8
å¦é¨é¼æµªå±¿,https://gcalic.v.myalicdn.com/gc/gly01_1/index.m3u8
åå·åå§å¨å±±éç æª,https://gcalic.v.myalicdn.com/gc/sgns02_1/index.m3u8
åå·å³¨çå±±äºæµ·æ¥åº,https://gcalic.v.myalicdn.com/gc/emsarm_1/index.m3u8
åå·å³¨çå±±æ®è´¤è©è¨éå,https://gcalic.v.myalicdn.com/gc/emspxps_1/index.m3u8
åå·å³¨çå±±è¿çºä¸ä½é¡¶,https://gcalic.v.myalicdn.com/gc/emswfs_1/index.m3u8
åå·å³¨çå±±è¿çºè´¡åéªå±±,https://gcalic.v.myalicdn.com/gc/emsyh_1/index.m3u8
å¤©æ¶¯ç³,https://gcalic.v.myalicdn.com/gc/tyhjtys_1/index.m3u8
å®å¾½æ± å·ä¹åå±±é£æ¯åºä¹åå±±,https://gcalic.v.myalicdn.com/gc/jhs05_1/index.m3u8
å®å¾½é»å¿è¦æè¿çº,https://gcalic.v.myalicdn.com/gc/yxlcyt_1/index.m3u8
å®å¾½é»å¿è¥¿éçå,https://gcalic.v.myalicdn.com/gc/yxxdpf_1/index.m3u8
å¹¿è¥¿æ¡ææ¼æ±æ¯åº,https://gcalic.v.myalicdn.com/gc/gllj01_1/index.m3u8
江津新闻综合,http://222.179.155.21:1935/ch1.m3u8
彭水新闻综合,https://qxlmlive9.cbg.cn/applive/pslive01/playlist.m3u8
SKY SPORTS F1,http://mypanel-4k.com:80/me52pjdqa6/dt2t9r16ja/138141
SKY SPORTS ARENA,http://mypanel-4k.com:80/me52pjdqa6/dt2t9r16ja/138137
SKY SPORTS RACING,http://mypanel-4k.com:80/me52pjdqa6/dt2t9r16ja/138143
BOXNATION,http://mypanel-4k.com:80/me52pjdqa6/dt2t9r16ja/138168
TNT SPORT 1,http://mypanel-4k.com:80/me52pjdqa6/dt2t9r16ja/138145
TNT SPORT 2,http://mypanel-4k.com:80/me52pjdqa6/dt2t9r16ja/138146
TNT SPORT 3,http://mypanel-4k.com:80/me52pjdqa6/dt2t9r16ja/138147
TNT SPORT 4,http://mypanel-4k.com:80/me52pjdqa6/dt2t9r16ja/138148
TNT SPORTS 1,http://mypanel-4k.com:80/me52pjdqa6/dt2t9r16ja/309614
TNT SPORTS 2,http://mypanel-4k.com:80/me52pjdqa6/dt2t9r16ja/309613
TNT SPORTS 3,http://mypanel-4k.com:80/me52pjdqa6/dt2t9r16ja/309612
TNT SPORTS 4,http://mypanel-4k.com:80/me52pjdqa6/dt2t9r16ja/309611
Sky Nature,http://mypanel-4k.com:80/me52pjdqa6/dt2t9r16ja/693874
RACING UK,http://mypanel-4k.com:80/me52pjdqa6/dt2t9r16ja/693864
NEWS,http://mypanel-4k.com:80/me52pjdqa6/dt2t9r16ja/1491133
SKY NEWS ᴴᴰ,http://mypanel-4k.com:80/me52pjdqa6/dt2t9r16ja/10536
SKY  NEWS ᴴᴰ,http://mypanel-4k.com:80/me52pjdqa6/dt2t9r16ja/13639
BLOOMBERG NEWS,http://mypanel-4k.com:80/me52pjdqa6/dt2t9r16ja/13642
垫江综合频道,https://play-sh.quklive.com/live/1672366847646284.m3u8
垫江综合频道,http://125.62.24.185:80/1.m3u8
å¹¿è¥¿çæå¤§å®¹å±±è²è±å±±é¡¶,https://gcalic.v.myalicdn.com/gc/drs01_1/index.m3u8
å¼ æä¸å½©ä¸¹é,https://gcalic.v.myalicdn.com/gc/zyqcdx01_1/index.m3u8
æå±±æ¬ç©ºå¯ºå¨æ¯,https://gcalic.v.myalicdn.com/gc/hsxksqj_1/index.m3u8
æ°çå¤©å±±,http://gctxyc.liveplay.myqcloud.com/gc/xjtcdhsz_1/index.m3u8
æ®éå±±,https://gcalic.v.myalicdn.com/gc/pts01_1/index.m3u8
æçæ³,https://gcalic.v.myalicdn.com/gc/dhyyqsm_1/index.m3u8
æä¹¡å°,https://gcalic.v.myalicdn.com/gc/hlwxt_1/index.m3u8
æ±èåäº¬çé¦å±±,https://gcalic.v.myalicdn.com/gc/nss01_1/index.m3u8
æ±èå¾å·äºé¾æ¹é£æ¯åºäºé¾å±±è§æ¯å°è¥¿,https://gcalic.v.myalicdn.com/gc/ylh04_1/index.m3u8
æ³°å±±ä¸»å³°,https://gcalic.v.myalicdn.com/gc/taishan01_1/index.m3u8
æ³°å±±åå«ç,https://gcalic.v.myalicdn.com/gc/taishan05_1/index.m3u8
æ³°å±±åå¤©é¨,https://gcalic.v.myalicdn.com/gc/hkts07_1/index.m3u8
æ³°å±±å¤§è§å³°,https://gcalic.v.myalicdn.com/gc/taishan03_1/index.m3u8
æ³°å±±å¤ªå¹³å²­,https://gcalic.v.myalicdn.com/gc/hkts09_1/index.m3u8
æ³°å±±æäººæ¾,https://gcalic.v.myalicdn.com/gc/taishan02_1/index.m3u8
忠县综合频道,https://qxlmlive9.cbg.cn/applive/zxtv2/chunklist.m3u8
武隆综合频道,https://qxlmlive9.cbg.cn/applive/wltvzh/playlist.m3u8
BBC NEWS ᴴᴰ,http://mypanel-4k.com:80/me52pjdqa6/dt2t9r16ja/10582
BBC PARLIAMENT,http://mypanel-4k.com:80/me52pjdqa6/dt2t9r16ja/77363
BBC WORLD NEWS,http://mypanel-4k.com:80/me52pjdqa6/dt2t9r16ja/13645
BBC ONE NEWS ᴴᴰ,http://mypanel-4k.com:80/me52pjdqa6/dt2t9r16ja/77360
CNN ᴴᴰ,http://mypanel-4k.com:80/me52pjdqa6/dt2t9r16ja/10576
EURONEWS,http://mypanel-4k.com:80/me52pjdqa6/dt2t9r16ja/246753
EURONEWS,http://mypanel-4k.com:80/me52pjdqa6/dt2t9r16ja/13638
ALJAZEERA NEWS ᴴᴰ,http://mypanel-4k.com:80/me52pjdqa6/dt2t9r16ja/13644
GB NEWS,http://mypanel-4k.com:80/me52pjdqa6/dt2t9r16ja/148668
CBS NEWS,http://mypanel-4k.com:80/me52pjdqa6/dt2t9r16ja/246756
FOX NEWS,http://mypanel-4k.com:80/me52pjdqa6/dt2t9r16ja/13640
RTE NEWS,http://mypanel-4k.com:80/me52pjdqa6/dt2t9r16ja/13643
BBC GENERAL,http://mypanel-4k.com:80/me52pjdqa6/dt2t9r16ja/1451779
BBC 1,http://mypanel-4k.com:80/me52pjdqa6/dt2t9r16ja/22246
BBC ᴴᴰ 1,http://mypanel-4k.com:80/me52pjdqa6/dt2t9r16ja/10580
BBC 2,http://mypanel-4k.com:80/me52pjdqa6/dt2t9r16ja/22244
BBC ᴴᴰ 2,http://mypanel-4k.com:80/me52pjdqa6/dt2t9r16ja/10579
黔江综合频道,https://qxlmlive9.cbg.cn/applive/qjpd1/playlist.m3u8
万盛新闻综合,https://qxlmlive9.cbg.cn/applive/wslive01/playlist.m3u8
æ³°å±±ççé¡¶,https://gcalic.v.myalicdn.com/gc/taishan06_1/index.m3u8
æ³°å±±ç½äºäº­æ¬å´,https://gcalic.v.myalicdn.com/gc/hkts02_1/index.m3u8
æ³°å±±ç¢§éç¥,https://gcalic.v.myalicdn.com/gc/hkts03_1/index.m3u8
æµæ±èå±±ä¸æå²,https://gcalic.v.myalicdn.com/gc/djd01_1/index.m3u8
æ¹åå¼ å®¶çå¤©é¨å±±è¥¿çº¿ç»çæ é,https://gcalic.v.myalicdn.com/gc/tms05_1/index.m3u8
æ¹åå¼ å®¶çå®å³°æ¹,https://gcalic.v.myalicdn.com/gc/zjjbfh_1/index.m3u8
æ¹åå¼ å®¶çå¾¡ç¬å³°,https://gcalic.v.myalicdn.com/gc/zjjybf_1/index.m3u8
æ¹åå¼ å®¶çæ°´ç»åé¨,https://gcalic.v.myalicdn.com/gc/zjjsrsm_1/index.m3u8
ç®å­å±±é¸ç°ä¸½æ±å¤å,https://gcalic.v.myalicdn.com/gc/ljgcszsnkgc_1/index.m3u8
ç´æ­ä¸­å½,https://gcalic.v.myalicdn.com/gc/wgw05_1/index.m3u8?contentid=2820180516001
ç¦å»ºæ­¦å¤·å±±çå¥³å³°,https://gcalic.v.myalicdn.com/gc/wysynf_1/index.m3u8
ç¦å»ºæ¼³å·éç¾æ²æ»©ç¿¡ç¿ æ¹¾,https://gcalic.v.myalicdn.com/gc/fcw03_1/index.m3u8
è´µå·çå´ä¹å¸ä¸å³°æ,https://gcalic.v.myalicdn.com/gc/xywfl_1/index.m3u8
é½æ±å °é±¼å´,https://gcalic.v.myalicdn.com/gc/djyqyl1_1/index.m3u8
荣昌综合频道,http://183.64.181.25:40023/rongchang01.m3u8
BBC ᴴᴰ 3 CBBC ᴴᴰ,http://mypanel-4k.com:80/me52pjdqa6/dt2t9r16ja/10578
BBC 4,http://mypanel-4k.com:80/me52pjdqa6/dt2t9r16ja/22243
BBC CBBC ᴴᴰ,http://mypanel-4k.com:80/me52pjdqa6/dt2t9r16ja/10581
BBC 2 Northern Ireland,http://mypanel-4k.com:80/me52pjdqa6/dt2t9r16ja/690833
BBC ALBA,http://mypanel-4k.com:80/me52pjdqa6/dt2t9r16ja/690824
BBC FOUR,http://mypanel-4k.com:80/me52pjdqa6/dt2t9r16ja/690823
BBC One Channel Islands,http://mypanel-4k.com:80/me52pjdqa6/dt2t9r16ja/690825
BBC One North East & Cumbria,http://mypanel-4k.com:80/me52pjdqa6/dt2t9r16ja/690827
BBC One Northern Ireland,http://mypanel-4k.com:80/me52pjdqa6/dt2t9r16ja/690822
BBC One North West,http://mypanel-4k.com:80/me52pjdqa6/dt2t9r16ja/690828
BBC One South East,http://mypanel-4k.com:80/me52pjdqa6/dt2t9r16ja/690829
BBC One Wales,http://mypanel-4k.com:80/me52pjdqa6/dt2t9r16ja/690821
BBC One West,http://mypanel-4k.com:80/me52pjdqa6/dt2t9r16ja/690830
BBC One Yorkshire & Lincolnshire,http://mypanel-4k.com:80/me52pjdqa6/dt2t9r16ja/690826
BBC One Yorkshire,http://mypanel-4k.com:80/me52pjdqa6/dt2t9r16ja/690831
BBC Red Button 1,http://mypanel-4k.com:80/me52pjdqa6/dt2t9r16ja/690832
渝北综合频道,http://yubeilive.cbg.cn/ch1-3.m3u8
渝北综合频道,http://222.178.228.154:8030/ch1-2.m3u8
éè¥¿æ´å¿å½å®æ±é¹®02,https://gcalic.v.myalicdn.com/gc/zh02_1/index.m3u8
éªä¹¡å¤§ç³ç¢,https://gcalic.v.myalicdn.com/gc/mdjxxdsb_1/index.m3u8
éªä¹¡æ¢¦å¹»å®¶å­,https://gcalic.v.myalicdn.com/gc/mdjxxmhjyxj_1/index.m3u8
éå²å´å±±å«æ°´æ²³,https://gcalic.v.myalicdn.com/gc/qdls02_1/index.m3u8
éå²å´å±±åç¦,https://gcalic.v.myalicdn.com/gc/qdls03_1/index.m3u8
é¸£æ²å±±,https://gcalic.v.myalicdn.com/gc/dhyyqst_1/index.m3u8
é»å±±,https://gcalic.v.myalicdn.com/gc/ahhs01_1/index.m3u8
é»å±±å§ä¿¡æ°é,https://gcalic.v.myalicdn.com/gc/hsyg_1/index.m3u8
é»å±±æäºäº­,https://gcalic.v.myalicdn.com/gc/hspyt_1/index.m3u8
é»å±±é£æ¥ç³,https://gcalic.v.myalicdn.com/gc/hsptgy_1/index.m3u8
é»ææ å­è§äº­çå¸,https://gcalic.v.myalicdn.com/gc/hgsspzxdpb_1/index.m3u8
é»è±åæ°´é¿å01,https://gcalic.v.myalicdn.com/gc/wgw01_1/index.m3u8
é»è±åæ°´é¿å02,http://gctxyc.liveplay.myqcloud.com/gc/wgw02_1/index.m3u8
é»è±åæ°´é¿å03,https://gcalic.v.myalicdn.com/gc/wgw03_1/index.m3u8
é»é¾,https://gcalic.v.myalicdn.com/gc/hlzycc_1/index.m3u8
www.izbds.com,https://vd2.bdstatic.com/mda-sctj0f6r4u1bpebc/1080p/cae_h264/1774706523506678171/mda-sctj0f6r4u1bpebc.mp4
渝北都市频道,http://yubeilive.cbg.cn/ch0-3.m3u8
渝北都市频道,http://222.178.228.154:8030/ch0-2.m3u8
BBC SCOTLAND ˢᴰ,http://mypanel-4k.com:80/me52pjdqa6/dt2t9r16ja/690818
BBC SCOTLAND ᴴᴰ,http://mypanel-4k.com:80/me52pjdqa6/dt2t9r16ja/690819
BBC SCOTLAND ᴴᴰ,http://mypanel-4k.com:80/me52pjdqa6/dt2t9r16ja/690820
BBC NEWS,http://mypanel-4k.com:80/me52pjdqa6/dt2t9r16ja/22242
ABN TV (720p),https://vod2.abn.co.kr/IPHONE/abn.m3u8
Arirang Radio (720p),http://amdlive-ch01.ctnd.com.edgesuite.net/arirang_3ch/smil:arirang_3ch.smil/playlist.m3u8
BBS Buddhist Broadcasting (1080p),http://bbstv.clouducs.com:1935/bbstv-live/livestream/playlist.m3u8
CGNTV South Korea (1080p),https://du35ivadp6cxj.cloudfront.net/out/v1/81781d23cbbf490990b2aa9181d4ce19/CGNWebLiveKR.m3u8
CJ OnStyle (540p),https://live-ch1.cjonstyle.net/cjmalllive/stream2/playlist.m3u8
EWTN Africa Asia (720p),https://cdn3.wowza.com/1/ZVBYYXFLLzE0c3NC/Qk1FMURC/hls/live/playlist.m3u8
EWTN Asia-Pacific (720p) [Not 24/7],https://cdn3.wowza.com/1/QmVNUVhTNTZSS3Uz/YWQ0aHpi/hls/live/playlist.m3u8
GCN24 Korean (720p),http://liveko24-manminglobal3.ktcdn.co.kr/liveko24/gcnko_1300k.stream/playlist.m3u8
GoodTV (1080p),http://mobliestream.c3tv.com:1935/live/goodtv.sdp/playlist.m3u8
Gugbang TV (1080p) [Not 24/7],http://mediaworks.dema.mil.kr:1935/live_edge/cudo.sdp/playlist.m3u8
巫山综合频道,https://qxlmlive9.cbg.cn/applive/wspd001/chunklist.m3u8
福建综合,http://fjnhdb.chinashadt.com:2036/live/stream:10003.stream/chunklist.m3u8
福建综合,https://p2.vzan.com/slowlive/485365200293316089/live.m3u8
福建综合,http://38.75.136.137:82/live1/fjtv.m3u8?id=fjzh&usign=tnO5JvE7EOUNT8al6DLMiw
福建综合,http://117.27.190.42:85/tsfile/live/23284_1.m3u8?key=txiptv&playlive=1&authid=0
福建综合,http://38.75.136.137:82/live1/jdtv2.m3u8?id=fjzh&usign=tnO5JvE7EOUNT8al6DLMiw
福建综合,http://38.75.136.137:82/live1/jdtv2.m3u8?id=fjzh&usign=tnO5JvE7EOUNT8al6DLMiw
福建乡村振兴公共,http://38.75.136.137:82/live1/fjtv.m3u8?id=fjgg&usign=tnO5JvE7EOUNT8al6DLMiw
福建乡村振兴公共,http://117.27.190.42:85/tsfile/live/23285_1.m3u8?key=txiptv&playlive=1&authid=0
福建乡村振兴公共,http://38.75.136.137:82/live1/jdtv2.m3u8?id=fjgg&usign=tnO5JvE7EOUNT8al6DLMiw
福建乡村振兴公共,http://38.75.136.137:82/live1/jdtv2.m3u8?id=fjgg&usign=tnO5JvE7EOUNT8al6DLMiw
福建新闻,http://38.75.136.137:82/live1/fjtv.m3u8?id=fjxw&usign=tnO5JvE7EOUNT8al6DLMiw
福建新闻,http://117.27.190.42:85/tsfile/live/23286_1.m3u8?key=txiptv&playlive=1&authid=0
福建新闻,http://38.75.136.137:82/live1/jdtv2.m3u8?id=fjxw&usign=tnO5JvE7EOUNT8al6DLMiw
福建新闻,http://38.75.136.137:82/live1/jdtv2.m3u8?id=fjxw&usign=tnO5JvE7EOUNT8al6DLMiw
福建电视剧,http://38.75.136.137:82/live1/fjtv.m3u8?id=fjdsj&usign=tnO5JvE7EOUNT8al6DLMiw
福建电视剧,http://117.27.190.42:85/tsfile/live/23287_1.m3u8?key=txiptv&playlive=1&authid=0
福建电视剧,http://38.75.136.137:82/live1/jdtv2.m3u8?id=fjdsj&usign=tnO5JvE7EOUNT8al6DLMiw
福建电视剧,http://38.75.136.137:82/live1/jdtv2.m3u8?id=fjdsj&usign=tnO5JvE7EOUNT8al6DLMiw
Home & Shopping (720p),https://s28.qtcdn.co.kr/media/liveM3U8/idx/518045142/enc/1860408350/playlist.m3u8
KBS 1TV [Not 24/7],http://mytv.dothome.co.kr/ch/public/1.php
KBS 2TV [Not 24/7],http://mytv.dothome.co.kr/ch/public/3.php
KBS Drama (480p),http://mytv.dothome.co.kr/ch/catv/2.php
KBS Life (480p),http://mytv.dothome.co.kr/ch/catv/5.php
KBS LiveCam DokDo (540p),http://kbs-dokdo.gscdn.com/dokdo_300/dokdo_300.stream/playlist.m3u8
KCTV 광주 CH05 (720p) [Not 24/7],http://119.77.96.184:1935/chn05/chn05/playlist.m3u8
Lotte OneTV (720p),https://onetvhlslive.lotteimall.com/lotteonetvlive/lotteonetvlive.mp4.m3u8
MBC Andong (안동 MBC) (360p) [Not 24/7],http://andong.webcasting.co.kr/live/mbc/playlist.m3u8
MBC Chuncheon (춘천 MBC) (480p) [Not 24/7],https://stream.chmbc.co.kr/TV/myStream/playlist.m3u8
MBC Jeju (제주 MBC) (352p) [Not 24/7],https://wowza.jejumbc.com/live/tv_jejumbc/playlist.m3u8
MBC Mokpo (목포 MBC) (720p) [Not 24/7],http://vod.mpmbc.co.kr:1935/live/encoder-tv/playlist.m3u8
MBC Yeosu (여수 MBC) (1080p) [Not 24/7],https://5c3639aa99149.streamlock.net/live_TV/tv/playlist.m3u8
福建旅游,http://stream7.fjtv.net/lypdntsc/hd/live.m3u8
福建旅游,http://38.75.136.137:82/live1/fjtv.m3u8?id=fjds&usign=tnO5JvE7EOUNT8al6DLMiw
福建旅游,http://117.27.190.42:85/tsfile/live/23288_1.m3u8?key=txiptv&playlive=1&authid=0
福建旅游,http://38.75.136.137:82/live1/jdtv2.m3u8?id=fjds&usign=tnO5JvE7EOUNT8al6DLMiw
福建旅游,http://38.75.136.137:82/live1/jdtv2.m3u8?id=fjds&usign=tnO5JvE7EOUNT8al6DLMiw
福建经济,http://38.75.136.137:82/live1/fjtv.m3u8?id=fjjj&usign=tnO5JvE7EOUNT8al6DLMiw
福建经济,http://117.27.190.42:85/tsfile/live/23289_1.m3u8?key=txiptv&playlive=1&authid=0
福建经济,http://38.75.136.137:82/live1/jdtv2.m3u8?id=fjjj&usign=tnO5JvE7EOUNT8al6DLMiw
福建经济,http://38.75.136.137:82/live1/jdtv2.m3u8?id=fjjj&usign=tnO5JvE7EOUNT8al6DLMiw
福建少儿,http://38.75.136.137:82/live1/fjtv.m3u8?id=fjse&usign=tnO5JvE7EOUNT8al6DLMiw
福建少儿,http://117.27.190.42:85/tsfile/live/23290_1.m3u8?key=txiptv&playlive=1&authid=0
福建少儿,http://38.75.136.137:82/live1/jdtv2.m3u8?id=fjse&usign=tnO5JvE7EOUNT8al6DLMiw
福建少儿,http://38.75.136.137:82/live1/jdtv2.m3u8?id=fjse&usign=tnO5JvE7EOUNT8al6DLMiw
福建教育,http://117.27.190.42:85/tsfile/live/23292_1.m3u8?key=txiptv&playlive=1&authid=0
福建教育,http://38.75.136.137:82/live1/jdtv2.m3u8?id=fjjy&usign=tnO5JvE7EOUNT8al6DLMiw
福建教育,http://38.75.136.137:82/live1/jdtv2.m3u8?id=fjjy&usign=tnO5JvE7EOUNT8al6DLMiw
福州综合,http://live.zohi.tv/video/s10001-fztv-1/index.m3u8
福州综合,http://38.75.136.137:82/live1/jdtv2.m3u8?id=fjfztv1&usign=tnO5JvE7EOUNT8al6DLMiw
福州综合,http://38.75.136.137:82/live1/jdtv2.m3u8?id=fjfztv1&usign=tnO5JvE7EOUNT8al6DLMiw
福州综合,http://117.27.190.42:85/tsfile/live/23301_1.m3u8?key=txiptv&playlive=1&authid=0
福州生活,http://live.zohi.tv/video/s10001-fztv-3/index.m3u8
福州少儿,http://live.zohi.tv/video/s10001-fztv-4/index.m3u8
NHTV (720p),http://nonghyup.flive.skcdn.com/nonghyup/_definst_/nhlive/playlist.m3u8
SBS CJB (540p) [Not 24/7],http://1.222.207.80:1935/live/cjbtv/playlist.m3u8
SBS JTV (406p) [Not 24/7],http://61.85.197.53:1935/jtv_live/myStream/playlist.m3u8
SBS KNN (1080p) [Not 24/7]
Shopping NT (720p),https://live.shoppingntmall.com/live/10011.m3u8
tvchosun2,http://onair2.cdn.tvchosun.com/origin2/_definst_/tvchosun_s3/playlist.m3u8
tvchosun,http://onair.cdn.tvchosun.com/origin1/_definst_/tvchosun_s1/playlist.m3u8
BBS,http://bbstv.clouducs.com:1935/bbstv-live/livestream/chunklist_w1216149699.m3u8
EBS1,http://ebsonairios.ebs.co.kr/groundwavefamilypc/familypc1m/playlist.m3u8
EBS2,http://ebsonairios.ebs.co.kr/ebs2familypc/familypc1m/playlist.m3u8
EBSe,http://ebsonairios.ebs.co.kr/plus3familypc/familypc1m/playlist.m3u8
EBS1,http://ebsonairios.ebs.co.kr/ebsutablet500k/tablet500k/playlist.m3u8
EBS2,http://ebsonairios.ebs.co.kr/ebs2tablet500k/tablet500k/ebs2tablet500k.index.m3u8
EBS1,http://ebsonairios.ebs.co.kr/groundwavetablet500k/tablet500k/playlist.m3u8
EBS1,http://ebsonairios.ebs.co.kr/groundwavetablet500k/tablet500k/groundwavetablet500k.m3u8
EBSi,http://ebsonairios.ebs.co.kr/plus1tablet500k/tablet500k/plus1tablet500k.index.m3u8
EBS+2,http://ebsonairios.ebs.co.kr/plus2tablet500k/tablet500k/plus2tablet500k.index.m3u8
EBSe,http://ebsonairios.ebs.co.kr/plus3tablet500k/tablet500k/plus3tablet500k.index.m3u8
KCTV,http://119.77.96.184:1935/chn05/chn05/chunklist_w1306745753.m3u8
厦门一套,http://38.75.136.137:82/live1/hoge.m3u8?ip=fjxmtv&id=16&usign=tnO5JvE7EOUNT8al6DLMiw
厦门一套,http://117.27.190.42:85/tsfile/live/23293_1.m3u8?key=txiptv&playlive=1&authid=0
厦门一套,http://38.75.136.137:82/live1/jdtv2.m3u8?id=fjxmtv1&usign=tnO5JvE7EOUNT8al6DLMiw
厦门一套,http://38.75.136.137:82/live1/jdtv2.m3u8?id=fjxmtv1&usign=tnO5JvE7EOUNT8al6DLMiw
厦门二套,http://38.75.136.137:82/live1/hoge.m3u8?ip=fjxmtv&id=17&usign=tnO5JvE7EOUNT8al6DLMiw
厦门二套,http://117.27.190.42:85/tsfile/live/23294_1.m3u8?key=txiptv&playlive=1&authid=0
厦门二套,http://38.75.136.137:82/live1/jdtv2.m3u8?id=fjxmtv2&usign=tnO5JvE7EOUNT8al6DLMiw
厦门二套,http://38.75.136.137:82/live1/jdtv2.m3u8?id=fjxmtv2&usign=tnO5JvE7EOUNT8al6DLMiw
厦门移动电视,http://38.75.136.137:82/live1/hoge.m3u8?ip=fjxmtv&id=138&usign=tnO5JvE7EOUNT8al6DLMiw
莆田新闻综合,http://38.75.136.137:82/live1/jdtv2.m3u8?id=fjpttv1&usign=tnO5JvE7EOUNT8al6DLMiw
莆田新闻综合,http://38.75.136.137:82/live1/jdtv2.m3u8?id=fjpttv1&usign=tnO5JvE7EOUNT8al6DLMiw
莆田新闻综合,http://117.27.190.42:85/tsfile/live/23302_1.m3u8?key=txiptv&playlive=1&authid=0
泉州新闻综合,http://38.75.136.137:82/live1/fjqztv.m3u8?id=fjqztv1&usign=tnO5JvE7EOUNT8al6DLMiw
泉州新闻综合,http://38.75.136.137:82/live1/jdtv2.m3u8?id=fjqztv1&usign=tnO5JvE7EOUNT8al6DLMiw
泉州新闻综合,http://38.75.136.137:82/live1/jdtv2.m3u8?id=fjqztv1&usign=tnO5JvE7EOUNT8al6DLMiw
泉州新闻综合,http://117.27.190.42:85/tsfile/live/23300_1.m3u8?key=txiptv&playlive=1&authid=0
泉州闽南语,http://38.75.136.137:82/live1/fjqztv.m3u8?id=fjqztv4&usign=tnO5JvE7EOUNT8al6DLMiw
漳州新闻综合,http://38.75.136.137:82/live1/ady.m3u8?id=fjzztv1&usign=tnO5JvE7EOUNT8al6DLMiw
漳州新闻综合,http://31182.hlsplay.aodianyun.com/lms_31182/tv_channel_175.m3u8
tvN1,https://d2zyqoz1zsj2mq.cloudfront.net/v1/master/3722c60a815c199d9c0ef36c5b73da68a62b09d1/cc-i9yul1lyegl6e-ssai-prd/6d07fe2a_003a_4879_acfc_44e3c3c10f03/hls/playlist.m3u8?
tvN2,https://d21dxaer0ypwk1.cloudfront.net/v1/master/3722c60a815c199d9c0ef36c5b73da68a62b09d1/cc-a6m2cy2rylsvo-ssai-prd/54ac8e25_eb5a_4f10_ba20_ffb254f0a16c/hls/playlist.m3u8?ads.device_did=%7BPSID%7D&ads.device_dnt=%7BTARGETOPT%7D&ads.app_domain=%7BAPP_DOMAIN%7D&ads.app_name=%7BAPP_NAME%7D&ads.service_id=KRBC32000261J
tvN3,https://d25mdvvpht3395.cloudfront.net/v1/master/3722c60a815c199d9c0ef36c5b73da68a62b09d1/cc-p8ea370fl7r4f-ssai-prd/82f296fd_2916_45b7_b799_525a4226957a/hls/playlist.m3u8?
tvN5,https://d2zyqoz1zsj2mq.cloudfront.net/v1/master/3722c60a815c199d9c0ef36c5b73da68a62b09d1/cc-i9yul1lyegl6e-ssai-prd/6d07fe2a_003a_4879_acfc_44e3c3c10f03/hls/playlist.m3u8?tvN Movies
KBS世界,https://wms4-kortv.akamaized.net/a_live/63719963/smil:20ch011.smil/playlist.m3u8
Arirang,http://amdlive.ctnd.com.edgesuite.net/arirang_1ch/smil:arirang_1ch.smil/chunklist_b2256000_sleng.m3u8
Arirang,http://amdlive.ctnd.com.edgesuite.net/arirang_1ch/smil:arirang_1ch.smil/playlist.m3u8
EBS 2,http://ebsonairios.ebs.co.kr/ebs2tablet500k/tablet500k/ebs2tablet500k.index.m3u8?
JTV,http://61.85.197.53:1935/jtv_live/myStream/chunklist_w1542137203.m3u8
KCTV,http://119.77.96.184:1935/chn05/chn05/chunklist_w644291506.m3u8
C,http://112.175.51.214:1935/live/myStream/playlist.m3u8
TV,https://stream.ads.ottera.tv/playlist.m3u8?network_id=595
TV1,https://stream.ads.ottera.tv/playlist.m3u8?network_id=743
TV3,https://stream.ads.ottera.tv/playlist.m3u8?network_id=630
TV4,https://stream.ads.ottera.tv/playlist.m3u8?network_id=644
14,https://stream.ads.ottera.tv/playlist.m3u8?network_id=14
EBS少儿,http://ebsonairios.ebs.co.kr/ebsutablet500k/_definst_/tablet500k/chunklist_w1965791004.m3u8
漳州新闻综合,http://38.75.136.137:82/live1/jdtv2.m3u8?id=fjzztv1&usign=tnO5JvE7EOUNT8al6DLMiw
漳州新闻综合,http://38.75.136.137:82/live1/jdtv2.m3u8?id=fjzztv1&usign=tnO5JvE7EOUNT8al6DLMiw
漳州新闻综合,http://117.27.190.42:85/tsfile/live/23303_1.m3u8?key=txiptv&playlive=1&authid=0
龙岩新闻综合,http://stream.lytv.net.cn/2/sd/live.m3u8
龙岩新闻综合,http://117.27.190.42:85/tsfile/live/23297_1.m3u8?key=txiptv&playlive=1&authid=0
龙岩新闻综合,http://38.75.136.137:82/live1/jdtv2.m3u8?id=fjlytv1&usign=tnO5JvE7EOUNT8al6DLMiw
龙岩新闻综合,http://38.75.136.137:82/live1/jdtv2.m3u8?id=fjlytv1&usign=tnO5JvE7EOUNT8al6DLMiw
宁德新闻综合,http://38.75.136.137:82/live1/hoge.m3u8?ip=fjndtv&id=41&usign=tnO5JvE7EOUNT8al6DLMiw
宁德新闻综合,http://38.75.136.137:82/live1/jdtv2.m3u8?id=fjndtv1&usign=tnO5JvE7EOUNT8al6DLMiw
宁德新闻综合,http://38.75.136.137:82/live1/jdtv2.m3u8?id=fjndtv1&usign=tnO5JvE7EOUNT8al6DLMiw
宁德新闻综合,http://117.27.190.42:85/tsfile/live/23296_1.m3u8?key=txiptv&playlive=1&authid=0
宁德文化旅游,http://38.75.136.137:82/live1/hoge.m3u8?ip=fjndtv&id=42&usign=tnO5JvE7EOUNT8al6DLMiw
三明新闻综合,http://stream.smntv.cn/smtv1/sd/live.m3u8
三明新闻综合,http://fjnhdb.chinashadt.com:2036/live/stream:nh2.stream/playlist.m3u8
三明新闻综合,http://stream.smntv.cn/smtv2/sd/live.m3u8
三明新闻综合,http://38.75.136.137:82/live1/jdtv2.m3u8?id=fjsmtv1&usign=tnO5JvE7EOUNT8al6DLMiw
三明新闻综合,http://117.27.190.42:85/tsfile/live/23298_1.m3u8?key=txiptv&playlive=1&authid=0
平潭新闻综合,http://117.27.190.42:85/tsfile/live/23299_1.m3u8?key=txiptv&playlive=1&authid=0
南平新闻综合,http://117.27.190.42:85/tsfile/live/23295_1.m3u8?key=txiptv&playlive=1&authid=0
韩国EBS1,http://ebsonairios.ebs.co.kr/groundwavetablet500k/tablet500k/playlist.m3u8?zshijd
韩国EBS2,http://ebsonairios.ebs.co.kr/ebs2tablet500k/tablet500k/ebs2tablet500k.index.m3u8?zshijd
Arirang,http://amdlive-ch01.ctnd.com.edgesuite.net/arirang_1ch/smil:arirang_1ch.smil/chunklist.m3u8
KCTV,http://119.77.96.184:1935/chn05/chn05/chunklist.m3u
声优广播,http://www.uniqueradio.jp/agplayerf/hls/Active.m3u8
KCTV,http://119.77.96.184:1935/chn05/chn05/chunklist.m3u8
CJB,http://1.222.207.80:1935/live/cjbtv/chunklist_w1357270949.m3u8
Arirang,http://amdlive.ctnd.com.edgesuite.net/arirang_1ch/smil:arirang_1ch/master.m3u8
BBS佛教广播,http://bbstv.clouducs.com:1935/bbstv-live/livestream/chunklist_w1403706733.m3u8
Arirang,https://amdlive-ch01-ctnd-com.akamaized.net/arirang_1ch/smil:arirang_1ch.smil/playlist.m3u8
HBTV,http://hoabinhtvlive.746b3ddb.cdnviet.com/hoabinhtv/chunklist.m3u8
ANTV,http://antvlive.ab5c6921.cdnviet.com/antv/chunklist.m3u8
Arirang Radio,http://amdlive-ch03.ctnd.com.edgesuite.net/arirang_3ch/smil:arirang_3ch.smil/playlist.m3u8
BTN,http://btn.nowcdn.co.kr/btn/btnlive01/playlist.m3u8
CPBC,http://onair1.cpbc.co.kr:1935/tv/smil:live.smil/playlist.m3u8
EBS-KIDS,http://ebsonairios.ebs.co.kr/ebsutablet500k/_definst_/tablet500k/playlist.m3u8
GCN教会,http://liveko24-manminglobal3.ktcdn.co.kr/liveko24/gcnko_high/chunklist.m3u8
MBN,http://mytv.dothome.co.kr/ch/catv/54.php
NewKID2,https://stream.ads.ottera.tv/playlist.m3u8?network_id=878
NewKID4,https://stream.ads.ottera.tv/playlist.m3u8?network_id=888
大田综合,http://84y6jdxz.live2.danghongyun.com/live/hls/f42fd56e10624950999cd47dd87691be/498d5919ec4843178fbf7e7a153414ef.m3u8
建宁综合频道,https://p2.weizan.cn/2144741973/075444991326676404/live.m3u8
宁化电视一套,http://fjnhdb.chinashadt.com:2036/live/stream:nh1.stream/playlist.m3u8
泰宁新闻频道,https://p6.vzan.com/2123201810/758356609138611950/live.m3u8
邵武新闻频道,http://lxhls.yisoftai.com/live/hw_lxlive.m3u8
武夷山综合频道,http://fjwysdb.chinashadt.com:2036/live/1.stream/playlist.m3u8
长乐综合,https://p8.vzan.com/slowlive/929856430577299580/live.m3u8
永泰综合,http://ytrmtzx.com:8278/yongtaipindao1/playlist.m3u8
德化新闻综合,https://play.cmptp.fjgdwl.com/live/63a563ec75764af588f3215b0afa2588.m3u8
晋江电视台,http://38.75.136.137:82/live1/hoge1.m3u8?ip=fjqzjj&id=4&usign=tnO5JvE7EOUNT8al6DLMiw
晋江电视台,https://live.ijjnews.com/jjtv/sd/live.m3u8
南安新闻综合,http://natv.cnjrna.com:3000/channel/sovp/1000000000000018/video_1564_none.m3u8
石狮综合,http://38.75.136.137:82/live1/hoge.m3u8?ip=fjqzss&id=12&usign=tnO5JvE7EOUNT8al6DLMiw
云霄综合,http://live.zzyxxw.com:85/live/xwzh.m3u8
漳浦综合,http://38.75.136.137:82/live1/ady.m3u8?id=fjzzzp1&usign=tnO5JvE7EOUNT8al6DLMiw
漳浦综合,http://220.161.87.62:8090/hls/0/index.m3u8
漳浦综合,rtmp://xmt.zptv.com.cn:1935/live/0
甘肃科教频道,rtmp://liveout.gstv.com.cn/49048r/4o7e76
甘肃科教频道,https://hls.gstv.com.cn/skt649/d2z9zl.m3u8
甘肃少儿频道,rtmp://liveout.gstv.com.cn/49048r/oj57of
NewKID4,https://stream.ads.ottera.tv/playlist.m3u8?network_id=872
韩国音乐,http://mgugaklive.nowcdn.co.kr/gugakvideo/gugakvideo.stream/playlist.m3u8
RNA,http://5ddfc48289114.streamlock.net/CHsoom/LIVE/playist.m3u8
水水家猪蹄,https://cdn-3.ttvb.eu.org/douyin/ssjzt777
格格睡醒了,https://cdn-3.ttvb.eu.org/douyin/42347122605
晓晓,https://cdn-3.ttvb.eu.org/douyin/147258247158d
朱朱,https://cdn-3.ttvb.eu.org/douyin/36914825720a
央视网,http://cfss.cc/cdn/dy/cctv.com.flv
小央视频,http://cfss.cc/cdn/dy/cctv_video.flv
央视网快看,http://cfss.cc/cdn/dy/kuaikancctv.flv
CCTV远方的家,http://cfss.cc/cdn/dy/44931143492.flv
央视三农,http://cfss.cc/cdn/dy/letus17.flv
电影频道央影传媒,http://cfss.cc/cdn/dy/cctv6media..flv
粤TV-广东台荔枝网,http://cfss.cc/cdn/dy/ZK8763.flv
DV现场,http://cfss.cc/cdn/dy/gdtvdvxc.flv
央视网新闻,http://cfss.cc/cdn/dy/1606137427.flv
每日经济新闻,http://cfss.cc/cdn/dy/nbdnews.flv
中国交通广播,http://cfss.cc/cdn/dy/CMG_ZGJTGB.flv
极目新闻,http://cfss.cc/cdn/dy/ctdsbdy.flv
甘肃少儿频道,https://hls.gstv.com.cn/skt649/ees359.m3u8
甘肃公共应急,rtmp://liveout.gstv.com.cn/49048r/2v86i8
甘肃公共应急,https://hls.gstv.com.cn/skt649/165wfp.m3u8
甘肃文化影视,rtmp://liveout.gstv.com.cn/49048r/068vw9
甘肃文化影视,https://hls.gstv.com.cn/skt649/6y44m6.m3u8
甘肃移动电视,rtmp://liveout.gstv.com.cn/49048r/y72q36
甘肃移动电视,https://hls.gstv.com.cn/skt649/51st5c.m3u8
INBM证券服务,rtmp://liveout.gstv.com.cn/se0rch/20sv46
INBM证券服务,https://hls.gstv.com.cn/se0rch/20sv46.m3u8
INBM证券服务,http://38.75.136.137:82/live2/bfgd.m3u8?id=4200000601&usign=tnO5JvE7EOUNT8al6DLMiw
INBM证券服务,http://38.75.136.137:82/live1/jdtv2.m3u8?id=zqfw&usign=tnO5JvE7EOUNT8al6DLMiw
INBM证券服务,http://38.75.136.137:82/live1/jdtv2.m3u8?id=zqfw&usign=tnO5JvE7EOUNT8al6DLMiw
兰州新闻综合,https://liveplus.lzr.com.cn/xwzh/HD/live.m3u8
兰州文旅频道,https://liveplus.lzr.com.cn/wlpd/HD/live.m3u8
嘉峪关综合,rtmp://play.kankanlive.com/live/1754465670263218
嘉峪关综合,https://play.kankanlive.com/live/1754465670263218.m3u8
白银综合频道,rtmp://play.kankanlive.com/live/1720408089419110
白银综合频道,http://play.kankanlive.com/live/1720408089419110.m3u8
白银文化教育,rtmp://play.kankanlive.com/live/1720408280309109
延边新闻,http://cfss.cc/cdn/dy/YBnews.flv
育见新闻,http://cfss.cc/cdn/dy/CETVxinwen.flv
维度新闻,http://cfss.cc/cdn/dy/975107749.flv
深圳新闻网,http://cfss.cc/cdn/dy/1057124186.flv
特区新闻广场,http://cfss.cc/cdn/dy/tqxwgc.flv
环球时报,http://cfss.cc/cdn/dy/HuanQiuShiBao.flv
第一财团,http://cfss.cc/cdn/dy/Diyicaituan.flv
央视网财经,http://cfss.cc/cdn/dy/nuanxinnengl.flv
央视财经,http://cfss.cc/cdn/dy/yscjxmt.flv
财联社,http://cfss.cc/cdn/dy/clscccaijing.flv
小强热线浙江教科,http://cfss.cc/cdn/dy/ZTV4.flv
盗源狗si全家 全家下地狱
大湾区卫视,http://119.123.78.83:8086/hls/29/index.m3u8
广东民生,http://119.123.78.83:8086/hls/39/index.m3u8
广东少儿,http://119.123.78.83:8086/hls/40/index.m3u8
广东新闻,http://119.123.78.83:8086/hls/45/index.m3u8
广东影视,http://119.123.78.83:8086/hls/46/index.m3u8
大湾区卫视,http://113.88.74.1:8086/hls/29/index.m3u8
广东民生,http://113.88.74.1:8086/hls/39/index.m3u8
广东少儿,http://113.88.74.1:8086/hls/40/index.m3u8
白银文化教育,http://play.kankanlive.com/live/1720408280309109.m3u8
甘南综合频道,http://38.75.136.137:82/live1/gsgntv.m3u8?id=gsgntv1&usign=tnO5JvE7EOUNT8al6DLMiw
甘南综合频道,rtmp://play.kankanlive.com/live/1711955176432990
甘南综合频道,https://play.kankanlive.com/live/1711955176432990.m3u8
甘南藏语频道,http://38.75.136.137:82/live1/gsgntv.m3u8?id=gsgntv2&usign=tnO5JvE7EOUNT8al6DLMiw
甘南藏语频道,rtmp://play.kankanlive.com/live/1711955770173989
甘南藏语频道,https://play.kankanlive.com/live/1711955770173989.m3u8
庆阳综合频道,rtmp://play.kankanlive.com/live/1704762690210987
庆阳综合频道,https://play.kankanlive.com/live/1704762690210987.m3u8
庆阳文体旅游,rtmp://play.kankanlive.com/live/1704770893271981
庆阳文体旅游,https://play.kankanlive.com/live/1704770893271981.m3u8
平凉新闻综合,rtmp://play.kankanlive.com/live/1694661314645984
平凉新闻综合,https://play.kankanlive.com/live/1694661314645984.m3u8
酒泉综合频道,rtmp://play.kankanlive.com/live/1743389283110297
酒泉综合频道,https://play.kankanlive.com/live/1743389283110297.m3u8
酒泉文旅频道,rtmp://play.kankanlive.com/live/1743389368540298
酒泉文旅频道,https://play.kankanlive.com/live/1743389368540298.m3u8
敦煌综合频道,rtmp://play.kankanlive.com/live/1698234808271963
敦煌综合频道,https://play.kankanlive.com/live/1698234808271963.m3u8
广东新闻,http://113.88.74.1:8086/hls/45/index.m3u8
广东影视,http://113.88.74.1:8086/hls/46/index.m3u8
大湾区卫视,http://113.88.74.43:8086/hls/29/index.m3u8
广东民生,http://113.88.74.43:8086/hls/39/index.m3u8
广东少儿,http://113.88.74.43:8086/hls/40/index.m3u8
广东新闻,http://113.88.74.43:8086/hls/45/index.m3u8
广东影视,http://113.88.74.43:8086/hls/46/index.m3u8
嘉佳卡通,http://php.jdshipin.com:8880/chudian.php?id=jjkt
广东国际,http://php.jdshipin.com:8880/chudian.php?id=gdgj
广东移动,http://php.jdshipin.com:8880/chudian.php?id=gdyd
广东综艺4K,http://php.jdshipin.com:8880/chudian.php?id=gdzy
GRTN文化频道,https://glive.grtn.cn/live/wenhua_test0203.m3u8
广州综合,http://php.jdshipin.com:8880/gztv.php?id=zhonghe
广州新闻,http://php.jdshipin.com:8880/gztv.php?id=xinwen
广州影视,http://php.jdshipin.com:8880/gztv.php?id=yingshi
广州法治,http://php.jdshipin.com:8880/gztv.php?id=fazhi
广州南国都市,http://php.jdshipin.com:8880/gztv.php?id=shenghuo
广州综合,http://r.jdshipin.com/iR6Gq
广州南国都市,http://r.jdshipin.com/nWaZO
张掖新闻综合,rtmp://play.kankanlive.com/live/1720583434627241
张掖新闻综合,https://play.kankanlive.com/live/1720583434627241.m3u8
张掖农业旅游,rtmp://play.kankanlive.com/live/1720583009200246
张掖农业旅游,https://play.kankanlive.com/live/1720583009200246.m3u8
天水新闻综合,rtmp://play.kankanlive.com/live/1728531085307199
天水新闻综合,https://play.kankanlive.com/live/1728531085307199.m3u8
天水文旅频道,rtmp://play.kankanlive.com/live/1728352652939293
天水文旅频道,https://play.kankanlive.com/live/1728352652939293.m3u8
陇南新闻综合,rtmp://play.kankanlive.com/live/1709171819929902
陇南新闻综合,https://play.kankanlive.com/live/1709171819929902.m3u8
陇南公共频道,rtmp://play.kankanlive.com/live/1709171893138901
陇南公共频道,https://play.kankanlive.com/live/1709171893138901.m3u8
临夏州综合频道,rtmp://play.kankanlive.com/live/1714096320293954
临夏州综合频道,http://play.kankanlive.com/live/1714096320293954.m3u8
临夏州文旅频道,rtmp://play.kankanlive.com/live/1714099799400957
临夏州文旅频道,https://play.kankanlive.com/live/1714099799400957.m3u8
定西综合频道,rtmp://play.kankanlive.com/live/1745232061100288
定西综合频道,https://play.kankanlive.com/live/1745232061100288.m3u8
定西文旅生活,rtmp://play.kankanlive.com/live/1745232082475287
广州影视,http://r.jdshipin.com/TcKr2
番禺电视台,http://video.epaper.pybtv.cn:8080/live/rtmp_live_demo.flv
东莞新闻综合,http://php.jdshipin.com:8880/0769.php?id=xwzh
东莞生活资讯,http://php.jdshipin.com:8880/0769.php?id=shzx
佛山综合,http://php.jdshipin.com:8880/fstv.php?id=fszh
佛山影视,http://php.jdshipin.com:8880/fstv.php?id=fsys
佛山公共,http://php.jdshipin.com:8880/fstv.php?id=fsgg
佛山南海,http://php.jdshipin.com:8880/fstv.php?id=fsnh
佛山顺德,http://php.jdshipin.com:8880/fstv.php?id=fssd
佛山高明,http://php.jdshipin.com:8880/fstv.php?id=fsgm
佛山三水,http://php.jdshipin.com:8880/fstv.php?id=fsss
云浮综合,https://livestream.oeeee.com/slive/17806.m3u8
云浮文旅,https://livestream.oeeee.com/slive/17807.m3u8
阳江1,https://live.yjtvw.com:8081/live/smil:yjtv1.smil/playlist.m3u8
阳江2,https://live.yjtvw.com:8081/live/smil:yjtv2.smil/playlist.m3u8
肇庆综合,http://php.jdshipin.com:8880/chudian.php?id=zqzh
肇庆公共,http://php.jdshipin.com:8880/chudian.php?id=zqgg
惠州新闻综合,http://php.jdshipin.com:8880/chudian.php?id=hzxw
清远综合,http://php.jdshipin.com:8880/chudian.php?id=qyzh
梅州综合,http://php.jdshipin.com:8880/chudian.php?id=mzzh
河源综合,http://php.jdshipin.com:8880/chudian.php?id=hyzh
定西文旅生活,https://play.kankanlive.com/live/1745232082475287.m3u8
红古综合,https://play.kankanlive.com/live/1741073416508036.m3u8
红古综合,rtmp://play.kankanlive.com/live/1741073416508036
平川综合频道,rtmp://play.kankanlive.com/live/1756258234024340
平川综合频道,https://play.kankanlive.com/live/1756258234024340.m3u8
平川综合频道,http://38.75.136.137:82/live1/gsy.m3u8?id=gsbypc1&usign=tnO5JvE7EOUNT8al6DLMiw
成县综合频道,rtmp://play.kankanlive.com/live/1702454377323961
成县综合频道,https://play.kankanlive.com/live/1702454377323961.m3u8
玉门综合频道,rtmp://live.yumentv.cn:12345/live/room10
临泽新闻综合,rtmp://play.kankanlive.com/live/1700561021959920
临泽新闻综合,https://play.kankanlive.com/live/1700561021959920.m3u8
永昌综合频道,rtmp://play.kankanlive.com/live/1652755738635915
永昌综合频道,https://play.kankanlive.com/live/1652755738635915.m3u8
庄浪综合频道,rtmp://play.kankanlive.com/live/1687654127961989
庄浪综合频道,https://play.kankanlive.com/live/1687654127961989.m3u8
古浪综合频道,rtmp://play.kankanlive.com/live/1711282408137964
古浪综合频道,https://play.kankanlive.com/live/1711282408137964.m3u8
陇西综合频道,rtmp://play.kankanlive.com/live/1733904632183369
陇西综合频道,https://play.kankanlive.com/live/1733904632183369.m3u8
河源公共,http://php.jdshipin.com:8880/chudian.php?id=hygg
连平台,http://php.jdshipin.com:8880/chudian.php?id=lpzh
阳江-1,http://php.jdshipin.com:8880/chudian.php?id=yjtv1
阳江-2,http://php.jdshipin.com:8880/chudian.php?id=yjtv2
惠东综合,http://php.jdshipin.com:8880/chudian.php?id=hdzh
开平综合,http://php.jdshipin.com:8880/chudian.php?id=kpzh
开平生活,http://php.jdshipin.com:8880/chudian.php?id=kpsh
四会新闻综合,http://php.jdshipin.com:8880/chudian.php?id=shzh
广宁综合,http://php.jdshipin.com:8880/chudian.php?id=gnzh
工布江达县广播电视台,http://php.jdshipin.com:8880/chudian.php?id=gbjd
化州综合,http://php.jdshipin.com:8880/chudian.php?id=hzzh
鹤山综合,http://php.jdshipin.com:8880/chudian.php?id=hszh
廉江综合,http://php.jdshipin.com:8880/chudian.php?id=ljzh
英德新闻综合,http://php.jdshipin.com:8880/chudian.php?id=ydxw
清新综合,http://php.jdshipin.com:8880/chudian.php?id=qxzh
普宁综合,http://php.jdshipin.com:8880/chudian.php?id=pnzh
紫金综合,http://php.jdshipin.com:8880/chudian.php?id=zjzh
连州综合,http://php.jdshipin.com:8880/chudian.php?id=lzzh
阳春综合,http://php.jdshipin.com:8880/chudian.php?id=yczh
佛冈综合,http://php.jdshipin.com:8880/chudian.php?id=fgzh
岷县综合频道,rtmp://play.kankanlive.com/live/1725951629904172
岷县综合频道,https://play.kankanlive.com/live/1725951629904172.m3u8
通渭综合频道,rtmp://play.kankanlive.com/live/1752204698931083
通渭综合频道,https://play.kankanlive.com/live/1752204698931083.m3u8
迭部综合频道,http://38.75.136.137:82/live1/gsgntv.m3u8?id=gsgndb1&usign=tnO5JvE7EOUNT8al6DLMiw
碌曲综合频道,http://38.75.136.137:82/live1/gsgntv.m3u8?id=gsgnlq1&usign=tnO5JvE7EOUNT8al6DLMiw
临潭综合频道,http://38.75.136.137:82/live1/gsgntv.m3u8?id=gsgnlt1&usign=tnO5JvE7EOUNT8al6DLMiw
玛曲综合频道,http://38.75.136.137:82/live1/gsgntv.m3u8?id=gsgnmq1&usign=tnO5JvE7EOUNT8al6DLMiw
夏河综合频道,http://38.75.136.137:82/live1/gsgntv.m3u8?id=gsgnxh1&usign=tnO5JvE7EOUNT8al6DLMiw
卓尼综合频道,http://38.75.136.137:82/live1/gsgntv.m3u8?id=gsgnzn1&usign=tnO5JvE7EOUNT8al6DLMiw
舟曲新闻综合,http://38.75.136.137:82/live1/gsgntv.m3u8?id=gsgnzq1&usign=tnO5JvE7EOUNT8al6DLMiw
西和综合频道,rtmp://play.kankanlive.com/live/1659926941626981
西和综合频道,https://play.kankanlive.com/live/1659926941626981.m3u8
临夏市电视台,http://124.152.34.102:8030/wCMq71/wCMq71_0.m3u8
西峰综合频道,rtmp://play.kankanlive.com/live/1683944827526991
西峰综合频道,https://play.kankanlive.com/live/1683944827526991.m3u8
秦安综合频道,rtmp://play.kankanlive.com/live/1680577080200944
秦安综合频道,https://play.kankanlive.com/live/1680577080200944.m3u8
天祝综合频道,rtmp://play.kankanlive.com/live/1656487214793905
怀集综合,http://php.jdshipin.com:8880/chudian.php?id=hjzh
惠阳电视台,http://php.jdshipin.com:8880/chudian.php?id=hytv
信宜综合,http://php.jdshipin.com:8880/chudian.php?id=xyzh
徐闻综合,http://php.jdshipin.com:8880/chudian.php?id=xwzh
阳西综合,http://php.jdshipin.com:8880/chudian.php?id=yxzh
台山台,http://php.jdshipin.com:8880/chudian.php?id=tstv
遂溪台,http://php.jdshipin.com:8880/chudian.php?id=sxtv
新会综合,http://php.jdshipin.com:8880/chudian.php?id=xhzh
罗定综合,http://php.jdshipin.com:8880/chudian.php?id=ldzh
和平综合,http://php.jdshipin.com:8880/chudian.php?id=hpzh
东源台,http://php.jdshipin.com:8880/chudian.php?id=dytv
吴川综合,http://php.jdshipin.com:8880/chudian.php?id=wczh
乐昌电视台,http://php.jdshipin.com:8880/chudian.php?id=lctv
潮安综合,http://php.jdshipin.com:8880/chudian.php?id=cazh
恩平综合,http://php.jdshipin.com:8880/chudian.php?id=epzh
盗源狗si全家 全家下地狱
广东珠江3,http://m.061899.xyz/mg/gdzj
广东新闻,http://m.061899.xyz/mg/gdxw
广东民生2,http://m.061899.xyz/mg/gdms
广东体育2,http://m.061899.xyz/mg/gdty
深圳都市,http://livepull-tcms.sztv.com.cn/live/dslive.m3u8
天祝综合频道,https://play.kankanlive.com/live/1656487214793905.m3u8
广东新闻,http://38.75.136.137:82/live1/jsb.m3u8?id=gdxwa&usign=tnO5JvE7EOUNT8al6DLMiw
广东新闻,http://38.75.136.137:82/live1/jsb.m3u8?id=gdxw&usign=tnO5JvE7EOUNT8al6DLMiw
广东新闻,http://38.75.136.137:82/live1/jsb1.m3u8?id=gdxw&usign=tnO5JvE7EOUNT8al6DLMiw
广东新闻,http://38.75.136.137:82/live1/jsb1.m3u8?id=gdxwa&usign=tnO5JvE7EOUNT8al6DLMiw
广东新闻,http://38.75.136.137:82/live2/gdtv.m3u8?id=gdxw&usign=tnO5JvE7EOUNT8al6DLMiw
广东新闻,http://38.75.136.137:82/live1/jdtv2.m3u8?isp=dx&id=gdxw&usign=tnO5JvE7EOUNT8al6DLMiw
广东新闻,http://38.75.136.137:82/live1/jdtv2.m3u8?isp=lt&id=gdxw&usign=tnO5JvE7EOUNT8al6DLMiw
广东新闻,http://38.75.136.137:82/live1/jdtv2.m3u8?id=gdxw&usign=tnO5JvE7EOUNT8al6DLMiw
广东民生,http://38.75.136.137:82/live1/jsb.m3u8?id=gdgga&usign=tnO5JvE7EOUNT8al6DLMiw
广东民生,http://38.75.136.137:82/live1/jsb.m3u8?id=gdgg&usign=tnO5JvE7EOUNT8al6DLMiw
广东民生,http://38.75.136.137:82/live1/jsb1.m3u8?id=gdgga&usign=tnO5JvE7EOUNT8al6DLMiw
广东民生,http://38.75.136.137:82/live2/gdtv.m3u8?id=gdgg&usign=tnO5JvE7EOUNT8al6DLMiw
广东民生,http://38.75.136.137:82/live1/jdtv2.m3u8?isp=dx&id=gdgg&usign=tnO5JvE7EOUNT8al6DLMiw
广东民生,http://38.75.136.137:82/live1/jdtv2.m3u8?id=gdgg&usign=tnO5JvE7EOUNT8al6DLMiw
广东民生,http://38.75.136.137:82/live1/jdtv2.m3u8?isp=lt&id=gdgg&usign=tnO5JvE7EOUNT8al6DLMiw
广东移动,http://38.75.136.137:82/live1/jsb.m3u8?id=gdyd&usign=tnO5JvE7EOUNT8al6DLMiw
广东移动,http://38.75.136.137:82/live1/jsb1.m3u8?id=gdyd&usign=tnO5JvE7EOUNT8al6DLMiw
广东移动,http://38.75.136.137:82/live2/gdtv.m3u8?id=gdyd&usign=tnO5JvE7EOUNT8al6DLMiw
东莞新闻综合,https://stream.sun0769.com/dgrtv1/mp4tv1_1500/index.m3u8
东莞生活资讯,https://stream.sun0769.com/dgrtv1/mp4tv2_1500/index.m3u8
中山综合,http://v.zsbtv.com.cn/lsdream/qTl38me/1000/live.m3u8
肇庆综合,http://zmylivestream.nfnews.com/zmy_slive/27872.m3u8
肇庆生活服务,http://zmylivestream.nfnews.com/zmy_slive/27871.m3u8
清远新闻综合,http://zmylivestream.nfnews.com/zmy_slive/25319.m3u8
清远文旅生活,http://zmylivestream.nfnews.com/zmy_slive/25321.m3u8
云浮综合,https://livestream.oeeee.com/slive/28283.m3u8
云浮文旅,https://livestream.oeeee.com/slive/28284.m3u8
阳江-1,https://live.yjtvw.com:8081/live/yjtv1.m3u8
阳江-2,https://live.yjtvw.com:8081/live/yjtv2.m3u8
湛江新闻综合,http://gbtv-hls-wjq.zjwtv.com/zjtv/zhpd.m3u8
湛江公共,http://gbtv-hls-wjq.zjwtv.com/zjtv/ggpd.m3u8
韶关综合,https://live.sgmsw.cn/hls/lhx1FUeZg/playlist.m3u8
韶关综合,https://www.sgmsw.cn/videos/tv/201805/1308/SB05RIYZOU8JR418AUQOF62CAJQ08D0E/hls/live.m3u8
河源综合1,http://tmpstream.hyrtv.cn/xwzh/sd/live.m3u8
河源公共1,http://tmpstream.hyrtv.cn/hygg/sd/live.m3u8
汕头综合,http://129.211.14.102:25000/gdst.php?id=st1&token=www.9kds.com
汕头经济,http://129.211.14.102:25000/gdst.php?id=st2&token=www.9kds.com
揭阳综合,http://hls-jyrtv.jyrtv.tv/stjy2020/zhpd.m3u8
广东移动,http://38.75.136.137:82/live1/jdtv2.m3u8?id=gdyd&usign=tnO5JvE7EOUNT8al6DLMiw
现代教育,http://38.75.136.137:82/live1/jdtv2.m3u8?id=gdxdjy&usign=tnO5JvE7EOUNT8al6DLMiw
大湾区卫视(国际版),http://38.75.136.137:82/live1/jsb.m3u8?id=gdgj&usign=tnO5JvE7EOUNT8al6DLMiw
大湾区卫视(国际版),http://38.75.136.137:82/live1/jsb1.m3u8?id=gdgj&usign=tnO5JvE7EOUNT8al6DLMiw
大湾区卫视(国际版),http://38.75.136.137:82/live2/gdtv.m3u8?id=gdgj&usign=tnO5JvE7EOUNT8al6DLMiw
大湾区卫视(国际版),https://hc73k3dhwo5gfkt.wcetv.com/hls/gdtv.m3u8
岭南戏曲,http://38.75.136.137:82/live1/jsb.m3u8?id=gdlnxq&usign=tnO5JvE7EOUNT8al6DLMiw
岭南戏曲,http://38.75.136.137:82/live1/jsb1.m3u8?id=gdlnxq&usign=tnO5JvE7EOUNT8al6DLMiw
岭南戏曲,http://38.75.136.137:82/live2/gdtv.m3u8?id=gdlnxq&usign=tnO5JvE7EOUNT8al6DLMiw
岭南戏曲,http://38.75.136.137:82/live1/jdtv2.m3u8?isp=dx&id=gdlnxq&usign=tnO5JvE7EOUNT8al6DLMiw
岭南戏曲,http://38.75.136.137:82/live1/jdtv2.m3u8?id=gdlnxq&usign=tnO5JvE7EOUNT8al6DLMiw
岭南戏曲,http://38.75.136.137:82/live1/jdtv2.m3u8?isp=lt&id=gdlnxq&usign=tnO5JvE7EOUNT8al6DLMiw
嘉佳卡通,http://38.75.136.137:82/live1/jsb.m3u8?id=gdjjkt&usign=tnO5JvE7EOUNT8al6DLMiw
嘉佳卡通,https://hlsbkmgsplive.miguvideo.com/wd_r1/2018/nfmedia/jjkt/1000/01.m3u8?&HlsSubType=&encrypt=
嘉佳卡通,http://38.75.136.137:82/live1/jsb1.m3u8?id=gdjjkt&usign=tnO5JvE7EOUNT8al6DLMiw
嘉佳卡通,http://38.75.136.137:82/live1/jsb.m3u8?id=gdjjkt&ip=whus17&usign=tnO5JvE7EOUNT8al6DLMiw
嘉佳卡通,http://38.75.136.137:82/live2/gdtv.m3u8?id=gdjjkt&usign=tnO5JvE7EOUNT8al6DLMiw
嘉佳卡通,http://38.75.136.137:82/live1/jdtv2.m3u8?isp=dx&id=gdjjkt&usign=tnO5JvE7EOUNT8al6DLMiw
揭阳生活,http://hls-jyrtv.jyrtv.tv/stjy2020/ggpd.m3u8
潮州综合1,http://livezhpd.czbtv.com:38880/live/ctvzhpd.m3u8?secret=czbtv20250301
潮州民生1,http://livezhpd.czbtv.com:38880/live/ggpd.m3u8?secret=czbtv20250301
番禺综合,http://video.epaper.pybtv.cn:8080/live/rtmp_live_demo.flv
丰顺综合,https://p2.vzan.com/701678271/024926084736123670/live.m3u8
深圳龙岗,http://zhfw-t.szlg.com:8080/live/television1.m3u8
盗源狗si全家 全家下地狱
广东珠江,http://8.138.7.223/tv/gdzj.m3u8
大湾区卫视,http://8.138.7.223/tv/dwq.m3u8
广东大湾区卫视,http://gx.484947.xyz/PLTV/77777777/224/3221225748/index.m3u8
大湾区卫视,http://go.bkpcp.top/mg/dwqws
广东影视,http://go.bkpcp.top/mg/gdys
广东民生,http://go.bkpcp.top/mg/gdms
广东新闻,http://go.bkpcp.top/mg/gdxw
广东民生(晚7点),http://tv1288.xyz/douyin.php?type=rid&rid=gdtvdvxc
-汕尾综合,https://iswtv.swrtv.com/live/xwzhpd.m3u8
-汕尾生活,https://iswtv.swrtv.com/live/whshpd.m3u8
广州综合,https://tencentplay.gztv.com/live/zonghes.m3u8?txSecret=f0147ae6453a80f5989f382368b72aad&txTime=18d00acf487
广州新闻,https://tencentplay.gztv.com/live/xinwen.m3u8?txSecret=6f73647cae387d01a3c2132074132a83&txTime=18d00acf487
嘉佳卡通,http://38.75.136.137:82/live1/jdtv2.m3u8?id=gdjjkt&usign=tnO5JvE7EOUNT8al6DLMiw
嘉佳卡通,http://38.75.136.137:82/live1/jdtv2.m3u8?isp=lt&id=gdjjkt&usign=tnO5JvE7EOUNT8al6DLMiw
广东经济科教,https://pili-live-hls.kingsmedia.cn/metoo-live/e06829f1a4374c4cb7f72cd99c7c636d.m3u8
广东经济科教,http://38.75.136.137:82/live1/jdtv2.m3u8?isp=dx&id=gdtvs1&usign=tnO5JvE7EOUNT8al6DLMiw
广东经济科教,http://38.75.136.137:82/live1/jdtv2.m3u8?isp=lt&id=gdtvs1&usign=tnO5JvE7EOUNT8al6DLMiw
广东经济科教,http://38.75.136.137:82/live1/jdtv2.m3u8?id=gdtvs1&usign=tnO5JvE7EOUNT8al6DLMiw
广东4K超高清,http://38.75.136.137:82/live1/jsb.m3u8?id=gdtvs3&usign=tnO5JvE7EOUNT8al6DLMiw
广东4K超高清,http://38.75.136.137:82/live1/jsb1.m3u8?id=gdtvs3&usign=tnO5JvE7EOUNT8al6DLMiw
广东4K超高清,http://38.75.136.137:82/live2/gdtv.m3u8?id=gdtvs3&usign=tnO5JvE7EOUNT8al6DLMiw
广东4K超高清,http://38.75.136.137:82/live1/jdtv2.m3u8?isp=dx&id=gdtvs3&usign=tnO5JvE7EOUNT8al6DLMiw
广东4K超高清,http://38.75.136.137:82/live1/jdtv2.m3u8?isp=lt&id=gdtvs3&usign=tnO5JvE7EOUNT8al6DLMiw
广东4K超高清,http://38.75.136.137:82/live1/jdtv2.m3u8?id=gdtvs3&usign=tnO5JvE7EOUNT8al6DLMiw
广东影视,https://hlsbkmgsplive.miguvideo.com/wd_r1/2018/nfmedia/nfys/1000/01.m3u8?&HlsSubType=&encrypt=
广东影视,http://38.75.136.137:82/live2/gdtv.m3u8?id=gdtvs4&usign=tnO5JvE7EOUNT8al6DLMiw
广东影视,http://38.75.136.137:82/live1/jdtv2.m3u8?isp=dx&id=gdtvs4&usign=tnO5JvE7EOUNT8al6DLMiw
广东影视,http://38.75.136.137:82/live1/jdtv2.m3u8?isp=lt&id=gdtvs4&usign=tnO5JvE7EOUNT8al6DLMiw
广东影视,http://38.75.136.137:82/live1/jdtv2.m3u8?id=gdtvs4&usign=tnO5JvE7EOUNT8al6DLMiw
广东少儿,http://38.75.136.137:82/live1/jsb.m3u8?id=gdtvs5&usign=tnO5JvE7EOUNT8al6DLMiw
广东少儿,http://38.75.136.137:82/live1/jsb1.m3u8?id=gdtvs5&usign=tnO5JvE7EOUNT8al6DLMiw
广州法治,https://tencentplay.gztv.com/live/fazhi.m3u8?txSecret=4400d75d2114b2db07d86eda8f8218ee&txTime=191b60ce0f6
广州南国都市,https://tencentplay.gztv.com/live/nanguodushi.m3u8?txSecret=babbcbacdbcf13a3311a264e4dd66b8d&txTime=191b60b41a7
深圳都市,http://nn.7x9d.cn/深圳最新.php?id=szds
深圳电视剧,http://nn.7x9d.cn/深圳最新.php?id=szdsj
深圳财经生活,http://nn.7x9d.cn/深圳最新.php?id=szcjsh
深圳少儿,http://nn.7x9d.cn/深圳最新.php?id=szse
深圳移动电视,http://nn.7x9d.cn/深圳最新.php?id=szyd
深圳国际,http://nn.7x9d.cn/深圳最新.php?id=szgj
番禺电视台,http://video.epaper.pybtv.cn:8080/live/rtmp_live_demo.m3u8
东莞新闻综合,http://stream.sun0769.com/dgrtv1/mp4tv1_1500/index.m3u8
东莞生活资讯,http://stream.sun0769.com/dgrtv1/mp4tv2_1500/index.m3u8
河源综合,https://tmpstream.hyrtv.cn/xwzh/sd/live.m3u8
河源公共,https://tmpstream.hyrtv.cn/hygg/sd/live.m3u8
五华综合,http://p2hs.vzan.com/slowlive/621139761151691240/live.m3u8
韶关新闻综合,https://www.sgmsw.cn/videos/tv/201805/1308/SB05RIYZOU8JR418AUQOF62CAJQ08D0E/hls/live.m3u8
清远新闻综合,http://zmylivestream.nfnews.com/zmy_slive/25319.m3u8
清远文旅生活,http://zmylivestream.nfnews.com/zmy_slive/20811.m3u8
揭阳综合,http://hls-jyrtv.jyrtv.tv/stjy2020/ggpd.m3u8
揭阳生活,http://hls-jyrtv.jyrtv.tv/stjy2020/ggpd.m3u8
广东少儿,http://38.75.136.137:82/live2/gdtv.m3u8?id=gdtvs5&usign=tnO5JvE7EOUNT8al6DLMiw
广东少儿,http://38.75.136.137:82/live1/jdtv2.m3u8?isp=dx&id=gdtvs5&usign=tnO5JvE7EOUNT8al6DLMiw
广东少儿,http://38.75.136.137:82/live1/jdtv2.m3u8?isp=lt&id=gdtvs5&usign=tnO5JvE7EOUNT8al6DLMiw
广东少儿,http://38.75.136.137:82/live1/jdtv2.m3u8?id=gdtvs5&usign=tnO5JvE7EOUNT8al6DLMiw
南方购物,http://38.75.136.137:82/live2/gdtv.m3u8?id=gdnfgw&usign=tnO5JvE7EOUNT8al6DLMiw
南方购物,http://38.75.136.137:82/live1/jdtv2.m3u8?id=gdnfgw&usign=tnO5JvE7EOUNT8al6DLMiw
GRTN健康频道,https://tplaylive.grtn.cn/live/health.m3u8
GRTN纪录片,https://tplaylive.grtn.cn/live/jilupian.m3u8
GRTN教育频道,https://tplaylive.grtn.cn/live/jiaoyu.m3u8
GRTN荔枝台,https://tplaylive.grtn.cn/live/lizhi.m3u8
GRTN生活频道,https://tplaylive.grtn.cn/live/life.m3u8
GRTN文化频道,https://tplaylive.grtn.cn/live/wenhua_test0203.m3u8
中国交通广东,http://38.75.136.137:82/live1/jdtv2.m3u8?id=gdzgjt&usign=tnO5JvE7EOUNT8al6DLMiw
广东有线导视,http://38.75.136.137:82/live1/jdtv2.m3u8?id=gdda&usign=tnO5JvE7EOUNT8al6DLMiw
广州综合,http://38.75.136.137:82/live2/gdgztv.m3u8?id=gdgzzh&usign=tnO5JvE7EOUNT8al6DLMiw
广州综合,http://38.75.136.137:82/live1/gdgztv.m3u8?id=gdgzzh&usign=tnO5JvE7EOUNT8al6DLMiw
广州综合,http://38.75.136.137:82/live1/jdtv2.m3u8?id=gdgzzh&usign=tnO5JvE7EOUNT8al6DLMiw
广州新闻,http://38.75.136.137:82/live2/gdgztv.m3u8?id=gdgzxw&usign=tnO5JvE7EOUNT8al6DLMiw
广州新闻,http://38.75.136.137:82/live1/gdgztv.m3u8?id=gdgzxw&usign=tnO5JvE7EOUNT8al6DLMiw
广州新闻,http://38.75.136.137:82/live1/jdtv2.m3u8?id=gdgzxw&usign=tnO5JvE7EOUNT8al6DLMiw
湛江综合,http://gbtv-hls-wjq.zjwtv.com/zjtv/zhpd.m3u8
湛江公共,http://gbtv-hls-wjq.zjwtv.com/zjtv/ggpd.m3u8
阳江综合,https://live.yjtvw.com:8081/live/yjtv1.m3u8
阳江生活,https://live.yjtvw.com:8081/live/yjtv2.m3u8
云浮综合,https://livestream.oeeee.com/slive/28283.m3u8
云浮文旅,https://livestream.oeeee.com/slive/28284.m3u8
肇庆综合,http://zmylivestream.nfnews.com/zmy_slive/27872.m3u8
肇庆生活,http://zmylivestream.nfnews.com/zmy_slive/27871.m3u8
怀集综合,https://www.zqhjtv.com/hls/hjzhpd.m3u8
中山综合,http://v.zsbtv.com.cn/lsdream/qTl38me/1000/live.m3u8
揭阳综合高清,http://8.134.175.232:4022/udp/239.77.0.229:5146
揭阳生活高清,http://8.134.175.232:4022/udp/239.77.0.251:5146
汕尾综合高清,http://8.134.175.232:4022/udp/239.77.0.25:5146
汕尾生活高清,http://8.134.175.232:4022/udp/239.77.0.187:5146
汕头综合高清,http://8.134.175.232:4022/udp/239.253.43.45:5146
汕头生活高清,http://8.134.175.232:4022/udp/239.253.43.46:5146
潮州综合高清,http://8.134.175.232:4022/udp/239.253.43.70:5146
潮州民生高清,http://8.134.175.232:4022/udp/239.253.43.75:5146
广东卫视高清,http://8.134.175.232:4022/udp/239.77.0.84:5146
广东新闻高清,http://8.134.175.232:4022/udp/239.77.0.173:5146
广州影视,http://38.75.136.137:82/live2/gdgztv.m3u8?id=gdgzys&usign=tnO5JvE7EOUNT8al6DLMiw
广州影视,http://38.75.136.137:82/live1/gdgztv.m3u8?id=gdgzys&usign=tnO5JvE7EOUNT8al6DLMiw
广州影视,http://38.75.136.137:82/live1/jdtv2.m3u8?id=gdgzys&usign=tnO5JvE7EOUNT8al6DLMiw
广州南国都市4K,http://38.75.136.137:82/live1/gdgztv.m3u8?id=gdgzsh&usign=tnO5JvE7EOUNT8al6DLMiw
广州南国都市4K,http://38.75.136.137:82/live2/gdgztv.m3u8?id=gdgzsh&usign=tnO5JvE7EOUNT8al6DLMiw
广州法治,http://38.75.136.137:82/live2/gdgztv.m3u8?id=gdgzjj&usign=tnO5JvE7EOUNT8al6DLMiw
广州法治,http://38.75.136.137:82/live1/gdgztv.m3u8?id=gdgzjj&usign=tnO5JvE7EOUNT8al6DLMiw
广州法治,http://38.75.136.137:82/live1/jdtv2.m3u8?id=gdgzjj&usign=tnO5JvE7EOUNT8al6DLMiw
深圳都市,http://38.75.136.137:82/live1/gdsztv.m3u8?id=gdszds&usign=tnO5JvE7EOUNT8al6DLMiw
深圳都市,http://38.75.136.137:82/live1/cutv1.m3u8?id=gdszds&usign=tnO5JvE7EOUNT8al6DLMiw
深圳都市,http://38.75.136.137:82/live1/jdtv2.m3u8?id=gdszds&usign=tnO5JvE7EOUNT8al6DLMiw
深圳电视剧,http://38.75.136.137:82/live1/gdsztv.m3u8?id=gdszdsj&usign=tnO5JvE7EOUNT8al6DLMiw
深圳电视剧,http://38.75.136.137:82/live1/cutv1.m3u8?id=gdszdsj&usign=tnO5JvE7EOUNT8al6DLMiw
深圳电视剧,http://38.75.136.137:82/live1/jdtv2.m3u8?id=gdszdsj&usign=tnO5JvE7EOUNT8al6DLMiw
深圳财经生活,http://38.75.136.137:82/live1/gdsztv.m3u8?id=gdszcj&usign=tnO5JvE7EOUNT8al6DLMiw
深圳财经生活,http://38.75.136.137:82/live1/cutv1.m3u8?id=gdszcj&usign=tnO5JvE7EOUNT8al6DLMiw
深圳财经生活,http://38.75.136.137:82/live1/jdtv2.m3u8?id=gdszcj&usign=tnO5JvE7EOUNT8al6DLMiw
深圳体育健康,http://38.75.136.137:82/live1/gdsztv.m3u8?id=gdszty&usign=tnO5JvE7EOUNT8al6DLMiw
深圳体育健康,http://38.75.136.137:82/live1/cutv1.m3u8?id=gdszty&usign=tnO5JvE7EOUNT8al6DLMiw
深圳体育健康,http://38.75.136.137:82/live1/jdtv2.m3u8?id=gdszty&usign=tnO5JvE7EOUNT8al6DLMiw
广东民生高清,http://8.134.175.232:4022/udp/239.77.0.225:5146
广东体育高清,http://8.134.175.232:4022/udp/239.77.0.112:5146
经济科教高清,http://8.134.175.232:4022/udp/239.77.0.85:5146
大湾区卫视高清,http://8.134.175.232:4022/udp/239.77.0.215:5146
广东影视高清,http://8.134.175.232:4022/udp/239.77.0.217:5146
广东少儿高清,http://8.134.175.232:4022/udp/239.77.0.250:5146
揭阳综合高清,http://119.29.142.81:4022/udp/239.77.0.229:5146
揭阳生活高清,http://119.29.142.81:4022/udp/239.77.0.251:5146
汕尾综合高清,http://119.29.142.81:4022/udp/239.77.0.25:5146
汕尾生活高清,http://119.29.142.81:4022/udp/239.77.0.187:5146
汕头综合高清,http://119.29.142.81:4022/udp/239.253.43.45:5146
汕头生活高清,http://119.29.142.81:4022/udp/239.253.43.46:5146
潮州综合高清,http://119.29.142.81:4022/udp/239.253.43.70:5146
潮州民生高清,http://119.29.142.81:4022/udp/239.253.43.75:5146
广东卫视高清,http://119.29.142.81:4022/udp/239.77.0.84:5146
广东新闻高清,http://119.29.142.81:4022/udp/239.77.0.173:5146
广东民生高清,http://119.29.142.81:4022/udp/239.77.0.225:5146
广东体育高清,http://119.29.142.81:4022/udp/239.77.0.112:5146
经济科教高清,http://119.29.142.81:4022/udp/239.77.0.85:5146
深圳少儿,http://38.75.136.137:82/live1/gdsztv.m3u8?id=gdszse&usign=tnO5JvE7EOUNT8al6DLMiw
深圳少儿,http://38.75.136.137:82/live1/cutv1.m3u8?id=gdszse&usign=tnO5JvE7EOUNT8al6DLMiw
深圳少儿,http://38.75.136.137:82/live1/jdtv2.m3u8?id=gdszse&usign=tnO5JvE7EOUNT8al6DLMiw
深圳国际,http://38.75.136.137:82/live1/gdsztv.m3u8?id=gdszgj&usign=tnO5JvE7EOUNT8al6DLMiw
深圳国际,http://38.75.136.137:82/live1/cutv1.m3u8?id=gdszgj&usign=tnO5JvE7EOUNT8al6DLMiw
深圳宝安,http://38.75.136.137:82/live1/jdtv2.m3u8?id=gdszba&usign=tnO5JvE7EOUNT8al6DLMiw
深圳龙岗,http://zhfw-t.szlg.com:8080/live/television1.m3u8
深圳龙岗,http://38.75.136.137:82/live1/jdtv2.m3u8?id=gdszlg&usign=tnO5JvE7EOUNT8al6DLMiw
深圳宜和购物,http://38.75.136.137:82/live1/gdsztv.m3u8?id=gdszgw&usign=tnO5JvE7EOUNT8al6DLMiw
深圳宜和购物,http://38.75.136.137:82/live1/cutv1.m3u8?id=gdszgw&usign=tnO5JvE7EOUNT8al6DLMiw
深圳移动电视,http://38.75.136.137:82/live1/gdsztv.m3u8?id=gdszyd&usign=tnO5JvE7EOUNT8al6DLMiw
深圳移动电视,http://38.75.136.137:82/live1/cutv1.m3u8?id=gdszyd&usign=tnO5JvE7EOUNT8al6DLMiw
深圳众创TV,http://zhfw-t.szlg.com:8080/live/television2.m3u8
深圳众创TV,http://38.75.136.137:82/live1/jdtv2.m3u8?id=gdszzc&usign=tnO5JvE7EOUNT8al6DLMiw
珠海新闻,https://publive.zhrct.com/zhtv1/zhtv1.m3u8?auth_key=1697183630-0-0-237458bc86c8bc697f92b9525a090953
珠海新闻,http://38.75.136.137:82/live1/jdtv2.m3u8?id=gdzhtv1&usign=tnO5JvE7EOUNT8al6DLMiw
珠海新闻,http://38.75.136.137:82/live1/cutv2.m3u8?id=gdzhtv1&usign=tnO5JvE7EOUNT8al6DLMiw
佛山综合,http://38.75.136.137:82/live1/gdfstv.m3u8?id=gdfstv1&usign=tnO5JvE7EOUNT8al6DLMiw
佛山公共,http://38.75.136.137:82/live1/gdfstv.m3u8?id=gdfstv2&usign=tnO5JvE7EOUNT8al6DLMiw
佛山影视,http://38.75.136.137:82/live1/gdfstv.m3u8?id=gdfstv3&usign=tnO5JvE7EOUNT8al6DLMiw
大湾区卫视高清,http://119.29.142.81:4022/udp/239.77.0.215:5146
广东影视高清,http://119.29.142.81:4022/udp/239.77.0.217:5146
广东少儿高清,http://119.29.142.81:4022/udp/239.77.0.250:5146
揭阳综合高清,http://pr.19760929.xyz:9688/udp/239.77.0.229:5146
揭阳生活高清,http://pr.19760929.xyz:9688/udp/239.77.0.251:5146
汕尾综合高清,http://pr.19760929.xyz:9688/udp/239.77.0.25:5146
汕尾生活高清,http://pr.19760929.xyz:9688/udp/239.77.0.187:5146
汕头综合高清,http://pr.19760929.xyz:9688/udp/239.253.43.45:5146
汕头生活高清,http://pr.19760929.xyz:9688/udp/239.253.43.46:5146
潮州综合高清,http://pr.19760929.xyz:9688/udp/239.253.43.70:5146
潮州民生高清,http://pr.19760929.xyz:9688/udp/239.253.43.75:5146
广东卫视高清,http://pr.19760929.xyz:9688/udp/239.77.0.84:5146
广东新闻高清,http://pr.19760929.xyz:9688/udp/239.77.0.173:5146
广东民生高清,http://pr.19760929.xyz:9688/udp/239.77.0.225:5146
广东体育高清,http://pr.19760929.xyz:9688/udp/239.77.0.112:5146
经济科教高清,http://pr.19760929.xyz:9688/udp/239.77.0.85:5146
大湾区卫视高清,http://pr.19760929.xyz:9688/udp/239.77.0.215:5146
广东影视高清,http://pr.19760929.xyz:9688/udp/239.77.0.217:5146
广东少儿高清,http://pr.19760929.xyz:9688/udp/239.77.0.250:5146
佛山影视,http://38.75.136.137:82/live1/jdtv2.m3u8?id=gdfstv3&usign=tnO5JvE7EOUNT8al6DLMiw
佛山顺德,http://38.75.136.137:82/live1/gdfstv.m3u8?id=gdfstv4&usign=tnO5JvE7EOUNT8al6DLMiw
佛山南海,http://38.75.136.137:82/live1/gdfstv.m3u8?id=gdfstv5&usign=tnO5JvE7EOUNT8al6DLMiw
佛山高明,http://38.75.136.137:82/live1/gdfstv.m3u8?id=gdfsgm&usign=tnO5JvE7EOUNT8al6DLMiw
佛山三水,http://38.75.136.137:82/live1/gdfstv.m3u8?id=gdfsss1&usign=tnO5JvE7EOUNT8al6DLMiw
惠州综合,http://b.ds2.hztvmg.com/AppName/StreamName.m3u8
惠州综合,http://38.75.136.137:82/live1/jdtv2.m3u8?id=gdhztv1&usign=tnO5JvE7EOUNT8al6DLMiw
惠州公共,http://38.75.136.137:82/live1/jdtv2.m3u8?id=gdhztv2&usign=tnO5JvE7EOUNT8al6DLMiw
东莞综合,http://38.75.136.137:82/live1/gddgtv.m3u8?id=gddgtv1&usign=tnO5JvE7EOUNT8al6DLMiw
东莞综合,https://stream.sun0769.com/dgrtv1/mp4tv1_1500/index.m3u8
东莞生活资讯,http://38.75.136.137:82/live1/gddgtv.m3u8?id=gddgtv2&usign=tnO5JvE7EOUNT8al6DLMiw
东莞生活资讯,https://stream.sun0769.com/dgrtv1/mp4tv2_1500/index.m3u8
河源综合,http://tmpstream.hyrtv.cn/xwzh/sd/live.m3u8
河源综合,http://38.75.136.137:82/live1/jdtv2.m3u8?id=gdhytv1&usign=tnO5JvE7EOUNT8al6DLMiw
河源公共,http://tmpstream.hyrtv.cn/hygg/sd/live.m3u8
河源公共,http://38.75.136.137:82/live1/jdtv2.m3u8?id=gdhytv2&usign=tnO5JvE7EOUNT8al6DLMiw
清远新闻综合,https://zmylivestream.nfnews.com/zmy_slive/25319.m3u8
清远文旅生活,https://zmylivestream.nfnews.com/zmy_slive/25321.m3u8
韶关综合,https://www.sgmsw.cn/videos/tv/201805/1308/SB05RIYZOU8JR418AUQOF62CAJQ08D0E/hls/live.m3u8
韶关综合,https://live.sgmsw.cn/hls/lhx1FUeZg/playlist.m3u8
汕头新闻综合,http://38.75.136.137:82/live1/gdsttv.m3u8?id=gdsttv1&usign=tnO5JvE7EOUNT8al6DLMiw
揭阳综合高清,http://www.1328099.xyz:9688/udp/239.77.0.229:5146
揭阳生活高清,http://www.1328099.xyz:9688/udp/239.77.0.251:5146
汕尾综合高清,http://www.1328099.xyz:9688/udp/239.77.0.25:5146
汕尾生活高清,http://www.1328099.xyz:9688/udp/239.77.0.187:5146
汕头综合高清,http://www.1328099.xyz:9688/udp/239.253.43.45:5146
汕头生活高清,http://www.1328099.xyz:9688/udp/239.253.43.46:5146
潮州综合高清,http://www.1328099.xyz:9688/udp/239.253.43.70:5146
潮州民生高清,http://www.1328099.xyz:9688/udp/239.253.43.75:5146
广东卫视高清,http://www.1328099.xyz:9688/udp/239.77.0.84:5146
广东新闻高清,http://www.1328099.xyz:9688/udp/239.77.0.173:5146
广东民生高清,http://www.1328099.xyz:9688/udp/239.77.0.225:5146
广东体育高清,http://www.1328099.xyz:9688/udp/239.77.0.112:5146
经济科教高清,http://www.1328099.xyz:9688/udp/239.77.0.85:5146
大湾区卫视高清,http://www.1328099.xyz:9688/udp/239.77.0.215:5146
广东影视高清,http://www.1328099.xyz:9688/udp/239.77.0.217:5146
广东少儿高清,http://www.1328099.xyz:9688/udp/239.77.0.250:5146
揭阳综合高清,http://hongzhijiaoyu.net:8188/udp/239.77.0.229:5146
揭阳生活高清,http://hongzhijiaoyu.net:8188/udp/239.77.0.251:5146
汕尾综合高清,http://hongzhijiaoyu.net:8188/udp/239.77.0.25:5146
汕头新闻综合,http://38.75.136.137:82/live1/jdtv2.m3u8?id=gdsttv1&usign=tnO5JvE7EOUNT8al6DLMiw
汕头经济生活,http://38.75.136.137:82/live1/gdsttv.m3u8?id=gdsttv2&usign=tnO5JvE7EOUNT8al6DLMiw
汕头经济生活,http://38.75.136.137:82/live1/jdtv2.m3u8?id=gdsttv2&usign=tnO5JvE7EOUNT8al6DLMiw
潮州综合,http://livezhpd.czbtv.com:38880/live/ctvzhpd.m3u8?secret=czbtv20250301
潮州综合,http://38.75.136.137:82/live1/jdtv2.m3u8?id=gdcztv1&usign=tnO5JvE7EOUNT8al6DLMiw
潮州民生,http://livezhpd.czbtv.com:38880/live/ggpd.m3u8?secret=czbtv20250301
肇庆综合,http://zqvlivestream.xjrb.com/zqtlive_slow/eed84230447e4eed917191d72b5d8b73_779.m3u8
肇庆生活服务,http://zqvlivestream.xjrb.com/zqtlive_slow/eed84230447e4eed917191d72b5d8b73_786.m3u8
梅州综合,http://38.75.136.137:82/live1/jdtv2.m3u8?id=gdmztv1&usign=tnO5JvE7EOUNT8al6DLMiw
梅州客家生活,http://38.75.136.137:82/live1/jdtv2.m3u8?id=gdmztv2&usign=tnO5JvE7EOUNT8al6DLMiw
梅州导视,http://38.75.136.137:82/live1/jdtv2.m3u8?id=gdmztv3&usign=tnO5JvE7EOUNT8al6DLMiw
茂名综合,http://38.75.136.137:82/live1/jdtv2.m3u8?id=gdmmtv1&usign=tnO5JvE7EOUNT8al6DLMiw
茂名文化生活,http://38.75.136.137:82/live1/jdtv2.m3u8?id=gdmmtv2&usign=tnO5JvE7EOUNT8al6DLMiw
湛江综合,https://gbtv-hls-wjq.zjwtv.com/zjtv/zhpd.m3u8
湛江综合,http://38.75.136.137:82/live1/jdtv2.m3u8?id=gdzjtv1&usign=tnO5JvE7EOUNT8al6DLMiw
湛江公共,https://gbtv-hls-wjq.zjwtv.com/zjtv/ggpd.m3u8
湛江公共,http://38.75.136.137:82/live1/jdtv2.m3u8?id=gdzjtv2&usign=tnO5JvE7EOUNT8al6DLMiw
阳江综合,https://live.yjtvw.com:8081/live/yjtv1.m3u8
汕尾生活高清,http://hongzhijiaoyu.net:8188/udp/239.77.0.187:5146
汕头综合高清,http://hongzhijiaoyu.net:8188/udp/239.253.43.45:5146
汕头生活高清,http://hongzhijiaoyu.net:8188/udp/239.253.43.46:5146
潮州综合高清,http://hongzhijiaoyu.net:8188/udp/239.253.43.70:5146
潮州民生高清,http://hongzhijiaoyu.net:8188/udp/239.253.43.75:5146
广东卫视高清,http://hongzhijiaoyu.net:8188/udp/239.77.0.84:5146
广东新闻高清,http://hongzhijiaoyu.net:8188/udp/239.77.0.173:5146
广东民生高清,http://hongzhijiaoyu.net:8188/udp/239.77.0.225:5146
广东体育高清,http://hongzhijiaoyu.net:8188/udp/239.77.0.112:5146
经济科教高清,http://hongzhijiaoyu.net:8188/udp/239.77.0.85:5146
大湾区卫视高清,http://hongzhijiaoyu.net:8188/udp/239.77.0.215:5146
广东影视高清,http://hongzhijiaoyu.net:8188/udp/239.77.0.217:5146
广东少儿高清,http://hongzhijiaoyu.net:8188/udp/239.77.0.250:5146
揭阳综合高清,http://iptv.xxika.net:8188/udp/239.77.0.229:5146
揭阳生活高清,http://iptv.xxika.net:8188/udp/239.77.0.251:5146
汕尾综合高清,http://iptv.xxika.net:8188/udp/239.77.0.25:5146
汕尾生活高清,http://iptv.xxika.net:8188/udp/239.77.0.187:5146
汕头综合高清,http://iptv.xxika.net:8188/udp/239.253.43.45:5146
汕头生活高清,http://iptv.xxika.net:8188/udp/239.253.43.46:5146
阳江综合,https://yangjiang-live6.itouchtv.cn/live/66f6785d00d85014361f7e78.m3u8
阳江综合,http://183.236.161.100:8962/live1173.m3u8
阳江公共,https://live.yjtvw.com:8081/live/yjtv2.m3u8
揭阳综合,http://38.75.136.137:82/live1/gdjytv.m3u8?id=gdjytv1&usign=tnO5JvE7EOUNT8al6DLMiw
揭阳综合,http://hls-jyrtv.jyrtv.tv/stjy2020/zhpd.m3u8
揭阳综合,http://38.75.136.137:82/live1/jdtv2.m3u8?id=gdjytv1&usign=tnO5JvE7EOUNT8al6DLMiw
揭阳生活,http://38.75.136.137:82/live1/gdjytv.m3u8?id=gdjytv2&usign=tnO5JvE7EOUNT8al6DLMiw
揭阳生活,http://hls-jyrtv.jyrtv.tv/stjy2020/ggpd.m3u8
汕尾综合,https://iswtv.swrtv.com/live/xwzhpd.m3u8
汕尾综合,http://38.75.136.137:82/live1/tianma.m3u8?ip=gdswtv&id=35&usign=tnO5JvE7EOUNT8al6DLMiw
汕尾文化生活,https://iswtv.swrtv.com/live/whshpd.m3u8
汕尾文化生活,http://38.75.136.137:82/live1/tianma.m3u8?ip=gdswtv&id=36&usign=tnO5JvE7EOUNT8al6DLMiw
云浮综合,https://livestream.oeeee.com/slive/17806.m3u8
云浮综合,http://38.75.136.137:82/live1/jdtv2.m3u8?id=gdyftv1&usign=tnO5JvE7EOUNT8al6DLMiw
云浮文旅,https://livestream.oeeee.com/slive/17807.m3u8
云浮文旅,http://38.75.136.137:82/live1/jdtv2.m3u8?id=gdyftv2&usign=tnO5JvE7EOUNT8al6DLMiw
中山综合,http://v.zsbtv.com.cn/lsdream/qTl38me/1000/live.m3u8
中山香山文化,http://v.zsbtv.com.cn/lsdream/H3QclaV/2000/live.m3u8
电白综合,http://gddb.chinashadt.com:1935/live/video1.stream/playlist.m3u8
电白综合,http://gddb.chinashadt.com:1935/live/video1.stream_360p/playlist.m3u8
电白视窗,http://gddb.chinashadt.com:1935/live/video2.stream/playlist.m3u8
潮州综合高清,http://iptv.xxika.net:8188/udp/239.253.43.70:5146
潮州民生高清,http://iptv.xxika.net:8188/udp/239.253.43.75:5146
广东卫视高清,http://iptv.xxika.net:8188/udp/239.77.0.84:5146
广东新闻高清,http://iptv.xxika.net:8188/udp/239.77.0.173:5146
广东民生高清,http://iptv.xxika.net:8188/udp/239.77.0.225:5146
广东体育高清,http://iptv.xxika.net:8188/udp/239.77.0.112:5146
经济科教高清,http://iptv.xxika.net:8188/udp/239.77.0.85:5146
大湾区卫视高清,http://iptv.xxika.net:8188/udp/239.77.0.215:5146
广东影视高清,http://iptv.xxika.net:8188/udp/239.77.0.217:5146
广东少儿高清,http://iptv.xxika.net:8188/udp/239.77.0.250:5146
揭阳综合高清,http://lsa.familyds.com:8188/udp/239.77.0.229:5146
揭阳生活高清,http://lsa.familyds.com:8188/udp/239.77.0.251:5146
汕尾综合高清,http://lsa.familyds.com:8188/udp/239.77.0.25:5146
汕尾生活高清,http://lsa.familyds.com:8188/udp/239.77.0.187:5146
汕头综合高清,http://lsa.familyds.com:8188/udp/239.253.43.45:5146
汕头生活高清,http://lsa.familyds.com:8188/udp/239.253.43.46:5146
潮州综合高清,http://lsa.familyds.com:8188/udp/239.253.43.70:5146
潮州民生高清,http://lsa.familyds.com:8188/udp/239.253.43.75:5146
广东卫视高清,http://lsa.familyds.com:8188/udp/239.77.0.84:5146
电白视窗,http://gddb.chinashadt.com:1935/live/video2.stream_360p/playlist.m3u8
廉江综合,http://38.75.136.137:82/live1/jdtv2.m3u8?id=gdzjlj1&usign=tnO5JvE7EOUNT8al6DLMiw
佛冈综合,http://p2.vzan.com/slowlive/763398745742339271/live.m3u8
连州综合,http://38.75.136.137:82/live1/gdwx.m3u8?id=gdqylz1&usign=tnO5JvE7EOUNT8al6DLMiw
清新综合,http://hls.wiseqx.com/live/qxzh.m3u8
清新公共,http://hls.wiseqx.com/live/qxgg.m3u8
潮安综合,http://chaoan.chaoantv.com:8278/zongyi_1028/playlist.m3u8
潮安综合,http://chaoan.chaoantv.com:8278/live/chaoanzongyi.m3u8
潮安综合,http://chaoan.chaoantv.com:8278/zongyi_728/playlist.m3u8
潮阳综合,http://38.75.136.137:82/live1/jdtv2.m3u8?id=gdstcy1&usign=tnO5JvE7EOUNT8al6DLMiw
增城综合,http://44372.hlsplay.aodianyun.com/tv_radio_44372/tv_channel_3454.m3u8?auth_key=4854916743-0-0-8196893fc2147c56352b0ddb0525f16d&extra_key=vkUSpksttitWglBm27s62bcuJ-YJmyMIAGiFuyXXx91bl57LjabQZa6sW-66IokqwcwVpy-ddrwxPiZ1nhEhgxcn6s-4JFmtwgTAN_05P0rI0iArPfhZhUefgOC-7UXS_CV6g9XuKzXRXbzUIFDT7zDXGcRE3yaS1pRMbsdGQIs
番禺综合,http://video.epaper.pybtv.cn:8080/live/rtmp_live_demo.flv
大埔综合,http://38.75.136.137:82/live1/jdtv2.m3u8?id=gdmzdb1&usign=tnO5JvE7EOUNT8al6DLMiw
丰顺综合,http://38.75.136.137:82/live1/jdtv2.m3u8?id=gdmzfs1&usign=tnO5JvE7EOUNT8al6DLMiw
丰顺综合,https://p2.vzan.com/701678271/024926084736123670/live.m3u8
蕉岭综合,http://38.75.136.137:82/live1/jdtv2.m3u8?id=gdmzjl1&usign=tnO5JvE7EOUNT8al6DLMiw
梅县综合,http://38.75.136.137:82/live1/jdtv2.m3u8?id=gdmzmx1&usign=tnO5JvE7EOUNT8al6DLMiw
平远综合,http://p2.vzan.com/slowlive/738135449685137104/live.m3u8
平远综合,http://38.75.136.137:82/live1/jdtv2.m3u8?id=gdmzpy1&usign=tnO5JvE7EOUNT8al6DLMiw
五华综合,http://p2.vzan.com/slowlive/985282647660143081/live.m3u8
五华综合,http://38.75.136.137:82/live1/jdtv2.m3u8?id=gdmzwh1&usign=tnO5JvE7EOUNT8al6DLMiw
广东新闻高清,http://lsa.familyds.com:8188/udp/239.77.0.173:5146
广东民生高清,http://lsa.familyds.com:8188/udp/239.77.0.225:5146
广东体育高清,http://lsa.familyds.com:8188/udp/239.77.0.112:5146
经济科教高清,http://lsa.familyds.com:8188/udp/239.77.0.85:5146
大湾区卫视高清,http://lsa.familyds.com:8188/udp/239.77.0.215:5146
广东影视高清,http://lsa.familyds.com:8188/udp/239.77.0.217:5146
广东少儿高清,http://lsa.familyds.com:8188/udp/239.77.0.250:5146
揭阳综合高清,http://www.yahao.host:4022/udp/239.77.0.229:5146
揭阳生活高清,http://www.yahao.host:4022/udp/239.77.0.251:5146
汕尾综合高清,http://www.yahao.host:4022/udp/239.77.0.25:5146
汕尾生活高清,http://www.yahao.host:4022/udp/239.77.0.187:5146
汕头综合高清,http://www.yahao.host:4022/udp/239.253.43.45:5146
汕头生活高清,http://www.yahao.host:4022/udp/239.253.43.46:5146
潮州综合高清,http://www.yahao.host:4022/udp/239.253.43.70:5146
潮州民生高清,http://www.yahao.host:4022/udp/239.253.43.75:5146
广东卫视高清,http://www.yahao.host:4022/udp/239.77.0.84:5146
广东新闻高清,http://www.yahao.host:4022/udp/239.77.0.173:5146
广东民生高清,http://www.yahao.host:4022/udp/239.77.0.225:5146
广东体育高清,http://www.yahao.host:4022/udp/239.77.0.112:5146
广西综艺旅游,http://38.75.136.137:82/live1/jsb.m3u8?id=gxzy&usign=tnO5JvE7EOUNT8al6DLMiw
广西综艺旅游,http://38.75.136.137:82/live1/jsb1.m3u8?id=gxzy&usign=tnO5JvE7EOUNT8al6DLMiw
广西综艺旅游,http://38.75.136.137:82/live1/jdtv2.m3u8?isp=dx&id=gxzy&usign=tnO5JvE7EOUNT8al6DLMiw
广西综艺旅游,http://38.75.136.137:82/live1/jdtv2.m3u8?isp=lt&id=gxzy&usign=tnO5JvE7EOUNT8al6DLMiw
广西综艺旅游,http://38.75.136.137:82/live1/jdtv2.m3u8?id=gxzy&usign=tnO5JvE7EOUNT8al6DLMiw
广西都市,http://38.75.136.137:82/live1/jsb.m3u8?id=gxds&usign=tnO5JvE7EOUNT8al6DLMiw
广西都市,http://38.75.136.137:82/live1/jsb1.m3u8?id=gxds&usign=tnO5JvE7EOUNT8al6DLMiw
广西都市,http://38.75.136.137:82/live1/jdtv2.m3u8?isp=dx&id=gxds&usign=tnO5JvE7EOUNT8al6DLMiw
广西都市,http://38.75.136.137:82/live1/jdtv2.m3u8?isp=lt&id=gxds&usign=tnO5JvE7EOUNT8al6DLMiw
广西都市,http://38.75.136.137:82/live1/jdtv2.m3u8?id=gxds&usign=tnO5JvE7EOUNT8al6DLMiw
广西影视,http://38.75.136.137:82/live1/jsb.m3u8?id=gxys&usign=tnO5JvE7EOUNT8al6DLMiw
广西影视,http://38.75.136.137:82/live1/jsb1.m3u8?id=gxys&usign=tnO5JvE7EOUNT8al6DLMiw
广西影视,http://38.75.136.137:82/live1/jdtv2.m3u8?isp=dx&id=gxys&usign=tnO5JvE7EOUNT8al6DLMiw
广西影视,http://38.75.136.137:82/live1/jdtv2.m3u8?isp=lt&id=gxys&usign=tnO5JvE7EOUNT8al6DLMiw
广西影视,http://38.75.136.137:82/live1/jdtv2.m3u8?id=gxys&usign=tnO5JvE7EOUNT8al6DLMiw
广西新闻,http://38.75.136.137:82/live1/jsb.m3u8?id=gxxw&usign=tnO5JvE7EOUNT8al6DLMiw
广西新闻,http://38.75.136.137:82/live1/jsb1.m3u8?id=gxxw&usign=tnO5JvE7EOUNT8al6DLMiw
广西新闻,https://mobilelive.gxtv.cn/live/nn_live1007/playlist.m3u8
广西新闻,http://38.75.136.137:82/live1/jdtv2.m3u8?isp=dx&id=gxxw&usign=tnO5JvE7EOUNT8al6DLMiw
广西新闻,http://38.75.136.137:82/live1/jdtv2.m3u8?isp=lt&id=gxxw&usign=tnO5JvE7EOUNT8al6DLMiw
经济科教高清,http://www.yahao.host:4022/udp/239.77.0.85:5146
大湾区卫视高清,http://www.yahao.host:4022/udp/239.77.0.215:5146
广东影视高清,http://www.yahao.host:4022/udp/239.77.0.217:5146
广东少儿高清,http://www.yahao.host:4022/udp/239.77.0.250:5146
揭阳综合高清,http://gdyd.7259.cc.cd:4111/udp/239.77.0.229:5146
揭阳生活高清,http://gdyd.7259.cc.cd:4111/udp/239.77.0.251:5146
汕尾综合高清,http://gdyd.7259.cc.cd:4111/udp/239.77.0.25:5146
汕尾生活高清,http://gdyd.7259.cc.cd:4111/udp/239.77.0.187:5146
汕头综合高清,http://gdyd.7259.cc.cd:4111/udp/239.253.43.45:5146
汕头生活高清,http://gdyd.7259.cc.cd:4111/udp/239.253.43.46:5146
潮州综合高清,http://gdyd.7259.cc.cd:4111/udp/239.253.43.70:5146
潮州民生高清,http://gdyd.7259.cc.cd:4111/udp/239.253.43.75:5146
广东卫视高清,http://gdyd.7259.cc.cd:4111/udp/239.77.0.84:5146
广东新闻高清,http://gdyd.7259.cc.cd:4111/udp/239.77.0.173:5146
广东民生高清,http://gdyd.7259.cc.cd:4111/udp/239.77.0.225:5146
广东体育高清,http://gdyd.7259.cc.cd:4111/udp/239.77.0.112:5146
经济科教高清,http://gdyd.7259.cc.cd:4111/udp/239.77.0.85:5146
大湾区卫视高清,http://gdyd.7259.cc.cd:4111/udp/239.77.0.215:5146
广东影视高清,http://gdyd.7259.cc.cd:4111/udp/239.77.0.217:5146
广西新闻,http://38.75.136.137:82/live1/jdtv2.m3u8?id=gxxw&usign=tnO5JvE7EOUNT8al6DLMiw
广西国际,http://38.75.136.137:82/live1/jsb.m3u8?id=gxgj&usign=tnO5JvE7EOUNT8al6DLMiw
广西国际,http://38.75.136.137:82/live1/jsb1.m3u8?id=gxgj&usign=tnO5JvE7EOUNT8al6DLMiw
广西国际,http://mobilelive.gxtv.cn/live/nn_live1009/playlist.m3u8
广西国际,http://38.75.136.137:82/live1/jdtv2.m3u8?id=gxgj&usign=tnO5JvE7EOUNT8al6DLMiw
广西移动,http://38.75.136.137:82/live1/jsb.m3u8?id=gxyd&usign=tnO5JvE7EOUNT8al6DLMiw
广西移动,http://38.75.136.137:82/live1/jsb1.m3u8?id=gxyd&usign=tnO5JvE7EOUNT8al6DLMiw
广西移动,http://38.75.136.137:82/live1/jdtv2.m3u8?id=gxyd&usign=tnO5JvE7EOUNT8al6DLMiw
广西乐思购,http://mobilelive.gxtv.cn/live/nn_live1002/playlist.m3u8
广西乐思购,http://38.75.136.137:82/live1/jdtv2.m3u8?id=gxgw&usign=tnO5JvE7EOUNT8al6DLMiw
南宁新闻综合,rtmp://hls.nntv.cn/nnlive/XWZH_24
南宁新闻综合,https://hls.nntv.cn/nnlive/XWZH_24.m3u8
南宁新闻综合,rtmp://live.gxrb.com.cn/tv/nntv
南宁新闻综合,http://live.gxrb.com.cn/tv/nntv/index.m3u8&kdsplayer=media
南宁新闻综合,http://38.75.136.137:82/live1/jdtv2.m3u8?id=gxnntv1&usign=tnO5JvE7EOUNT8al6DLMiw
南宁影视娱乐,rtmp://hls.nntv.cn/nnlive/YSYL_244
南宁影视娱乐,https://hls.nntv.cn/nnlive/YSYL_244.m3u8
南宁影视娱乐,http://38.75.136.137:82/live1/jdtv2.m3u8?id=gxnntv2&usign=tnO5JvE7EOUNT8al6DLMiw
南宁文旅生活,rtmp://hls.nntv.cn/nnlive/WLSH_24
南宁文旅生活,https://hls.nntv.cn/nnlive/WLSH_24.m3u8
广东少儿高清,http://gdyd.7259.cc.cd:4111/udp/239.77.0.250:5146
揭阳综合高清,http://gdyd.7259.cc.cd:4014/udp/239.77.0.229:5146
揭阳生活高清,http://gdyd.7259.cc.cd:4014/udp/239.77.0.251:5146
汕尾综合高清,http://gdyd.7259.cc.cd:4014/udp/239.77.0.25:5146
汕尾生活高清,http://gdyd.7259.cc.cd:4014/udp/239.77.0.187:5146
汕头综合高清,http://gdyd.7259.cc.cd:4014/udp/239.253.43.45:5146
汕头生活高清,http://gdyd.7259.cc.cd:4014/udp/239.253.43.46:5146
潮州综合高清,http://gdyd.7259.cc.cd:4014/udp/239.253.43.70:5146
潮州民生高清,http://gdyd.7259.cc.cd:4014/udp/239.253.43.75:5146
广东卫视高清,http://gdyd.7259.cc.cd:4014/udp/239.77.0.84:5146
广东新闻高清,http://gdyd.7259.cc.cd:4014/udp/239.77.0.173:5146
广东民生高清,http://gdyd.7259.cc.cd:4014/udp/239.77.0.225:5146
广东体育高清,http://gdyd.7259.cc.cd:4014/udp/239.77.0.112:5146
经济科教高清,http://gdyd.7259.cc.cd:4014/udp/239.77.0.85:5146
大湾区卫视高清,http://gdyd.7259.cc.cd:4014/udp/239.77.0.215:5146
广东影视高清,http://gdyd.7259.cc.cd:4014/udp/239.77.0.217:5146
广东少儿高清,http://gdyd.7259.cc.cd:4014/udp/239.77.0.250:5146
揭阳综合高清,http://gdyd.7259.cc.cd:4013/udp/239.77.0.229:5146
揭阳生活高清,http://gdyd.7259.cc.cd:4013/udp/239.77.0.251:5146
南宁文旅生活,rtmp://live.gxrb.com.cn/tv/nntv_yssh
南宁文旅生活,http://live.gxrb.com.cn/tv/nntv_yssh/index.m3u8&kdsplayer=media
南宁文旅生活,http://38.75.136.137:82/live1/jdtv2.m3u8?id=gxnntv3&usign=tnO5JvE7EOUNT8al6DLMiw
南宁公共,rtmp://hls.nntv.cn/nnlive/GGPD_24
南宁公共,https://hls.nntv.cn/nnlive/GGPD_24.m3u8
南宁公共,rtmp://live.gxrb.com.cn/tv/nntv_gg
南宁公共,http://live.gxrb.com.cn/tv/nntv_gg/index.m3u8&kdsplayer=media
南宁公共,http://38.75.136.137:82/live1/jdtv2.m3u8?id=gxnntv4&usign=tnO5JvE7EOUNT8al6DLMiw
南宁老友发布,https://hls.nntv.cn/nnlive/LYL1_24.m3u8
梧州新闻综合,http://38.75.136.137:82/live1/hoge.m3u8?ip=gxwztv&id=22&usign=tnO5JvE7EOUNT8al6DLMiw
梧州公共频道,http://38.75.136.137:82/live1/hoge.m3u8?ip=gxwztv&id=23&usign=tnO5JvE7EOUNT8al6DLMiw
梧州教育生活,http://38.75.136.137:82/live1/hoge.m3u8?ip=gxwztv&id=15&usign=tnO5JvE7EOUNT8al6DLMiw
玉林新闻综合,http://51742.hlsplay.aodianyun.com/tv_radio_51742/tv_channel_3289.m3u8?auth_key=4846965841-0-0-9764667fa15da8675d9343a9d685e93b&extra_key=3G7phQNujucfjDfVZX7XtFsfMjeELWIZpjNRADdYpRWOUdAykIw7RkxbAmiF9U934MKf8LNlRPUVp9ooT4UEvKJQlaJrZuMqJnw-UvayII5G4kw7jFgAqhhjpD4DC7gyZEtynT7zMnF8xzE3J1g6soaagSkmkag_tsjqRTH1zeM
玉林新闻综合,http://38.75.136.137:82/live1/jdtv2.m3u8?id=gxyltv1&usign=tnO5JvE7EOUNT8al6DLMiw
玉林公共频道,http://51742.hlsplay.aodianyun.com/tv_radio_51742/tv_channel_3290.m3u8?auth_key=4846966707-0-0-3692291c1867891a8e1bcd3342c2c7d3&extra_key=WyQ8_SnoOM_9UoUOZv2pjgP04oOipJ-pQWnJjw0jcBbaVgB0SkWuufEouIoMrTTOHqCKsiuUTwsIC0eKdC6zj2Gjlo7loVJYBjnj9u34skklFkjAiC1ZElhnKpE8Ld7G4gu1Brfz5mapU04IA8BsDydhsghkaLRDTTxYAQGuvqw
玉林公共频道,http://38.75.136.137:82/live1/jdtv2.m3u8?id=gxyltv2&usign=tnO5JvE7EOUNT8al6DLMiw
桂林新闻综合,https://pull.gltvs.com/live/glxw/playlist.m3u8?v=b0528684bf934e120e1c30fc808e6576&t=1796868188
桂林公共频道,https://pull.gltvs.com/live/glgg/playlist.m3u8?v=654a4f856ca8f4ea018b85acb77572e8&t=2024816762
桂林科教旅游,https://pull.gltvs.com/live/glkj/playlist.m3u8?v=4282cdc9071e32fd382778e37d8bf172&t=2024816762
汕尾综合高清,http://gdyd.7259.cc.cd:4013/udp/239.77.0.25:5146
汕尾生活高清,http://gdyd.7259.cc.cd:4013/udp/239.77.0.187:5146
汕头综合高清,http://gdyd.7259.cc.cd:4013/udp/239.253.43.45:5146
汕头生活高清,http://gdyd.7259.cc.cd:4013/udp/239.253.43.46:5146
潮州综合高清,http://gdyd.7259.cc.cd:4013/udp/239.253.43.70:5146
潮州民生高清,http://gdyd.7259.cc.cd:4013/udp/239.253.43.75:5146
广东卫视高清,http://gdyd.7259.cc.cd:4013/udp/239.77.0.84:5146
广东新闻高清,http://gdyd.7259.cc.cd:4013/udp/239.77.0.173:5146
广东民生高清,http://gdyd.7259.cc.cd:4013/udp/239.77.0.225:5146
广东体育高清,http://gdyd.7259.cc.cd:4013/udp/239.77.0.112:5146
经济科教高清,http://gdyd.7259.cc.cd:4013/udp/239.77.0.85:5146
大湾区卫视高清,http://gdyd.7259.cc.cd:4013/udp/239.77.0.215:5146
广东影视高清,http://gdyd.7259.cc.cd:4013/udp/239.77.0.217:5146
广东少儿高清,http://gdyd.7259.cc.cd:4013/udp/239.77.0.250:5146
揭阳综合高清,http://wmh.wmh.ink:6633/udp/239.77.0.229:5146
揭阳生活高清,http://wmh.wmh.ink:6633/udp/239.77.0.251:5146
汕尾综合高清,http://wmh.wmh.ink:6633/udp/239.77.0.25:5146
汕尾生活高清,http://wmh.wmh.ink:6633/udp/239.77.0.187:5146
汕头综合高清,http://wmh.wmh.ink:6633/udp/239.253.43.45:5146
北海新闻综合,https://lives.myun.tv/live/09em4xbl.m3u8
北海新闻综合,rtmp://live.gxrb.com.cn/tv/bhtv_xwzh
北海新闻综合,https://rtmp.gdlive.gdmain.com/live/09em4xbl.m3u8
北海新闻综合,https://live.gxrb.com.cn/tv/bhtv_xwzh/index.m3u8&kdsplayer=media
北海新闻综合,http://38.75.136.137:82/live1/jdtv2.m3u8?id=gxbhtv1&usign=tnO5JvE7EOUNT8al6DLMiw
北海经济科教,https://play-a2.quklive.com/live/1727311690820146.m3u8
北海经济科教,http://38.75.136.137:82/live1/jdtv2.m3u8?id=gxbhtv2&usign=tnO5JvE7EOUNT8al6DLMiw
北海图文频道,http://citylive.njgdmm.com/beihai/d49b9838-dacf-4a22-ab46-1eed2b515d88.m3u8
北海图文频道,http://citylive.njgdmm.com/beihai/d49b9838-dacf-4a22-ab46-1eed2b515d88.flv
贺州综合频道,http://zhz.gxhzxw.com:2935/live/HZXW-HD/playlist.m3u8
百色综合频道,https://play-a2.quklive.com/live/1731379815689237.m3u8
崇左综合频道,https://lives.myun.tv/live/5podkk10.m3u8
崇左综合频道,https://rtmp.gdlive.gdmain.com/live/5podkk10.m3u8
崇左综合频道,http://38.75.136.137:82/live1/jdtv2.m3u8?id=gxcztv1&usign=tnO5JvE7EOUNT8al6DLMiw
贵港新闻综合,http://38.75.136.137:82/live1/jdtv2.m3u8?id=gxggtv1&usign=tnO5JvE7EOUNT8al6DLMiw
贵港科教生活,http://38.75.136.137:82/live1/jdtv2.m3u8?id=gxggtv2&usign=tnO5JvE7EOUNT8al6DLMiw
来宾综合频道,http://zb.gxlbamc.com:1935/live/lbzh.stream/playlist.m3u8
来宾综合频道,http://zb.lbnews.com.cn:1935/live/lbzh.stream/playlist.m3u8
来宾综合频道,https://live.gxrb.com.cn/gx/laibin/index.m3u8&kdsplayer=media
汕头生活高清,http://wmh.wmh.ink:6633/udp/239.253.43.46:5146
潮州综合高清,http://wmh.wmh.ink:6633/udp/239.253.43.70:5146
潮州民生高清,http://wmh.wmh.ink:6633/udp/239.253.43.75:5146
广东卫视高清,http://wmh.wmh.ink:6633/udp/239.77.0.84:5146
广东新闻高清,http://wmh.wmh.ink:6633/udp/239.77.0.173:5146
广东民生高清,http://wmh.wmh.ink:6633/udp/239.77.0.225:5146
广东体育高清,http://wmh.wmh.ink:6633/udp/239.77.0.112:5146
经济科教高清,http://wmh.wmh.ink:6633/udp/239.77.0.85:5146
大湾区卫视高清,http://wmh.wmh.ink:6633/udp/239.77.0.215:5146
广东影视高清,http://wmh.wmh.ink:6633/udp/239.77.0.217:5146
广东少儿高清,http://wmh.wmh.ink:6633/udp/239.77.0.250:5146
揭阳综合高清,http://www.syy3.top:3861/udp/239.77.0.229:5146
揭阳生活高清,http://www.syy3.top:3861/udp/239.77.0.251:5146
汕尾综合高清,http://www.syy3.top:3861/udp/239.77.0.25:5146
汕尾生活高清,http://www.syy3.top:3861/udp/239.77.0.187:5146
汕头综合高清,http://www.syy3.top:3861/udp/239.253.43.45:5146
汕头生活高清,http://www.syy3.top:3861/udp/239.253.43.46:5146
潮州综合高清,http://www.syy3.top:3861/udp/239.253.43.70:5146
潮州民生高清,http://www.syy3.top:3861/udp/239.253.43.75:5146
来宾新闻荟萃,http://zb.gxlbamc.com:1935/live/xwhc.stream/playlist.m3u8
来宾新闻荟萃,http://zb.lbnews.com.cn:1935/live/xwhc.stream/playlist.m3u8
钦州综合频道,http://stream.gxqzxw.com/qztv/zhhd/live.m3u8
钦州综合频道,http://stream.gxqztv.com/01/sd/live.m3u8
钦州综合频道,http://38.75.136.137:82/live1/jdtv2.m3u8?id=gxqztv1&usign=tnO5JvE7EOUNT8al6DLMiw
钦州公共频道,http://stream.gxqzxw.com/qztv02/gghd/live.m3u8
钦州公共频道,http://stream.gxqztv.com/qztv03/sd/live.m3u8
防城港新闻综合,http://38.75.136.137:82/live1/gxfcg.m3u8?id=gxfcg1&usign=tnO5JvE7EOUNT8al6DLMiw
防城港公共频道,http://38.75.136.137:82/live1/gxfcg.m3u8?id=gxfcg2&usign=tnO5JvE7EOUNT8al6DLMiw
灌阳新闻综合,https://lives.myun.tv/live/l784ypj0.m3u8
灌阳新闻综合,rtmp://live.gxrb.com.cn/gx/guanyang
灌阳新闻综合,https://rtmp.gdlive.gdmain.com/live/l784ypj0.m3u8
灌阳新闻综合,https://live.gxrb.com.cn/gx/guanyang/index.m3u8&kdsplayer=media
灵川综合,https://lives.myun.tv/live/0ye9dn75.m3u8
灵川综合,https://rtmp.gdlive.gdmain.com/live/0ye9dn75.m3u8
全州综合,rtmp://live.gxrb.com.cn/gx/quanzhou
全州综合,http://live.gxrb.com.cn/gx/quanzhou/index.m3u8&kdsplayer=media
兴安电视台,rtmp://live.gxrb.com.cn/gx/xingan
兴安电视台,http://live.gxrb.com.cn/gx/xingan/index.m3u8&kdsplayer=media
永福综合,https://p8.vzan.com/slowlive/855592171810451743/live.m3u8
广东卫视高清,http://www.syy3.top:3861/udp/239.77.0.84:5146
广东新闻高清,http://www.syy3.top:3861/udp/239.77.0.173:5146
广东民生高清,http://www.syy3.top:3861/udp/239.77.0.225:5146
广东体育高清,http://www.syy3.top:3861/udp/239.77.0.112:5146
经济科教高清,http://www.syy3.top:3861/udp/239.77.0.85:5146
大湾区卫视高清,http://www.syy3.top:3861/udp/239.77.0.215:5146
广东影视高清,http://www.syy3.top:3861/udp/239.77.0.217:5146
广东少儿高清,http://www.syy3.top:3861/udp/239.77.0.250:5146
揭阳综合高清,http://lbyjlt.vv5678.cn:8880/udp/239.77.0.229:5146
揭阳生活高清,http://lbyjlt.vv5678.cn:8880/udp/239.77.0.251:5146
汕尾综合高清,http://lbyjlt.vv5678.cn:8880/udp/239.77.0.25:5146
汕尾生活高清,http://lbyjlt.vv5678.cn:8880/udp/239.77.0.187:5146
汕头综合高清,http://lbyjlt.vv5678.cn:8880/udp/239.253.43.45:5146
汕头生活高清,http://lbyjlt.vv5678.cn:8880/udp/239.253.43.46:5146
潮州综合高清,http://lbyjlt.vv5678.cn:8880/udp/239.253.43.70:5146
潮州民生高清,http://lbyjlt.vv5678.cn:8880/udp/239.253.43.75:5146
广东卫视高清,http://lbyjlt.vv5678.cn:8880/udp/239.77.0.84:5146
广东新闻高清,http://lbyjlt.vv5678.cn:8880/udp/239.77.0.173:5146
广东民生高清,http://lbyjlt.vv5678.cn:8880/udp/239.77.0.225:5146
资源电视台,https://lives.myun.tv/live/56kv8yb0.m3u8
资源电视台,https://rtmp.gdlive.gdmain.com/live/56kv8yb0.m3u8
宾阳综合,https://lives.myun.tv/live/54mpbn65.m3u8
宾阳综合,rtmp://live.gxrb.com.cn/gx/binyang
宾阳综合,https://rtmp.gdlive.gdmain.com/live/54mpbn65.m3u8
宾阳综合,https://live.gxrb.com.cn/gx/binyang/index.m3u8&kdsplayer=media
横州新闻综合,http://live.nnnews.net/video/s10004-hzstv-hd/index.m3u8
隆安新闻综合,https://p2hs.vzan.com/slowlive/551846483251458644/live.m3u8
龙州综合,https://lives.myun.tv/live/5vyn8p45.m3u8
龙州综合,rtmp://live.gxrb.com.cn/gx/longzhou
龙州综合,https://rtmp.gdlive.gdmain.com/live/5vyn8p45.m3u8
龙州综合,https://live.gxrb.com.cn/gx/longzhou/index.m3u8&kdsplayer=media
凭祥综合,rtmp://live.gxrb.com.cn/gx/pingxiang
凭祥综合,https://live.gxrb.com.cn/gx/pingxiang/index.m3u8&kdsplayer=media
天等综合,rtmp://live.gxrb.com.cn/gx/tiandeng
天等综合,https://live.gxrb.com.cn/gx/tiandeng/index.m3u8&kdsplayer=media
天等综合,http://38.75.136.137:82/live1/jdtv2.m3u8?id=gxcztd1&usign=tnO5JvE7EOUNT8al6DLMiw
桂平综合,http://p8.vzan.com/slowlive/682168639030309285/live.m3u8
平南综合,http://38.75.136.137:82/live1/jdtv2.m3u8?id=gxggpn1&usign=tnO5JvE7EOUNT8al6DLMiw
巴马综合,https://lives.myun.tv/live/028exb80.m3u8
巴马综合,rtmp://live.gxrb.com.cn/gx/bama
广东体育高清,http://lbyjlt.vv5678.cn:8880/udp/239.77.0.112:5146
经济科教高清,http://lbyjlt.vv5678.cn:8880/udp/239.77.0.85:5146
大湾区卫视高清,http://lbyjlt.vv5678.cn:8880/udp/239.77.0.215:5146
广东影视高清,http://lbyjlt.vv5678.cn:8880/udp/239.77.0.217:5146
广东少儿高清,http://lbyjlt.vv5678.cn:8880/udp/239.77.0.250:5146
揭阳综合高清,http://plex.cyruslee.top:8888/udp/239.77.0.229:5146
揭阳生活高清,http://plex.cyruslee.top:8888/udp/239.77.0.251:5146
汕尾综合高清,http://plex.cyruslee.top:8888/udp/239.77.0.25:5146
汕尾生活高清,http://plex.cyruslee.top:8888/udp/239.77.0.187:5146
汕头综合高清,http://plex.cyruslee.top:8888/udp/239.253.43.45:5146
汕头生活高清,http://plex.cyruslee.top:8888/udp/239.253.43.46:5146
潮州综合高清,http://plex.cyruslee.top:8888/udp/239.253.43.70:5146
潮州民生高清,http://plex.cyruslee.top:8888/udp/239.253.43.75:5146
广东卫视高清,http://plex.cyruslee.top:8888/udp/239.77.0.84:5146
广东新闻高清,http://plex.cyruslee.top:8888/udp/239.77.0.173:5146
广东民生高清,http://plex.cyruslee.top:8888/udp/239.77.0.225:5146
广东体育高清,http://plex.cyruslee.top:8888/udp/239.77.0.112:5146
经济科教高清,http://plex.cyruslee.top:8888/udp/239.77.0.85:5146
大湾区卫视高清,http://plex.cyruslee.top:8888/udp/239.77.0.215:5146
巴马综合,https://rtmp.gdlive.gdmain.com/live/028exb80.m3u8
巴马综合,https://live.gxrb.com.cn/gx/bama/index.m3u8&kdsplayer=media
都安综合,https://rtmp.gdlive.gdmain.com/live/lgo97185.m3u8
都安综合,https://lives.myun.tv/live/lgo97185.m3u8
都安综合,rtmp://live.gxrb.com.cn/gx/duan
都安综合,https://live.gxrb.com.cn/gx/duan/index.m3u8&kdsplayer=media
东兰综合,https://lives.myun.tv/live/02924925.m3u8
东兰综合,https://rtmp.gdlive.gdmain.com/live/02924925.m3u8
罗城综合,http://www.3jlc.cn/lctvlive/lcm.m3u8
罗城综合,http://111.12.75.177:9100/lctvlive/lch.m3u8
金秀电视,rtmp://live.gxrb.com.cn/tv/jinxiu_zh
金秀电视,http://live.gxrb.com.cn/tv/jinxiu_zh/index.m3u8&kdsplayer=media
昭平综合,rtmp://live.gxrb.com.cn/gx/zhaoping
昭平综合,https://live.gxrb.com.cn/gx/zhaoping/index.m3u8&kdsplayer=media
靖西综合,https://lives.myun.tv/live/02924vr5.m3u8
靖西综合,rtmp://live.gxrb.com.cn/gx/jingxi
靖西综合,https://rtmp.gdlive.gdmain.com/live/02924vr5.m3u8
靖西综合,https://live.gxrb.com.cn/gx/jingxi/index.m3u8&kdsplayer=media
乐业综合,rtmp://live.gxrb.com.cn/gx/leye
乐业综合,https://live.gxrb.com.cn/gx/leye/index.m3u8&kdsplayer=media
乐业综合,http://live.gxrb.com.cn/gx/leye/index.m3u8&kdsplayer=media
广东影视高清,http://plex.cyruslee.top:8888/udp/239.77.0.217:5146
广东少儿高清,http://plex.cyruslee.top:8888/udp/239.77.0.250:5146
揭阳综合高清,http://jellyfin.cyruslee.top:8888/udp/239.77.0.229:5146
揭阳生活高清,http://jellyfin.cyruslee.top:8888/udp/239.77.0.251:5146
汕尾综合高清,http://jellyfin.cyruslee.top:8888/udp/239.77.0.25:5146
汕尾生活高清,http://jellyfin.cyruslee.top:8888/udp/239.77.0.187:5146
汕头综合高清,http://jellyfin.cyruslee.top:8888/udp/239.253.43.45:5146
汕头生活高清,http://jellyfin.cyruslee.top:8888/udp/239.253.43.46:5146
潮州综合高清,http://jellyfin.cyruslee.top:8888/udp/239.253.43.70:5146
潮州民生高清,http://jellyfin.cyruslee.top:8888/udp/239.253.43.75:5146
广东卫视高清,http://jellyfin.cyruslee.top:8888/udp/239.77.0.84:5146
广东新闻高清,http://jellyfin.cyruslee.top:8888/udp/239.77.0.173:5146
广东民生高清,http://jellyfin.cyruslee.top:8888/udp/239.77.0.225:5146
广东体育高清,http://jellyfin.cyruslee.top:8888/udp/239.77.0.112:5146
经济科教高清,http://jellyfin.cyruslee.top:8888/udp/239.77.0.85:5146
大湾区卫视高清,http://jellyfin.cyruslee.top:8888/udp/239.77.0.215:5146
广东影视高清,http://jellyfin.cyruslee.top:8888/udp/239.77.0.217:5146
广东少儿高清,http://jellyfin.cyruslee.top:8888/udp/239.77.0.250:5146
揭阳综合高清,http://www.3344.uk:8888/udp/239.77.0.229:5146
揭阳生活高清,http://www.3344.uk:8888/udp/239.77.0.251:5146
隆林综合,rtmp://live.gxrb.com.cn/gx/longlin
隆林综合,http://live.gxrb.com.cn/gx/longlin/index.m3u8&kdsplayer=media
凌云综合,https://lives.myun.tv/live/lnp683z5.m3u8
凌云综合,rtmp://live.gxrb.com.cn/gx/lingyun
凌云综合,https://rtmp.gdlive.gdmain.com/live/lnp683z5.m3u8
凌云综合,https://live.gxrb.com.cn/gx/lingyun/index.m3u8&kdsplayer=media
那坡综合,https://lives.myun.tv/live/ljkp2890.m3u8
那坡综合,https://rtmp.gdlive.gdmain.com/live/ljkp2890.m3u8
田东综合,https://lives.myun.tv/live/5zor3gal.m3u8
田东综合,rtmp://live.gxrb.com.cn/gx/tiandong
田东综合,https://rtmp.gdlive.gdmain.com/live/5zor3gal.m3u8
田东综合,https://live.gxrb.com.cn/gx/tiandong/index.m3u8&kdsplayer=media
田阳综合,rtmp://live.gxrb.com.cn/gx/tianyang
田阳综合,http://live.gxrb.com.cn/gx/tianyang/index.m3u8&kdsplayer=media
西林综合,rtmp://live.gxrb.com.cn/gx/xilin
西林综合,https://live.gxrb.com.cn/gx/xilin/index.m3u8&kdsplayer=media
博白综合,rtmp://live.gxrb.com.cn/hls/a22
博白综合,https://live.gxrb.com.cn/hls/a22/index.m3u8&kdsplayer=media
博白综合,http://38.75.136.137:82/live1/jdtv2.m3u8?id=gxylbb1&usign=tnO5JvE7EOUNT8al6DLMiw
北流综合,http://124.226.233.4:81/hls/001/index.m3u8
北流综合,http://38.75.136.137:82/live1/jdtv2.m3u8?id=gxylbl1&usign=tnO5JvE7EOUNT8al6DLMiw
汕尾综合高清,http://www.3344.uk:8888/udp/239.77.0.25:5146
汕尾生活高清,http://www.3344.uk:8888/udp/239.77.0.187:5146
汕头综合高清,http://www.3344.uk:8888/udp/239.253.43.45:5146
汕头生活高清,http://www.3344.uk:8888/udp/239.253.43.46:5146
潮州综合高清,http://www.3344.uk:8888/udp/239.253.43.70:5146
潮州民生高清,http://www.3344.uk:8888/udp/239.253.43.75:5146
广东卫视高清,http://www.3344.uk:8888/udp/239.77.0.84:5146
广东新闻高清,http://www.3344.uk:8888/udp/239.77.0.173:5146
广东民生高清,http://www.3344.uk:8888/udp/239.77.0.225:5146
广东体育高清,http://www.3344.uk:8888/udp/239.77.0.112:5146
经济科教高清,http://www.3344.uk:8888/udp/239.77.0.85:5146
大湾区卫视高清,http://www.3344.uk:8888/udp/239.77.0.215:5146
广东影视高清,http://www.3344.uk:8888/udp/239.77.0.217:5146
广东少儿高清,http://www.3344.uk:8888/udp/239.77.0.250:5146
揭阳综合高清,http://ikuai.cyruslee.top:8888/udp/239.77.0.229:5146
揭阳生活高清,http://ikuai.cyruslee.top:8888/udp/239.77.0.251:5146
汕尾综合高清,http://ikuai.cyruslee.top:8888/udp/239.77.0.25:5146
汕尾生活高清,http://ikuai.cyruslee.top:8888/udp/239.77.0.187:5146
汕头综合高清,http://ikuai.cyruslee.top:8888/udp/239.253.43.45:5146
陆川综合,http://38.75.136.137:82/live1/jdtv2.m3u8?id=gxyllc1&usign=tnO5JvE7EOUNT8al6DLMiw
容县电视,rtmp://live.gxrb.com.cn/gx/rongxian
容县电视,https://live.gxrb.com.cn/gx/rongxian/index.m3u8&kdsplayer=media
兴业综合,http://38.75.136.137:82/live1/jdtv2.m3u8?id=gxylxy1&usign=tnO5JvE7EOUNT8al6DLMiw
灵山综合,rtmp://live.gxrb.com.cn/gx/lingshan
灵山综合,http://live.gxrb.com.cn/gx/lingshan/index.m3u8&kdsplayer=media
灵山综合,http://38.75.136.137:82/live1/jdtv2.m3u8?id=gxqzls1&usign=tnO5JvE7EOUNT8al6DLMiw
岑溪综合,https://lives.myun.tv/live/lnvz16z5.m3u8
岑溪综合,rtmp://live.gxrb.com.cn/gx/cenxi
岑溪综合,https://rtmp.gdlive.gdmain.com/live/lnvz16z5.m3u8
岑溪综合,https://live.gxrb.com.cn/gx/cenxi/index.m3u8&kdsplayer=media
藤县综合,rtmp://live.gxrb.com.cn/gx/tengxian
藤县综合,http://srs.txdst.cn/live/txtv.m3u8
藤县综合,http://live.gxrb.com.cn/gx/tengxian/index.m3u8&kdsplayer=media
鹿寨综合,rtmp://live.gxrb.com.cn/tv/luzhai
鹿寨综合,http://live.gxrb.com.cn/tv/luzhai/index.m3u8&kdsplayer=media
融水综合,https://lives.myun.tv/live/5k93daol.m3u8
融水综合,rtmp://live.gxrb.com.cn/gx/rongshui
融水综合,https://rtmp.gdlive.gdmain.com/live/5k93daol.m3u8
融水综合,https://live.gxrb.com.cn/gx/rongshui/index.m3u8&kdsplayer=media
合浦综合,http://38.75.136.137:82/live1/jdtv2.m3u8?id=gxbhhp1&usign=tnO5JvE7EOUNT8al6DLMiw
汕头生活高清,http://ikuai.cyruslee.top:8888/udp/239.253.43.46:5146
潮州综合高清,http://ikuai.cyruslee.top:8888/udp/239.253.43.70:5146
潮州民生高清,http://ikuai.cyruslee.top:8888/udp/239.253.43.75:5146
广东卫视高清,http://ikuai.cyruslee.top:8888/udp/239.77.0.84:5146
广东新闻高清,http://ikuai.cyruslee.top:8888/udp/239.77.0.173:5146
广东民生高清,http://ikuai.cyruslee.top:8888/udp/239.77.0.225:5146
广东体育高清,http://ikuai.cyruslee.top:8888/udp/239.77.0.112:5146
经济科教高清,http://ikuai.cyruslee.top:8888/udp/239.77.0.85:5146
大湾区卫视高清,http://ikuai.cyruslee.top:8888/udp/239.77.0.215:5146
广东影视高清,http://ikuai.cyruslee.top:8888/udp/239.77.0.217:5146
广东少儿高清,http://ikuai.cyruslee.top:8888/udp/239.77.0.250:5146
揭阳综合高清,http://vp.maomizi.cc:9530/udp/239.77.0.229:5146
揭阳生活高清,http://vp.maomizi.cc:9530/udp/239.77.0.251:5146
汕尾综合高清,http://vp.maomizi.cc:9530/udp/239.77.0.25:5146
汕尾生活高清,http://vp.maomizi.cc:9530/udp/239.77.0.187:5146
汕头综合高清,http://vp.maomizi.cc:9530/udp/239.253.43.45:5146
汕头生活高清,http://vp.maomizi.cc:9530/udp/239.253.43.46:5146
潮州综合高清,http://vp.maomizi.cc:9530/udp/239.253.43.70:5146
潮州民生高清,http://vp.maomizi.cc:9530/udp/239.253.43.75:5146
贵州公共,http://38.75.136.137:82/live1/gztv2.m3u8?id=0&usign=tnO5JvE7EOUNT8al6DLMiw
贵州公共,http://38.75.136.137:82/live1/gztv2.m3u8?id=1&usign=tnO5JvE7EOUNT8al6DLMiw
贵州公共,http://38.75.136.137:82/live1/gztv.m3u8?id=gztv2&usign=tnO5JvE7EOUNT8al6DLMiw
贵州影视文艺,http://38.75.136.137:82/live1/gztv.m3u8?id=gztv3&usign=tnO5JvE7EOUNT8al6DLMiw
贵州大众生活,http://38.75.136.137:82/live1/gztv.m3u8?id=gztv4&usign=tnO5JvE7EOUNT8al6DLMiw
贵州法制频道,http://38.75.136.137:82/live1/gztv.m3u8?id=gztv5&usign=tnO5JvE7EOUNT8al6DLMiw
贵州科教健康,http://38.75.136.137:82/live1/gztv.m3u8?id=gztv6&usign=tnO5JvE7EOUNT8al6DLMiw
贵州经济频道,http://38.75.136.137:82/live1/gztv.m3u8?id=gztv7&usign=tnO5JvE7EOUNT8al6DLMiw
贵州移动电视,http://38.75.136.137:82/live1/gztv.m3u8?id=gztv8&usign=tnO5JvE7EOUNT8al6DLMiw
家有购物,http://38.75.136.137:82/live1/gztv.m3u8?id=gzjygw&usign=tnO5JvE7EOUNT8al6DLMiw
家有购物,http://38.75.136.137:82/live1/jdtv2.m3u8?id=gzjygw&usign=tnO5JvE7EOUNT8al6DLMiw
家有购物,http://38.75.136.137:82/live1/jdtv2.m3u8?id=gzjygw&usign=tnO5JvE7EOUNT8al6DLMiw
黔东南综合,http://media.qdnrm.cn:18100/live/264712/playlist.m3u8
黔南新闻综合,http://tvfile.qntv.net/nmip-media/channellive/channel108689/playlist.m3u8
黔南新闻综合,rtmp://tv.qntv.net/channellive/ch1
黔南公共频道,http://tvfile.qntv.net/nmip-media/channellive/channel109066/playlist.m3u8
黔南公共频道,rtmp://tv.qntv.net/channellive/ch2
安顺新闻频道,http://hplayer1.juyun.tv/camera/154379194.m3u8
广东卫视高清,http://vp.maomizi.cc:9530/udp/239.77.0.84:5146
广东新闻高清,http://vp.maomizi.cc:9530/udp/239.77.0.173:5146
广东民生高清,http://vp.maomizi.cc:9530/udp/239.77.0.225:5146
广东体育高清,http://vp.maomizi.cc:9530/udp/239.77.0.112:5146
经济科教高清,http://vp.maomizi.cc:9530/udp/239.77.0.85:5146
大湾区卫视高清,http://vp.maomizi.cc:9530/udp/239.77.0.215:5146
广东影视高清,http://vp.maomizi.cc:9530/udp/239.77.0.217:5146
广东少儿高清,http://vp.maomizi.cc:9530/udp/239.77.0.250:5146
揭阳综合高清,http://bot22.top:19999/udp/239.77.0.229:5146
揭阳生活高清,http://bot22.top:19999/udp/239.77.0.251:5146
汕尾综合高清,http://bot22.top:19999/udp/239.77.0.25:5146
汕尾生活高清,http://bot22.top:19999/udp/239.77.0.187:5146
汕头综合高清,http://bot22.top:19999/udp/239.253.43.45:5146
汕头生活高清,http://bot22.top:19999/udp/239.253.43.46:5146
潮州综合高清,http://bot22.top:19999/udp/239.253.43.70:5146
潮州民生高清,http://bot22.top:19999/udp/239.253.43.75:5146
广东卫视高清,http://bot22.top:19999/udp/239.77.0.84:5146
广东新闻高清,http://bot22.top:19999/udp/239.77.0.173:5146
广东民生高清,http://bot22.top:19999/udp/239.77.0.225:5146
安顺公共频道,http://hplayer1.juyun.tv/camera/154526164.m3u8
六盘水综合,https://tvfile.lpsrtv.com/nmip-media/channellive/channel110181/playlist.m3u8
六盘水综合,rtmp://tv.lpsrtv.com:1935/channellive/ch1
六盘水公共,https://tvfile.lpsrtv.com/nmip-media/channellive/channel110983/playlist.m3u8
六盘水公共,rtmp://tv.lpsrtv.com:1935/channellive/ch2
黔西南综合,http://38.75.136.137:82/live1/hoge.m3u8?ip=gzqxn&id=11&usign=tnO5JvE7EOUNT8al6DLMiw
黔西南公共,http://38.75.136.137:82/live1/hoge.m3u8?ip=gzqxn&id=14&usign=tnO5JvE7EOUNT8al6DLMiw
石阡新闻,http://cmsrtmp.todcy.cn/live/154/c6cc918d93fc47b1ad882de4c80eb496/c6cc918d93fc47b1ad882de4c80eb496.m3u8
松桃新闻,http://live.strmtzx.cn/stxw/sd/live.m3u8
望谟综合,http://cmsrtmp.todcy.cn/live/167/64df598530b044a68632460c53cffb09/64df598530b044a68632460c53cffb09.m3u8
兴仁综合,rtmp://rtmp.todcy.cn/live/dcxyswxcb/118356a27f2d405ca8b1b0aec5559644
三都新闻综合,rtmp://rtmp.todcy.cn/live/dcsd/6f847e962fba4bf68ae37fbe9460da6a
三都新闻综合,https://playback.todcy.cn/live/dcsd/6f847e962fba4bf68ae37fbe9460da6a/6f847e962fba4bf68ae37fbe9460da6a.m3u8
钟山综合,http://live.lpszstv.com/channel1/sd/live.m3u8
凯里综合,http://media.qdnrm.cn:18100/live/279784/playlist.m3u8
镇远综合,https://play.cxsm.com/ZYTVPLAY/ZYTVPLAY.m3u8?auth_key=1753796321-0-0-7949a8638a074fa91f844d198240dfcc
七星关电视台,https://p8.vzan.com/slowlive/147077707554082780/live.m3u8
道真新闻综合,http://live.dzrmtzx.org.cn:90/live/dspd_1M.m3u8
凤冈综合,http://live.fgxrmtzx.cn:90/live/zhpd.m3u8
湄潭综合频道,http://p8.vzan.com/slowlive/158160919638855965/live.m3u8
广东体育高清,http://bot22.top:19999/udp/239.77.0.112:5146
经济科教高清,http://bot22.top:19999/udp/239.77.0.85:5146
大湾区卫视高清,http://bot22.top:19999/udp/239.77.0.215:5146
广东影视高清,http://bot22.top:19999/udp/239.77.0.217:5146
广东少儿高清,http://bot22.top:19999/udp/239.77.0.250:5146
揭阳综合高清,http://yanshifen.top:8889/udp/239.77.0.229:5146
揭阳生活高清,http://yanshifen.top:8889/udp/239.77.0.251:5146
汕尾综合高清,http://yanshifen.top:8889/udp/239.77.0.25:5146
汕尾生活高清,http://yanshifen.top:8889/udp/239.77.0.187:5146
汕头综合高清,http://yanshifen.top:8889/udp/239.253.43.45:5146
汕头生活高清,http://yanshifen.top:8889/udp/239.253.43.46:5146
潮州综合高清,http://yanshifen.top:8889/udp/239.253.43.70:5146
潮州民生高清,http://yanshifen.top:8889/udp/239.253.43.75:5146
广东卫视高清,http://yanshifen.top:8889/udp/239.77.0.84:5146
广东新闻高清,http://yanshifen.top:8889/udp/239.77.0.173:5146
广东民生高清,http://yanshifen.top:8889/udp/239.77.0.225:5146
广东体育高清,http://yanshifen.top:8889/udp/239.77.0.112:5146
经济科教高清,http://yanshifen.top:8889/udp/239.77.0.85:5146
大湾区卫视高清,http://yanshifen.top:8889/udp/239.77.0.215:5146
习水综合频道,http://38.75.136.137:82/live1/gzzyxs.m3u8?id=gzzyxs1&usign=tnO5JvE7EOUNT8al6DLMiw
习水经济频道,http://38.75.136.137:82/live1/gzzyxs.m3u8?id=gzzyxs2&usign=tnO5JvE7EOUNT8al6DLMiw
海南新闻,http://38.75.136.137:82/live1/hitv.m3u8?id=hixw&usign=tnO5JvE7EOUNT8al6DLMiw
海南新闻,https://livesec.mudu.tv/watch/jcrg6c.m3u8
海南新闻,http://38.75.136.137:82/live1/jdtv2.m3u8?id=hixw&usign=tnO5JvE7EOUNT8al6DLMiw
海南自贸,http://38.75.136.137:82/live1/hitv.m3u8?id=hizh&usign=tnO5JvE7EOUNT8al6DLMiw
海南自贸,http://38.75.136.137:82/live1/jdtv2.m3u8?id=hizh&usign=tnO5JvE7EOUNT8al6DLMiw
海南公共,http://38.75.136.137:82/live1/hitv.m3u8?id=higg&usign=tnO5JvE7EOUNT8al6DLMiw
海南公共,http://38.75.136.137:82/live1/jdtv2.m3u8?id=higg&usign=tnO5JvE7EOUNT8al6DLMiw
海南少儿,http://38.75.136.137:82/live1/hitv.m3u8?id=hiqs&usign=tnO5JvE7EOUNT8al6DLMiw
海南少儿,http://38.75.136.137:82/live1/jdtv2.m3u8?id=hiqs&usign=tnO5JvE7EOUNT8al6DLMiw
海南文旅,http://38.75.136.137:82/live1/hitv.m3u8?id=hiys&usign=tnO5JvE7EOUNT8al6DLMiw
海南文旅,http://38.75.136.137:82/live1/jdtv2.m3u8?id=hiys&usign=tnO5JvE7EOUNT8al6DLMiw
中国交通海南,http://tv.lanjingfm.com/cctbn/hainan.m3u8
海口新闻综合,http://p2.vzan.com/11763520/789880173860851733/live.m3u8
海口新闻综合,http://38.75.136.137:82/live1/jdtv2.m3u8?id=hihktv1&usign=tnO5JvE7EOUNT8al6DLMiw
海口城乡经济,http://p2.vzan.com/11763520/718014261347227306/live.m3u8
海口城乡经济,http://38.75.136.137:82/live1/jdtv2.m3u8?id=hihktv2&usign=tnO5JvE7EOUNT8al6DLMiw
海口生活娱乐,http://p2.vzan.com/11763520/801146877082650859/live.m3u8
海口生活娱乐,http://38.75.136.137:82/live1/jdtv2.m3u8?id=hihktv3&usign=tnO5JvE7EOUNT8al6DLMiw
广东影视高清,http://yanshifen.top:8889/udp/239.77.0.217:5146
广东少儿高清,http://yanshifen.top:8889/udp/239.77.0.250:5146
揭阳综合高清,http://www.maomizi.cn:9527/udp/239.77.0.229:5146
揭阳生活高清,http://www.maomizi.cn:9527/udp/239.77.0.251:5146
汕尾综合高清,http://www.maomizi.cn:9527/udp/239.77.0.25:5146
汕尾生活高清,http://www.maomizi.cn:9527/udp/239.77.0.187:5146
汕头综合高清,http://www.maomizi.cn:9527/udp/239.253.43.45:5146
汕头生活高清,http://www.maomizi.cn:9527/udp/239.253.43.46:5146
潮州综合高清,http://www.maomizi.cn:9527/udp/239.253.43.70:5146
潮州民生高清,http://www.maomizi.cn:9527/udp/239.253.43.75:5146
广东卫视高清,http://www.maomizi.cn:9527/udp/239.77.0.84:5146
广东新闻高清,http://www.maomizi.cn:9527/udp/239.77.0.173:5146
广东民生高清,http://www.maomizi.cn:9527/udp/239.77.0.225:5146
广东体育高清,http://www.maomizi.cn:9527/udp/239.77.0.112:5146
经济科教高清,http://www.maomizi.cn:9527/udp/239.77.0.85:5146
大湾区卫视高清,http://www.maomizi.cn:9527/udp/239.77.0.215:5146
广东影视高清,http://www.maomizi.cn:9527/udp/239.77.0.217:5146
广东少儿高清,http://www.maomizi.cn:9527/udp/239.77.0.250:5146
揭阳综合高清,http://61.145.188.90:50055/udp/239.77.0.229:5146
三亚新闻综合,http://38.75.136.137:82/live1/jdtv2.m3u8?id=hisytv1&usign=tnO5JvE7EOUNT8al6DLMiw
琼海综合频道,http://38.75.136.137:82/live1/jdtv2.m3u8?id=hisyqh1&usign=tnO5JvE7EOUNT8al6DLMiw
万宁综合频道,http://38.75.136.137:82/live1/jdtv2.m3u8?id=hisywn1&usign=tnO5JvE7EOUNT8al6DLMiw
儋州综合频道,http://36009.hlsplay.aodianyun.com/tv_radio_36009/tv_channel_1330.m3u8?auth_key=4854915849-0-0-5cf8df0f6f82fbb8da58b60f011965c3
儋州综合频道,http://38.75.136.137:82/live1/ady.m3u8?id=hidztv1&usign=tnO5JvE7EOUNT8al6DLMiw
儋州综合频道,http://38.75.136.137:82/live1/jdtv2.m3u8?id=hidztv1&usign=tnO5JvE7EOUNT8al6DLMiw
陵水综合频道,http://38.75.136.137:82/live1/jdtv2.m3u8?id=hilstv1&usign=tnO5JvE7EOUNT8al6DLMiw
河北都市,http://38.75.136.137:82/live1/hetv.m3u8?id=heds&usign=tnO5JvE7EOUNT8al6DLMiw
河北都市,http://38.75.136.137:82/live1/jdtv2.m3u8?isp=dx&id=heds&usign=tnO5JvE7EOUNT8al6DLMiw
河北都市,http://38.75.136.137:82/live1/jdtv2.m3u8?isp=lt&id=heds&usign=tnO5JvE7EOUNT8al6DLMiw
河北都市,http://38.75.136.137:82/live1/jdtv2.m3u8?id=heds&usign=tnO5JvE7EOUNT8al6DLMiw
河北都市,http://38.75.136.137:82/live1/jdtv2.m3u8?id=heds&usign=tnO5JvE7EOUNT8al6DLMiw
河北经济生活,http://38.75.136.137:82/live1/hetv.m3u8?id=hejj&usign=tnO5JvE7EOUNT8al6DLMiw
河北经济生活,http://hbga.chinashadt.com:1935/live/stream:gays.stream/playlist.m3u8
河北经济生活,http://38.75.136.137:82/live1/jdtv2.m3u8?isp=dx&id=hejj&usign=tnO5JvE7EOUNT8al6DLMiw
河北经济生活,http://38.75.136.137:82/live1/jdtv2.m3u8?isp=lt&id=hejj&usign=tnO5JvE7EOUNT8al6DLMiw
河北经济生活,http://38.75.136.137:82/live1/jdtv2.m3u8?id=hejj&usign=tnO5JvE7EOUNT8al6DLMiw
河北经济生活,http://38.75.136.137:82/live1/jdtv2.m3u8?id=hejj&usign=tnO5JvE7EOUNT8al6DLMiw
河北影视剧,http://38.75.136.137:82/live1/hetv.m3u8?id=heys&usign=tnO5JvE7EOUNT8al6DLMiw
河北影视剧,http://38.75.136.137:82/live1/jdtv2.m3u8?isp=dx&id=heys&usign=tnO5JvE7EOUNT8al6DLMiw
揭阳生活高清,http://61.145.188.90:50055/udp/239.77.0.251:5146
汕尾综合高清,http://61.145.188.90:50055/udp/239.77.0.25:5146
汕尾生活高清,http://61.145.188.90:50055/udp/239.77.0.187:5146
汕头综合高清,http://61.145.188.90:50055/udp/239.253.43.45:5146
汕头生活高清,http://61.145.188.90:50055/udp/239.253.43.46:5146
潮州综合高清,http://61.145.188.90:50055/udp/239.253.43.70:5146
潮州民生高清,http://61.145.188.90:50055/udp/239.253.43.75:5146
广东卫视高清,http://61.145.188.90:50055/udp/239.77.0.84:5146
广东新闻高清,http://61.145.188.90:50055/udp/239.77.0.173:5146
广东民生高清,http://61.145.188.90:50055/udp/239.77.0.225:5146
广东体育高清,http://61.145.188.90:50055/udp/239.77.0.112:5146
经济科教高清,http://61.145.188.90:50055/udp/239.77.0.85:5146
大湾区卫视高清,http://61.145.188.90:50055/udp/239.77.0.215:5146
广东影视高清,http://61.145.188.90:50055/udp/239.77.0.217:5146
广东少儿高清,http://61.145.188.90:50055/udp/239.77.0.250:5146
深圳都市,http://111.221.137.234:44330/tsfile/live/1014_1.m3u8?key=txiptv&playlive=0&authid=0
深圳电视剧,http://111.221.137.234:44330/tsfile/live/1015_1.m3u8?key=txiptv&playlive=0&authid=0
深圳财经生活,http://111.221.137.234:44330/tsfile/live/1007_1.m3u8?key=txiptv&playlive=0&authid=0
广东公共,http://111.221.137.234:44330/tsfile/live/0127_1.m3u8?key=txiptv&playlive=0&authid=0
河北影视剧,http://38.75.136.137:82/live1/jdtv2.m3u8?isp=lt&id=heys&usign=tnO5JvE7EOUNT8al6DLMiw
河北影视剧,http://38.75.136.137:82/live1/jdtv2.m3u8?id=heys&usign=tnO5JvE7EOUNT8al6DLMiw
河北影视剧,http://38.75.136.137:82/live1/jdtv2.m3u8?id=heys&usign=tnO5JvE7EOUNT8al6DLMiw
河北少儿科教,http://38.75.136.137:82/live1/hetv.m3u8?id=hese&usign=tnO5JvE7EOUNT8al6DLMiw
河北少儿科教,http://38.75.136.137:82/live1/jdtv2.m3u8?isp=dx&id=hese&usign=tnO5JvE7EOUNT8al6DLMiw
河北少儿科教,http://38.75.136.137:82/live1/jdtv2.m3u8?isp=lt&id=hese&usign=tnO5JvE7EOUNT8al6DLMiw
河北少儿科教,http://38.75.136.137:82/live1/jdtv2.m3u8?id=hese&usign=tnO5JvE7EOUNT8al6DLMiw
河北少儿科教,http://38.75.136.137:82/live1/jdtv2.m3u8?id=hese&usign=tnO5JvE7EOUNT8al6DLMiw
河北文旅公共,http://38.75.136.137:82/live1/hetv.m3u8?id=hegg&usign=tnO5JvE7EOUNT8al6DLMiw
河北文旅公共,http://38.75.136.137:82/live1/jdtv2.m3u8?isp=dx&id=hegg&usign=tnO5JvE7EOUNT8al6DLMiw
河北文旅公共,http://38.75.136.137:82/live1/jdtv2.m3u8?isp=lt&id=hegg&usign=tnO5JvE7EOUNT8al6DLMiw
河北文旅公共,http://38.75.136.137:82/live1/jdtv2.m3u8?id=hegg&usign=tnO5JvE7EOUNT8al6DLMiw
河北文旅公共,http://38.75.136.137:82/live1/jdtv2.m3u8?id=hegg&usign=tnO5JvE7EOUNT8al6DLMiw
河北三佳购物,http://38.75.136.137:82/live1/hetv.m3u8?id=hegw&usign=tnO5JvE7EOUNT8al6DLMiw
河北三佳购物,http://38.75.136.137:82/live1/jdtv2.m3u8?isp=dx&id=hegw&usign=tnO5JvE7EOUNT8al6DLMiw
河北三佳购物,http://38.75.136.137:82/live1/jdtv2.m3u8?isp=lt&id=hegw&usign=tnO5JvE7EOUNT8al6DLMiw
河北三佳购物,http://38.75.136.137:82/live1/jdtv2.m3u8?id=hegw&usign=tnO5JvE7EOUNT8al6DLMiw
河北三佳购物,http://38.75.136.137:82/live1/jdtv2.m3u8?id=hegw&usign=tnO5JvE7EOUNT8al6DLMiw
河北移动电视,https://p2bj.weizan.cn/115180025/837446531525021841/live.m3u8
广东新闻,http://111.221.137.234:44330/tsfile/live/0107_1.m3u8?key=txiptv&playlive=0&authid=0
南方卫视,http://111.221.137.234:44330/tsfile/live/0130_1.m3u8?key=txiptv&playlive=0&authid=0
Channel [V],http://111.221.137.234:44330/tsfile/live/0118_1.m3u8?key=txiptv&playlive=0&authid=0
CGTN,http://111.221.137.234:44330/tsfile/live/1012_1.m3u8?key=txiptv&playlive=0&authid=0
重温经典,http://111.221.137.234:44330/tsfile/live/0143_1.m3u8?key=txiptv&playlive=0&authid=0
超级电视剧,http://111.29.9.33:6610/000000001000/1000000001000008139/index.m3u8?channel-id=bestzb&Contentid=1000000001000008139&livemode=1&stbId=3
河北农民,http://38.75.136.137:82/live1/hetv.m3u8?id=henm&usign=tnO5JvE7EOUNT8al6DLMiw
河北农民,http://38.75.136.137:82/live1/jdtv2.m3u8?isp=dx&id=henm&usign=tnO5JvE7EOUNT8al6DLMiw
河北农民,http://38.75.136.137:82/live1/jdtv2.m3u8?isp=lt&id=henm&usign=tnO5JvE7EOUNT8al6DLMiw
河北农民,http://38.75.136.137:82/live1/jdtv2.m3u8?id=henm&usign=tnO5JvE7EOUNT8al6DLMiw
河北农民,http://38.75.136.137:82/live1/jdtv2.m3u8?id=henm&usign=tnO5JvE7EOUNT8al6DLMiw
睛彩河北,http://38.75.136.137:82/live1/jdtv2.m3u8?id=hejc&usign=tnO5JvE7EOUNT8al6DLMiw
睛彩河北,http://38.75.136.137:82/live1/jdtv2.m3u8?id=hejc&usign=tnO5JvE7EOUNT8al6DLMiw
河北杂技,http://38.75.136.137:82/live1/jdtv2.m3u8?id=hezj&usign=tnO5JvE7EOUNT8al6DLMiw
河北杂技,http://38.75.136.137:82/live1/jdtv2.m3u8?id=hezj&usign=tnO5JvE7EOUNT8al6DLMiw
河北收视指南,http://38.75.136.137:82/live1/jdtv2.m3u8?id=hesszn&usign=tnO5JvE7EOUNT8al6DLMiw
河北收视指南,http://38.75.136.137:82/live1/jdtv2.m3u8?id=hesszn&usign=tnO5JvE7EOUNT8al6DLMiw
中国交通河北,http://tv.lanjingfm.com/cctbn/heibei.m3u8
中国交通河北,http://38.75.136.137:82/live1/jdtv2.m3u8?id=hezgjt&usign=tnO5JvE7EOUNT8al6DLMiw
中国交通河北,http://38.75.136.137:82/live1/jdtv2.m3u8?id=hezgjt&usign=tnO5JvE7EOUNT8al6DLMiw
石家庄新闻综合,http://38.75.136.137:82/live1/hoge.m3u8?ip=hesjz&id=37&usign=tnO5JvE7EOUNT8al6DLMiw
石家庄新闻综合,http://38.75.136.137:82/live1/hoge.m3u8?ip=hesjz&id=4&usign=tnO5JvE7EOUNT8al6DLMiw
石家庄新闻综合,http://38.75.136.137:82/live1/jdtv2.m3u8?id=hesjz1&usign=tnO5JvE7EOUNT8al6DLMiw
石家庄新闻综合,http://38.75.136.137:82/live1/jdtv2.m3u8?id=hesjz1&usign=tnO5JvE7EOUNT8al6DLMiw
石家庄文化娱乐,http://38.75.136.137:82/live1/hoge.m3u8?ip=hesjz&id=6&usign=tnO5JvE7EOUNT8al6DLMiw
石家庄文化娱乐,http://38.75.136.137:82/live1/jdtv2.m3u8?id=hesjz2&usign=tnO5JvE7EOUNT8al6DLMiw
北京纪实科教,http://111.29.9.33:6610/000000001000/1000000001000028380/index.m3u8?channel-id=bestzb&Contentid=1000000001000028380&livemode=1&stbId=3
欢笑剧场4K,http://111.29.9.33:6610/000000001000/5000000002000009455/index.m3u8?channel-id=bestzb&Contentid=5000000002000009455&livemode=1&stbId=3
金鹰纪实,http://111.29.9.33:6610/000000001000/5000000011000031203/index.m3u8?channel-id=bestzb&Contentid=5000000011000031203&livemode=1&stbId=3
都市剧场,http://111.29.9.33:6610/000000001000/5000000011000031111/index.m3u8?channel-id=bestzb&Contentid=5000000011000031111&livemode=1&stbId=3
游戏风云,http://111.29.9.33:6610/000000001000/5000000011000031114/index.m3u8?channel-id=bestzb&Contentid=5000000011000031114&livemode=1&stbId=3
生活时尚,http://111.29.9.33:6610/000000001000/5000000002000019634/index.m3u8?channel-id=bestzb&Contentid=5000000002000019634&livemode=1&stbId=3
超级电影,http://111.29.9.33:6610/000000001000/1000000001000012884/index.m3u8?channel-id=bestzb&Contentid=1000000001000012884&livemode=1&stbId=3
家庭剧场,http://111.29.9.33:6610/000000001000/1000000004000008284/index.m3u8?channel-id=bestzb&Contentid=1000000004000008284&livemode=1&stbId=3
精品大剧,http://111.29.9.33:6610/000000001000/1000000004000013968/index.m3u8?channel-id=bestzb&Contentid=1000000004000013968&livemode=1&stbId=3
明星大片,http://111.29.9.33:6610/000000001000/1000000004000019008/index.m3u8?channel-id=bestzb&Contentid=1000000004000019008&livemode=1&stbId=3
超级综艺,http://111.29.9.33:6610/000000001000/1000000004000023658/index.m3u8?channel-id=bestzb&Contentid=1000000004000023658&livemode=1&stbId=3
金牌综艺,http://111.29.9.33:6610/000000001000/1000000004000026167/index.m3u8?channel-id=bestzb&Contentid=1000000004000026167&livemode=1&stbId=3
炫舞未来,http://111.29.9.33:6610/000000001000/1000000001000000515/index.m3u8?channel-id=bestzb&Contentid=1000000001000000515&livemode=1&stbId=3
金鹰卡通,http://111.29.9.33:6610/000000001000/5000000006000040024/index.m3u8?channel-id=bestzb&Contentid=5000000006000040024&livemode=1&stbId=3
哈哈炫动,http://111.29.9.33:6610/000000001000/5000000011000031123/index.m3u8?channel-id=bestzb&Contentid=5000000011000031123&livemode=1&stbId=3
嘉佳卡通,http://111.29.9.33:6610/000000001000/1000000002000025964/index.m3u8?channel-id=bestzb&Contentid=1000000002000025964&livemode=1&stbId=3
黑莓动画,http://111.29.9.33:6610/000000001000/1000000004000021734/index.m3u8?channel-id=bestzb&Contentid=1000000004000021734&livemode=1&stbId=3
动漫秀场,http://111.29.9.33:6610/000000001000/5000000011000031113/index.m3u8?channel-id=bestzb&Contentid=5000000011000031113&livemode=1&stbId=3
茶频道,http://111.29.9.33:6610/000000001000/5000000011000031209/index.m3u8?channel-id=bestzb&Contentid=5000000011000031209&livemode=1&stbId=3
纯享4K,http://111.29.9.33:6610/000000001000/1000000004000011651/index.m3u8?channel-id=bestzb&Contentid=1000000004000011651&livemode=1&stbId=3
乐游,http://111.29.9.33:6610/000000001000/5000000011000031112/index.m3u8?channel-id=bestzb&Contentid=5000000011000031112&livemode=1&stbId=3
深圳卫视超清,rtsp://183.59.56.116:554/PLTV/88888905/224/3221227543/10000100000000060000000004462919_0.smil?0&accountinfo=%7E%7EV2.0%7E0konh4hFkquc848UdP9yOw%7EzJeEdQQK6GK7r2Q5jZjxjKYhZiHklGs8wg1XyXUSKdk5d8f2s2AYjzO2-qcyDeaExan3Pra4cuU_Whoju6BKGf666OGX7-GKwJrfpZjwyfM~ExtInfoWNHSPSTb+3AG0FnUkYLPMw=-1%2C0%2C1%2C%2C%2C2%2C%2C%2C%2C2%2CEND&GuardEncType=2
黑龙江卫视超清,rtsp://183.59.56.116:554/PLTV/88888905/224/3221227604/10000100000000060000000004462921_0.smil?0&accountinfo=%7E%7EV2.0%7EQN9_lS2prEZSf6XyQkpjcQ%7EzJeEdQQK6GK7r2Q5jZjxjKYhZiHklGs8wg1XyXUSKdk5d8f2s2AYjzO2-qcyDeaExan3Pra4cuU_Whoju6BKGf666OGX7-GKwJrfpZjwyfM~ExtInfoWNHSPSTb+3AG0FnUkYLPMw=-1%2C0%2C1%2C%2C%2C2%2C%2C%2C%2C2%2CEND&GuardEncType=2
石家庄文化娱乐,http://38.75.136.137:82/live1/jdtv2.m3u8?id=hesjz2&usign=tnO5JvE7EOUNT8al6DLMiw
石家庄城市服务,http://38.75.136.137:82/live1/hoge.m3u8?ip=hesjz&id=5&usign=tnO5JvE7EOUNT8al6DLMiw
石家庄城市服务,http://38.75.136.137:82/live1/jdtv2.m3u8?id=hesjz3&usign=tnO5JvE7EOUNT8al6DLMiw
石家庄城市服务,http://38.75.136.137:82/live1/jdtv2.m3u8?id=hesjz3&usign=tnO5JvE7EOUNT8al6DLMiw
石家庄都市,http://38.75.136.137:82/live1/hoge.m3u8?ip=hesjz&id=7&usign=tnO5JvE7EOUNT8al6DLMiw
石家庄都市,http://38.75.136.137:82/live1/jdtv2.m3u8?id=hesjz4&usign=tnO5JvE7EOUNT8al6DLMiw
石家庄都市,http://38.75.136.137:82/live1/jdtv2.m3u8?id=hesjz4&usign=tnO5JvE7EOUNT8al6DLMiw
邯郸新闻综合,https://jwliveqxzb.hebyun.com.cn/hdxwzh/hdxwzh.m3u8
邯郸新闻综合,https://jwcdnqx.hebyun.com.cn/live/hdxwzh/1500k/tzwj_video.m3u8
邯郸新闻综合,rtmp://live.hd.hdbs.cn/video/s10001-2020hdxwzh
邯郸新闻综合,http://38.75.136.137:82/live1/jdtv2.m3u8?id=hehdtv1&usign=tnO5JvE7EOUNT8al6DLMiw
邯郸新闻综合,http://38.75.136.137:82/live1/jdtv2.m3u8?id=hehdtv1&usign=tnO5JvE7EOUNT8al6DLMiw
邯郸公共频道,https://jwliveqxzb.hebyun.com.cn/hdgg/hdgg.m3u8
邯郸公共频道,https://jwcdnqx.hebyun.com.cn/live/hdgg/1500k/tzwj_video.m3u8
邯郸公共频道,rtmp://live.hd.hdbs.cn/video/s10001-2020hdgg
邯郸公共频道,http://38.75.136.137:82/live1/jdtv2.m3u8?id=hehdtv2&usign=tnO5JvE7EOUNT8al6DLMiw
邯郸公共频道,http://38.75.136.137:82/live1/jdtv2.m3u8?id=hehdtv2&usign=tnO5JvE7EOUNT8al6DLMiw
邯郸科技教育,https://jwliveqxzb.hebyun.com.cn/hdkj/hdkj.m3u8
邯郸科技教育,https://jwcdnqx.hebyun.com.cn/live/hdkj/1500k/tzwj_video.m3u8
湖北卫视超清,rtsp://183.59.56.116:554/PLTV/88888905/224/3221227584/10000100000000060000000004462929_0.smil?0&accountinfo=%7E%7EV2.0%7EZIj_4E2ewBQbd51BiTNKOA%7EzJeEdQQK6GK7r2Q5jZjxjKYhZiHklGs8wg1XyXUSKdk5d8f2s2AYjzO2-qcyDeaExan3Pra4cuU_Whoju6BKGf666OGX7-GKwJrfpZjwyfM~ExtInfoWNHSPSTb+3AG0FnUkYLPMw=-1%2C0%2C1%2C%2C%2C2%2C%2C%2C%2C2%2CEND&GuardEncType=2
天津卫视超清,rtsp://183.59.56.116:554/PLTV/88888905/224/3221227575/10000100000000060000000004462922_0.smil?0&accountinfo=%7E%7EV2.0%7E-J4B7nijVKr_NAMo7qZTIw%7EzJeEdQQK6GK7r2Q5jZjxjKYhZiHklGs8wg1XyXUSKdk5d8f2s2AYjzO2-qcyDeaExan3Pra4cuU_Whoju6BKGf666OGX7-GKwJrfpZjwyfM~ExtInfoWNHSPSTb+3AG0FnUkYLPMw=-1%2C0%2C1%2C%2C%2C2%2C%2C%2C%2C2%2CEND&GuardEncType=2
浙江卫视高清,rtsp://183.59.56.116:554/PLTV/88888905/224/3221227296/10000100000000060000000001141335_0.smil?0&accountinfo=%7E%7EV2.0%7EBng-uKyYgdUpj01BXpVWug%7EzJeEdQQK6GK7r2Q5jZjxjKYhZiHklGs8wg1XyXUSKdk5d8f2s2AYjzO2-qcyDeaExan3Pra4cuU_Whoju6BKGf666OGX7-GKwJrfpZjwyfM~ExtInfoWNHSPSTb+3AG0FnUkYLPMw=-1%2C0%2C1%2C%2C%2C2%2C%2C%2C%2C2%2CEND&GuardEncType=2
江苏卫视高清,rtsp://183.59.56.116:554/PLTV/88888905/224/3221227027/10000100000000060000000000698853_0.smil?0&accountinfo=%7E%7EV2.0%7EaxGs9GVvEtywWlMV9_8zfw%7EzJeEdQQK6GK7r2Q5jZjxjKYhZiHklGs8wg1XyXUSKdk5d8f2s2AYjzO2-qcyDeaExan3Pra4cuU_Whoju6BKGf666OGX7-GKwJrfpZjwyfM~ExtInfoWNHSPSTb+3AG0FnUkYLPMw=-1%2C0%2C1%2C%2C%2C2%2C%2C%2C%2C2%2CEND&GuardEncType=2
东方卫视高清,rtsp://183.59.56.116:554/PLTV/88888905/224/3221227299/10000100000000060000000001141344_0.smil?0&accountinfo=%7E%7EV2.0%7E6KTDBPHM-03Uw5OdPJsmUg%7EzJeEdQQK6GK7r2Q5jZjxjKYhZiHklGs8wg1XyXUSKdk5d8f2s2AYjzO2-qcyDeaExan3Pra4cuU_Whoju6BKGf666OGX7-GKwJrfpZjwyfM~ExtInfoWNHSPSTb+3AG0FnUkYLPMw=-1%2C0%2C1%2C%2C%2C2%2C%2C%2C%2C2%2CEND&GuardEncType=2
天津卫视高清,rtsp://183.59.56.116:554/PLTV/88888905/224/3221227346/10000100000000060000000003100521_0.smil?0&accountinfo=%7E%7EV2.0%7ErN-BuTVrGNWqfRpgcaeoYA%7EzJeEdQQK6GK7r2Q5jZjxjKYhZiHklGs8wg1XyXUSKdk5d8f2s2AYjzO2-qcyDeaExan3Pra4cuU_Whoju6BKGf666OGX7-GKwJrfpZjwyfM~ExtInfoWNHSPSTb+3AG0FnUkYLPMw=-1%2C0%2C1%2C%2C%2C2%2C%2C%2C%2C2%2CEND&GuardEncType=2
广东卫视超清,rtsp://183.59.56.116:554/PLTV/88888905/224/3221227768/10000100000000060000000005076861_0.smil?0&accountinfo=%7E%7EV2.0%7Efp8S09q4rzSyDL5cSiNmOQ%7EzJeEdQQK6GK7r2Q5jZjxjKYhZiHklGs8wg1XyXUSKdk5d8f2s2AYjzO2-qcyDeaExan3Pra4cuU_Whoju6BKGf666OGX7-GKwJrfpZjwyfM~ExtInfoWNHSPSTb+3AG0FnUkYLPMw=-1%2C0%2C1%2C%2C%2C2%2C%2C%2C%2C2%2CEND&GuardEncType=2
广东卫视高清,rtsp://183.59.56.116:554/PLTV/88888905/224/3221227218/10000100000000060000000000988525_0.smil?0&accountinfo=%7E%7EV2.0%7EsFZ46mFNJb4XrlnNoWuN5w%7EzJeEdQQK6GK7r2Q5jZjxjKYhZiHklGs8wg1XyXUSKdk5d8f2s2AYjzO2-qcyDeaExan3Pra4cuU_Whoju6BKGf666OGX7-GKwJrfpZjwyfM~ExtInfoWNHSPSTb+3AG0FnUkYLPMw=-1%2C0%2C1%2C%2C%2C2%2C%2C%2C%2C2%2CEND&GuardEncType=2
深圳卫视高清,rtsp://183.59.56.116:554/PLTV/88888905/224/3221227267/10000100000000060000000001141334_0.smil?0&accountinfo=%7E%7EV2.0%7E0e6_CpdWVE14AFzBPTzwXw%7EzJeEdQQK6GK7r2Q5jZjxjKYhZiHklGs8wg1XyXUSKdk5d8f2s2AYjzO2-qcyDeaExan3Pra4cuU_Whoju6BKGf666OGX7-GKwJrfpZjwyfM~ExtInfoWNHSPSTb+3AG0FnUkYLPMw=-1%2C0%2C1%2C%2C%2C2%2C%2C%2C%2C2%2CEND&GuardEncType=2
安徽卫视高清,rtsp://183.59.56.116:554/PLTV/88888905/224/3221227928/10000100000000060000000006526299_0.smil?0&accountinfo=%7E%7EV2.0%7EuOrkSwl7X_jL_XI5Lg2NiQ%7EzJeEdQQK6GK7r2Q5jZjxjKYhZiHklGs8wg1XyXUSKdk5d8f2s2AYjzO2-qcyDeaExan3Pra4cuU_Whoju6BKGf666OGX7-GKwJrfpZjwyfM~ExtInfoWNHSPSTb+3AG0FnUkYLPMw=-1%2C0%2C1%2C%2C%2C2%2C%2C%2C%2C2%2CEND&GuardEncType=2
湖北卫视高清,rtsp://183.59.56.116:554/PLTV/88888905/224/3221227322/10000100000000060000000001141333_0.smil?0&accountinfo=%7E%7EV2.0%7EH1tDedGzar6X8PIQ6bdTvg%7EzJeEdQQK6GK7r2Q5jZjxjKYhZiHklGs8wg1XyXUSKdk5d8f2s2AYjzO2-qcyDeaExan3Pra4cuU_Whoju6BKGf666OGX7-GKwJrfpZjwyfM~ExtInfoWNHSPSTb+3AG0FnUkYLPMw=-1%2C0%2C1%2C%2C%2C2%2C%2C%2C%2C2%2CEND&GuardEncType=2
黑龙江卫视高清,rtsp://183.59.56.116:554/PLTV/88888905/224/3221227302/10000100000000060000000001141347_0.smil?0&accountinfo=%7E%7EV2.0%7Emt5PkJ7RdAiZS0qHFtT_Cg%7EzJeEdQQK6GK7r2Q5jZjxjKYhZiHklGs8wg1XyXUSKdk5d8f2s2AYjzO2-qcyDeaExan3Pra4cuU_Whoju6BKGf666OGX7-GKwJrfpZjwyfM~ExtInfoWNHSPSTb+3AG0FnUkYLPMw=-1%2C0%2C1%2C%2C%2C2%2C%2C%2C%2C2%2CEND&GuardEncType=2
山东卫视高清,rtsp://183.59.56.116:554/PLTV/88888905/224/3221227215/10000100000000060000000000988473_0.smil?0&accountinfo=%7E%7EV2.0%7Ea9_wJpZCyFNPMyJVu70lPg%7EzJeEdQQK6GK7r2Q5jZjxjKYhZiHklGs8wg1XyXUSKdk5d8f2s2AYjzO2-qcyDeaExan3Pra4cuU_Whoju6BKGf666OGX7-GKwJrfpZjwyfM~ExtInfoWNHSPSTb+3AG0FnUkYLPMw=-1%2C0%2C1%2C%2C%2C2%2C%2C%2C%2C2%2CEND&GuardEncType=2
辽宁卫视高清,rtsp://183.59.56.116:554/PLTV/88888905/224/3221227608/10000100000000060000000004547240_0.smil?0&accountinfo=%7E%7EV2.0%7Efb2FO4DXRVfclC948uGXUQ%7EzJeEdQQK6GK7r2Q5jZjxjKYhZiHklGs8wg1XyXUSKdk5d8f2s2AYjzO2-qcyDeaExan3Pra4cuU_Whoju6BKGf666OGX7-GKwJrfpZjwyfM~ExtInfoWNHSPSTb+3AG0FnUkYLPMw=-1%2C0%2C1%2C%2C%2C2%2C%2C%2C%2C2%2CEND&GuardEncType=2
重庆卫视高清,rtsp://183.59.56.116:554/PLTV/88888905/224/3221227897/10000100000000060000000006388228_0.smil?0&accountinfo=%7E%7EV2.0%7EtgaHrsUgJAi5sGQ5J3Grjw%7EzJeEdQQK6GK7r2Q5jZjxjKYhZiHklGs8wg1XyXUSKdk5d8f2s2AYjzO2-qcyDeaExan3Pra4cuU_Whoju6BKGf666OGX7-GKwJrfpZjwyfM~ExtInfoWNHSPSTb+3AG0FnUkYLPMw=-1%2C0%2C1%2C%2C%2C2%2C%2C%2C%2C2%2CEND&GuardEncType=2
贵州卫视高清,rtsp://183.59.56.116:554/PLTV/88888905/224/3221228286/10000100000000060000000007781468_0.smil?0&accountinfo=%7E%7EV2.0%7EIKugDj03eot3ijhtEwmBwg%7EzJeEdQQK6GK7r2Q5jZjxjKYhZiHklGs8wg1XyXUSKdk5d8f2s2AYjzO2-qcyDeaExan3Pra4cuU_Whoju6BKGf666OGX7-GKwJrfpZjwyfM~ExtInfoWNHSPSTb+3AG0FnUkYLPMw=-1%2C0%2C1%2C%2C%2C2%2C%2C%2C%2C2%2CEND&GuardEncType=2
东南卫视高清,rtsp://183.59.56.116:554/PLTV/88888905/224/3221229798/10000100000000060000000009574969_0.smil?0&accountinfo=%7E%7EV2.0%7EfJL0ZFSnBct56inJbkqSmw%7EzJeEdQQK6GK7r2Q5jZjxjKYhZiHklGs8wg1XyXUSKdk5d8f2s2AYjzO2-qcyDeaExan3Pra4cuU_Whoju6BKGf666OGX7-GKwJrfpZjwyfM~ExtInfoWNHSPSTb+3AG0FnUkYLPMw=-1%2C0%2C1%2C%2C%2C2%2C%2C%2C%2C2%2CEND&GuardEncType=2
邯郸科技教育,rtmp://live.hd.hdbs.cn/video/s10001-2020hdkjjy
邯郸科技教育,http://38.75.136.137:82/live1/jdtv2.m3u8?id=hehdtv3&usign=tnO5JvE7EOUNT8al6DLMiw
邯郸科技教育,http://38.75.136.137:82/live1/jdtv2.m3u8?id=hehdtv3&usign=tnO5JvE7EOUNT8al6DLMiw
衡水新闻综合,http://hls.hsrtv.cn/live/hshstv1.m3u8
衡水公共频道,http://hls.hsrtv.cn/live/hshstv2.m3u8
唐山新闻综合,http://hblxx.chinashadt.com:2036/live/stream:lx2.stream/playlist.m3u8
廊坊新闻综合,rtmp://222.222.126.18/live/lfxw
廊坊新闻综合,http://38.75.136.137:82/live1/jdtv2.m3u8?id=helftv1&usign=tnO5JvE7EOUNT8al6DLMiw
廊坊新闻综合,http://38.75.136.137:82/live1/jdtv2.m3u8?id=helftv1&usign=tnO5JvE7EOUNT8al6DLMiw
廊坊公共频道,rtmp://222.222.126.18/live/lfgg
廊坊公共频道,http://38.75.136.137:82/live1/jdtv2.m3u8?id=helftv2&usign=tnO5JvE7EOUNT8al6DLMiw
廊坊公共频道,http://38.75.136.137:82/live1/jdtv2.m3u8?id=helftv2&usign=tnO5JvE7EOUNT8al6DLMiw
廊坊导视频道,rtmp://222.222.126.18/live/lfds
邢台综合频道,https://jwplay.hebyun.com.cn/live/xtsrmtzs/1500k/tzwj_video.m3u8
邢台城市生活,https://jwcdnqx.hebyun.com.cn/live/xtcsshpd/1500k/tzwj_video.m3u8
邢台城市生活,http://38.75.136.137:82/live1/jdtv2.m3u8?id=hexttv2&usign=tnO5JvE7EOUNT8al6DLMiw
张家口一套,https://nlive.zjkgdcs.com:8572/live/xwzhpd.m3u8
张家口一套,http://38.75.136.137:82/live1/jdtv2.m3u8?id=hezjktv1&usign=tnO5JvE7EOUNT8al6DLMiw
张家口二套,https://nlive.zjkgdcs.com:8572/live/zjktv2.m3u8
河北卫视高清,rtsp://183.59.56.116:554/PLTV/88888905/224/3221229830/10000100000000060000000009574961_0.smil?0&accountinfo=%7E%7EV2.0%7EDyxoCpP_LG-nsJ5V4zjxbQ%7EzJeEdQQK6GK7r2Q5jZjxjKYhZiHklGs8wg1XyXUSKdk5d8f2s2AYjzO2-qcyDeaExan3Pra4cuU_Whoju6BKGf666OGX7-GKwJrfpZjwyfM~ExtInfoWNHSPSTb+3AG0FnUkYLPMw=-1%2C0%2C1%2C%2C%2C2%2C%2C%2C%2C2%2CEND&GuardEncType=2
江西卫视高清,rtsp://183.59.56.116:554/PLTV/88888905/224/3221229779/10000100000000060000000009575029_0.smil?0&accountinfo=%7E%7EV2.0%7EWZ8ggVo2loF2Lx6AD0nTog%7EzJeEdQQK6GK7r2Q5jZjxjKYhZiHklGs8wg1XyXUSKdk5d8f2s2AYjzO2-qcyDeaExan3Pra4cuU_Whoju6BKGf666OGX7-GKwJrfpZjwyfM~ExtInfoWNHSPSTb+3AG0FnUkYLPMw=-1%2C0%2C1%2C%2C%2C2%2C%2C%2C%2C2%2CEND&GuardEncType=2
吉林卫视高清,rtsp://183.59.56.116:554/PLTV/88888905/224/3221229881/10000100000000060000000009574938_0.smil?0&accountinfo=%7E%7EV2.0%7El9QgdTgvQ7gvk0b1n8Fs3w%7EzJeEdQQK6GK7r2Q5jZjxjKYhZiHklGs8wg1XyXUSKdk5d8f2s2AYjzO2-qcyDeaExan3Pra4cuU_Whoju6BKGf666OGX7-GKwJrfpZjwyfM~ExtInfoWNHSPSTb+3AG0FnUkYLPMw=-1%2C0%2C1%2C%2C%2C2%2C%2C%2C%2C2%2CEND&GuardEncType=2
广西卫视高清,rtsp://183.59.56.116:554/PLTV/88888905/224/3221229990/10000100000000060000000010232875_0.smil?0&accountinfo=%7E%7EV2.0%7E5_WBXEf9DsrAEr08Jx_i0A%7EzJeEdQQK6GK7r2Q5jZjxjKYhZiHklGs8wg1XyXUSKdk5d8f2s2AYjzO2-qcyDeaExan3Pra4cuU_Whoju6BKGf666OGX7-GKwJrfpZjwyfM~ExtInfoWNHSPSTb+3AG0FnUkYLPMw=-1%2C0%2C1%2C%2C%2C2%2C%2C%2C%2C2%2CEND&GuardEncType=2
广州综合,rtsp://183.59.56.116:554/PLTV/88888905/224/3221230104/453207146.smil?0&accountinfo=%7E%7EV2.0%7EzPzHhhIQTsmwS_6SJEwFCg%7EzJeEdQQK6GK7r2Q5jZjxjKYhZiHklGs8wg1XyXUSKdk5d8f2s2AYjzO2-qcyDeaExan3Pra4cuU_Whoju6BKGf666OGX7-GKwJrfpZjwyfM~ExtInfoWNHSPSTb+3AG0FnUkYLPMw=-1%2C0%2C1%2C%2C%2C2%2C%2C%2C%2C2%2CEND&GuardEncType=2
广州新闻,rtsp://183.59.131.100:554/PLTV/88888905/224/3221230113/453206913.smil?0&accountinfo=%7E%7EV2.0%7E0SFQT4d134tJBYGpDmeXDQ%7EzJeEdQQK6GK7r2Q5jZjxjKYhZiHklGs8wg1XyXUSKdk5d8f2s2AYjzO2-qcyDeaExan3Pra4cuU_Whoju6BKGf666OGX7-GKwJrfpZjwyfM~ExtInfoWNHSPSTb+3AG0FnUkYLPMw=-1%2C0%2C1%2C%2C%2C2%2C%2C%2C%2C2%2CEND&GuardEncType=2
广州影视,rtsp://183.59.131.37:554/PLTV/88888905/224/3221230115/453198755.smil?0&accountinfo=%7E%7EV2.0%7ENaCaue7LGOmXprWOEgXTzw%7EzJeEdQQK6GK7r2Q5jZjxjKYhZiHklGs8wg1XyXUSKdk5d8f2s2AYjzO2-qcyDeaExan3Pra4cuU_Whoju6BKGf666OGX7-GKwJrfpZjwyfM~ExtInfoWNHSPSTb+3AG0FnUkYLPMw=-1%2C0%2C1%2C%2C%2C2%2C%2C%2C%2C2%2CEND&GuardEncType=2
广州法治,rtsp://183.59.153.37:554/PLTV/88888905/224/3221230168/453206912.smil?0&accountinfo=%7E%7EV2.0%7EUSiyCu_w9WF99m5iQxHYRA%7EzJeEdQQK6GK7r2Q5jZjxjKYhZiHklGs8wg1XyXUSKdk5d8f2s2AYjzO2-qcyDeaExan3Pra4cuU_Whoju6BKGf666OGX7-GKwJrfpZjwyfM~ExtInfoWNHSPSTb+3AG0FnUkYLPMw=-1%2C0%2C1%2C%2C%2C2%2C%2C%2C%2C2%2CEND&GuardEncType=2
广东综艺4K,rtsp://183.59.56.116:554/PLTV/88888905/224/3221229717/10000100000000060000000008643415_0.smil?0&accountinfo=%7E%7EV2.0%7E5eD1tRLue3bsAGvSDf20HA%7EzJeEdQQK6GK7r2Q5jZjxjKYhZiHklGs8wg1XyXUSKdk5d8f2s2AYjzO2-qcyDeaExan3Pra4cuU_Whoju6BKGf666OGX7-GKwJrfpZjwyfM~ExtInfoWNHSPSTb+3AG0FnUkYLPMw=-1%2C0%2C1%2C%2C%2C2%2C%2C%2C%2C2%2CEND&GuardEncType=2
广东综艺4K,rtsp://183.59.56.116:554/PLTV/88888905/224/3221229713/10000100000000060000000008646185_0.smil?0&accountinfo=%7E%7EV2.0%7EG5fEQeO2yT2LgijcyazKdg%7EzJeEdQQK6GK7r2Q5jZjxjKYhZiHklGs8wg1XyXUSKdk5d8f2s2AYjzO2-qcyDeaExan3Pra4cuU_Whoju6BKGf666OGX7-GKwJrfpZjwyfM~ExtInfoWNHSPSTb+3AG0FnUkYLPMw=-1%2C0%2C1%2C%2C%2C2%2C%2C%2C%2C2%2CEND&GuardEncType=2
广东新闻高清,rtsp://183.59.56.116:554/PLTV/88888905/224/3221230032/320917528.smil?0&accountinfo=%7E%7EV2.0%7EgDBfCrlNs_X3qljSJ3njZQ%7EzJeEdQQK6GK7r2Q5jZjxjKYhZiHklGs8wg1XyXUSKdk5d8f2s2AYjzO2-qcyDeaExan3Pra4cuU_Whoju6BKGf666OGX7-GKwJrfpZjwyfM~ExtInfoWNHSPSTb+3AG0FnUkYLPMw=-1%2C0%2C1%2C%2C%2C2%2C%2C%2C%2C2%2CEND&GuardEncType=2
经济科教超清,rtsp://183.59.56.116:554/PLTV/88888905/224/3221227811/10000100000000060000000005076860_0.smil?0&accountinfo=%7E%7EV2.0%7E48XOVHB4fc_HwuvjgY3xFw%7EzJeEdQQK6GK7r2Q5jZjxjKYhZiHklGs8wg1XyXUSKdk5d8f2s2AYjzO2-qcyDeaExan3Pra4cuU_Whoju6BKGf666OGX7-GKwJrfpZjwyfM~ExtInfoWNHSPSTb+3AG0FnUkYLPMw=-1%2C0%2C1%2C%2C%2C2%2C%2C%2C%2C2%2CEND&GuardEncType=2
广东体育超清,rtsp://183.59.56.116:554/PLTV/88888905/224/3221227818/10000100000000060000000005076859_0.smil?0&accountinfo=%7E%7EV2.0%7Edgvm8f681JWRBTttSMlhLg%7EzJeEdQQK6GK7r2Q5jZjxjKYhZiHklGs8wg1XyXUSKdk5d8f2s2AYjzO2-qcyDeaExan3Pra4cuU_Whoju6BKGf666OGX7-GKwJrfpZjwyfM~ExtInfoWNHSPSTb+3AG0FnUkYLPMw=-1%2C0%2C1%2C%2C%2C2%2C%2C%2C%2C2%2CEND&GuardEncType=2
经济科教高清,rtsp://183.59.56.116:554/PLTV/88888905/224/3221227238/10000100000000060000000000987130_0.smil?0&accountinfo=%7E%7EV2.0%7EyU3xvT9RGErxisUE0wkmkg%7EzJeEdQQK6GK7r2Q5jZjxjKYhZiHklGs8wg1XyXUSKdk5d8f2s2AYjzO2-qcyDeaExan3Pra4cuU_Whoju6BKGf666OGX7-GKwJrfpZjwyfM~ExtInfoWNHSPSTb+3AG0FnUkYLPMw=-1%2C0%2C1%2C%2C%2C2%2C%2C%2C%2C2%2CEND&GuardEncType=2
广东体育高清,rtsp://183.59.56.116:554/PLTV/88888905/224/3221227484/10000100000000060000000003928833_0.smil?0&accountinfo=%7E%7EV2.0%7Ew7Bz7WWUvefO8y8c0TBseg%7EzJeEdQQK6GK7r2Q5jZjxjKYhZiHklGs8wg1XyXUSKdk5d8f2s2AYjzO2-qcyDeaExan3Pra4cuU_Whoju6BKGf666OGX7-GKwJrfpZjwyfM~ExtInfoWNHSPSTb+3AG0FnUkYLPMw=-1%2C0%2C1%2C%2C%2C2%2C%2C%2C%2C2%2CEND&GuardEncType=2
广东影视高清,rtsp://183.59.56.116:554/PLTV/88888905/224/3221229939/10000100000000060000000011293286_0.smil?0&accountinfo=%7E%7EV2.0%7EF8Djf5I5I3zFotQpnhkjvw%7EzJeEdQQK6GK7r2Q5jZjxjKYhZiHklGs8wg1XyXUSKdk5d8f2s2AYjzO2-qcyDeaExan3Pra4cuU_Whoju6BKGf666OGX7-GKwJrfpZjwyfM~ExtInfoWNHSPSTb+3AG0FnUkYLPMw=-1%2C0%2C1%2C%2C%2C2%2C%2C%2C%2C2%2CEND&GuardEncType=2
广东公共高清,rtsp://183.59.56.116:554/PLTV/88888905/224/3221230072/10000100000000060000000011293287_0.smil?0&accountinfo=%7E%7EV2.0%7EJfOJh8kUHwkvOQkuZOyKkA%7EzJeEdQQK6GK7r2Q5jZjxjKYhZiHklGs8wg1XyXUSKdk5d8f2s2AYjzO2-qcyDeaExan3Pra4cuU_Whoju6BKGf666OGX7-GKwJrfpZjwyfM~ExtInfoWNHSPSTb+3AG0FnUkYLPMw=-1%2C0%2C1%2C%2C%2C2%2C%2C%2C%2C2%2CEND&GuardEncType=2
张家口二套,http://38.75.136.137:82/live1/jdtv2.m3u8?id=hezjktv2&usign=tnO5JvE7EOUNT8al6DLMiw
沧州新闻综合,http://czlive.czgd.tv:8091/live/czyt_czytzm.m3u8
沧州公共频道,http://czlive.czgd.tv:8091/live/czet_czetzm.m3u8
沧州影视娱乐,http://czlive.czgd.tv:8091/live/czst_czstzm.m3u8
保定新闻综合,http://jwcdnqx.hebyun.com.cn/live/jybd/1500k/tzwj_video.m3u8
保定新闻综合,http://38.75.136.137:82/live1/hebdtv.m3u8?id=hebdtv1&usign=tnO5JvE7EOUNT8al6DLMiw
保定新闻综合,http://38.75.136.137:82/live1/jdtv2.m3u8?id=hebdtv1&usign=tnO5JvE7EOUNT8al6DLMiw
保定新闻综合,http://38.75.136.137:82/live1/jdtv2.m3u8?id=hebdtv1&usign=tnO5JvE7EOUNT8al6DLMiw
保定公共频道,http://jwcdnqx.hebyun.com.cn/live/bdxw1/1500k/tzwj_video.m3u8
保定公共频道,http://38.75.136.137:82/live1/hebdtv.m3u8?id=hebdtv2&usign=tnO5JvE7EOUNT8al6DLMiw
保定公共频道,http://38.75.136.137:82/live1/jdtv2.m3u8?id=hebdtv2&usign=tnO5JvE7EOUNT8al6DLMiw
保定公共频道,http://38.75.136.137:82/live1/jdtv2.m3u8?id=hebdtv2&usign=tnO5JvE7EOUNT8al6DLMiw
保定生活健康,http://38.75.136.137:82/live1/hebdtv.m3u8?id=hebdtv3&usign=tnO5JvE7EOUNT8al6DLMiw
保定生活健康,http://jwcdnqx.hebyun.com.cn/live/bddst/1500k/tzwj_video.m3u8
保定生活健康,http://38.75.136.137:82/live1/jdtv2.m3u8?id=hebdtv3&usign=tnO5JvE7EOUNT8al6DLMiw
保定生活健康,http://38.75.136.137:82/live1/jdtv2.m3u8?id=hebdtv3&usign=tnO5JvE7EOUNT8al6DLMiw
承德新闻综合,https://jwliveqxzb.hebyun.com.cn/cdsxwzhtv/cdsxwzhtv.m3u8
承德新闻综合,https://jwcdnqx.hebyun.com.cn/live/cdsxwzhtv/1500k/tzwj_video.m3u8
承德公共生活,https://jwliveqxzb.hebyun.com.cn/cdsggshtv/cdsggshtv.m3u8
承德公共生活,https://jwcdnqx.hebyun.com.cn/live/cdsggshtv/1500k/tzwj_video.m3u8
高邑综合,https://jwcdnqx.hebyun.com.cn/live/gaoyiyitao/1500k/tzwj_video.m3u8
井陉矿区电视台,http://38.75.136.137:82/live1/jdtv2.m3u8?id=hesjzjj1&usign=tnO5JvE7EOUNT8al6DLMiw
井陉矿区电视台,http://38.75.136.137:82/live1/jdtv2.m3u8?id=hesjzjj1&usign=tnO5JvE7EOUNT8al6DLMiw
晋州新闻频道,http://38.75.136.137:82/live1/jdtv2.m3u8?id=hesjzjz1&usign=tnO5JvE7EOUNT8al6DLMiw
晋州新闻频道,http://38.75.136.137:82/live1/jdtv2.m3u8?id=hesjzjz1&usign=tnO5JvE7EOUNT8al6DLMiw
鹿泉综合,https://jwliveqxzb.hebyun.com.cn/luquanyi/luquanyi.m3u8
鹿泉综合,https://jwcdnqx.hebyun.com.cn/live/luquanyi/1500k/tzwj_video.m3u8
鹿泉二套,https://jwliveqxzb.hebyun.com.cn/luquaner/luquaner.m3u8
鹿泉二套,https://jwcdnqx.hebyun.com.cn/live/luquaner/1500k/tzwj_video.m3u8
新乐电视台,https://jwcdnqx.hebyun.com.cn/live/XLTV/1500k/tzwj_video.m3u8
行唐综合频道,http://27.128.190.231:18080/sdi
赞皇综合,http://38.75.136.137:82/live1/vzan.m3u8?id=hesjzzh1&usign=tnO5JvE7EOUNT8al6DLMiw
赞皇综合,https://p2bj.vzan.com/slowlive/435455898015647946/live.m3u8
成安综合,https://jwcdnqx.hebyun.com.cn/live/JYCADST/1500k/tzwj_video.m3u8
涉县新闻综合,https://jwcdnqx.hebyun.com.cn/live/SXTV1/1500k/tzwj_video.m3u8
安平新闻综合,http://zhap.city1000.cn/xinwen/ap_xw.m3u8
景县综合,http://hbjx.chinashadt.com:1935/live/stream:jx1.stream/playlist.m3u8
景县综合,http://hbjx.chinashadt.com:1935/live/stream:jx1.stream_360p/playlist.m3u8
饶阳一套,http://hbry.chinashadt.com:1938/live/1004.stream_360p/playlist.m3u8
深州综合频道,http://hbsz.chinashadt.com:2036/live/stream:sztv.stream/playlist.m3u8
深州综合频道,http://hbsz.chinashadt.com:2036/live/stream:sztv.stream_360p/playlist.m3u8
枣强综合,http://hbzqdb.chinashadt.com:1937/live/zqzh.stream_360p/playlist.m3u8
昌黎综合频道,https://jwcdnqx.hebyun.com.cn/live/clzhpd/1500k/tzwj_video.m3u8
昌黎综合频道,https://jwliveqxzb.hebyun.com.cn/clzhpd/clzhpd.m3u8
滦南综合频道,http://tvnew.lnshw.com.cn:58123/live/lntv1.m3u8
滦州综合频道,http://hblxx.chinashadt.com:2036/live/stream:lx1.stream/playlist.m3u8
迁安综合频道,https://jwplay.hebyun.com.cn/live/jiuyunqianan/1500k/tzwj_video.m3u8
迁西综合频道,https://jwliveqxzb.hebyun.com.cn/qxzhpd/qxzhpd.m3u8
迁西综合频道,https://jwcdnqx.hebyun.com.cn/live/qxzhpd/1500k/tzwj_video.m3u8
迁西农业频道,https://jwliveqxzb.hebyun.com.cn/qxny/qxny.m3u8
迁西农业频道,https://jwcdnqx.hebyun.com.cn/live/qxny/1500k/tzwj_video.m3u8
玉田综合频道,https://p2hs.vzan.com/slowlive/795711756063080101/live.m3u8
霸州新闻频道,http://hbbz.chinashadt.com:2036/live/stream:bzxw.stream/playlist.m3u8
霸州公共频道,http://hbbz.chinashadt.com:2036/live/stream:bzgg.stream/playlist.m3u8
大厂一套,http://60.10.185.184:1935/live/dc1.stream/playlist.m3u8
大厂二套,http://60.10.185.184:1935/live/dc2.stream/playlist.m3u8
三河新闻综合,http://jwcdnqx.hebyun.com.cn/live/jiyunsanhe3/1500k/tzwj_video.m3u8
香河综合频道,http://38.75.136.137:82/live1/jdtv2.m3u8?id=helfxh1&usign=tnO5JvE7EOUNT8al6DLMiw
香河综合频道,http://38.75.136.137:82/live1/jdtv2.m3u8?id=helfxh1&usign=tnO5JvE7EOUNT8al6DLMiw
永清综合频道,http://60.10.203.69:8000/0.m3u8
南宫电视一套,https://jwcdnqx.hebyun.com.cn/live/ngtv1/1500k/tzwj_video.m3u8
南和综合频道,https://jwcdnqx.hebyun.com.cn/live/NHTV1/1500k/tzwj_video.m3u8
南和影视频道,https://jwcdnqx.hebyun.com.cn/live/NHTV2/1500k/tzwj_video.m3u8
清河新闻综合,https://jwcdnqx.hebyun.com.cn/live/qinghe/1500k/tzwj_video.m3u8
清河新闻综合,https://jwliveqxzb.hebyun.com.cn/qinghe/qinghe.m3u8
清河经济综艺,https://jwcdnqx.hebyun.com.cn/live/qinghe1/1500k/tzwj_video.m3u8
清河经济综艺,https://jwliveqxzb.hebyun.com.cn/qinghe1/qinghe1.m3u8
沧县综合,http://hebcx.chinashadt.com:2036/live/10001.stream/playlist.m3u8
黄骅一套,http://play-a2.quklive.com/live/1665711895729077.m3u8
河间一套,http://play-a2.quklive.com/live/1706494902086158.m3u8
南皮综合,https://jwcdnqx.hebyun.com.cn/live/npdspd/1500k/tzwj_video.m3u8
青县新闻,https://jwliveqxzb.hebyun.com.cn/qxtvlive1/qxtvlive1.m3u8
青县新闻,https://jwcdnqx.hebyun.com.cn/live/qxtvlive1/1500k/tzwj_video.m3u8
广东少儿高清,rtsp://183.59.56.116:554/PLTV/88888905/224/3221230010/10000100000000060000000011293288_0.smil?0&accountinfo=%7E%7EV2.0%7EBncdZ3rFEXgsm3o4YCdIFQ%7EzJeEdQQK6GK7r2Q5jZjxjKYhZiHklGs8wg1XyXUSKdk5d8f2s2AYjzO2-qcyDeaExan3Pra4cuU_Whoju6BKGf666OGX7-GKwJrfpZjwyfM~ExtInfoWNHSPSTb+3AG0FnUkYLPMw=-1%2C0%2C1%2C%2C%2C2%2C%2C%2C%2C2%2CEND&GuardEncType=2
大湾区卫视高清,rtsp://183.59.56.116:554/PLTV/88888905/224/3221230001/10000100000000060000000011293289_0.smil?0&accountinfo=%7E%7EV2.0%7EiKe-NYf8wqbfEoP3btv9QA%7EzJeEdQQK6GK7r2Q5jZjxjKYhZiHklGs8wg1XyXUSKdk5d8f2s2AYjzO2-qcyDeaExan3Pra4cuU_Whoju6BKGf666OGX7-GKwJrfpZjwyfM~ExtInfoWNHSPSTb+3AG0FnUkYLPMw=-1%2C0%2C1%2C%2C%2C2%2C%2C%2C%2C2%2CEND&GuardEncType=2
上海纪实高清,rtsp://183.59.56.116:554/PLTV/88888905/224/3221229872/10000100000000060000000009575047_0.smil?0&accountinfo=%7E%7EV2.0%7EK7Z3v0csIIQiA8ZhV0ySEA%7EzJeEdQQK6GK7r2Q5jZjxjKYhZiHklGs8wg1XyXUSKdk5d8f2s2AYjzO2-qcyDeaExan3Pra4cuU_Whoju6BKGf666OGX7-GKwJrfpZjwyfM~ExtInfoWNHSPSTb+3AG0FnUkYLPMw=-1%2C0%2C1%2C%2C%2C2%2C%2C%2C%2C2%2CEND&GuardEncType=2
湖南茶,rtsp://183.59.56.116:554/PLTV/88888905/224/3221229888/10000100000000060000000010323146_0.smil?0&accountinfo=%7E%7EV2.0%7EMhQ6ZyeRjk5mta22OM89Dw%7EzJeEdQQK6GK7r2Q5jZjxjKYhZiHklGs8wg1XyXUSKdk5d8f2s2AYjzO2-qcyDeaExan3Pra4cuU_Whoju6BKGf666OGX7-GKwJrfpZjwyfM~ExtInfoWNHSPSTb+3AG0FnUkYLPMw=-1%2C0%2C1%2C%2C%2C2%2C%2C%2C%2C2%2CEND&GuardEncType=2
电视指南高清,rtsp://183.59.56.116:554/PLTV/88888905/224/3221230003/10000100000000060000000011037421_0.smil?0&accountinfo=%7E%7EV2.0%7EBHePkGqjYN4rI8ecgMjDIg%7EzJeEdQQK6GK7r2Q5jZjxjKYhZiHklGs8wg1XyXUSKdk5d8f2s2AYjzO2-qcyDeaExan3Pra4cuU_Whoju6BKGf666OGX7-GKwJrfpZjwyfM~ExtInfoWNHSPSTb+3AG0FnUkYLPMw=-1%2C0%2C1%2C%2C%2C2%2C%2C%2C%2C2%2CEND&GuardEncType=2
央视精品高清,rtsp://183.59.56.116:554/PLTV/88888905/224/3221230012/10000100000000060000000011037429_0.smil?0&accountinfo=%7E%7EV2.0%7Ebwc4e8DirJRb8Zg3L8Qr4A%7EzJeEdQQK6GK7r2Q5jZjxjKYhZiHklGs8wg1XyXUSKdk5d8f2s2AYjzO2-qcyDeaExan3Pra4cuU_Whoju6BKGf666OGX7-GKwJrfpZjwyfM~ExtInfoWNHSPSTb+3AG0FnUkYLPMw=-1%2C0%2C1%2C%2C%2C2%2C%2C%2C%2C2%2CEND&GuardEncType=2
IPTV谍战剧场,rtsp://183.59.56.116:554/PLTV/88888905/224/3221227158/10000100000000060000000000937867_0.smil?0&accountinfo=%7E%7EV2.0%7EDrPxmKDwQZeAvzANz-MGng%7EzJeEdQQK6GK7r2Q5jZjxjKYhZiHklGs8wg1XyXUSKdk5d8f2s2AYjzO2-qcyDeaExan3Pra4cuU_Whoju6BKGf666OGX7-GKwJrfpZjwyfM~ExtInfoWNHSPSTb+3AG0FnUkYLPMw=-1%2C0%2C1%2C%2C%2C2%2C%2C%2C%2C2%2CEND&GuardEncType=2
极K精选,rtsp://183.59.56.116:554/PLTV/88888905/224/3221228304/10000100000000060000000008188821_0.smil?0&accountinfo=%7E%7EV2.0%7E8-1sixSy3h6EVYxRzBr1rw%7EzJeEdQQK6GK7r2Q5jZjxjKYhZiHklGs8wg1XyXUSKdk5d8f2s2AYjzO2-qcyDeaExan3Pra4cuU_Whoju6BKGf666OGX7-GKwJrfpZjwyfM~ExtInfoWNHSPSTb+3AG0FnUkYLPMw=-1%2C0%2C1%2C%2C%2C2%2C%2C%2C%2C2%2CEND&GuardEncType=2
精选4k频道1,rtsp://183.59.56.116:554/PLTV/88888905/224/3221228307/10000100000000060000000008189136_0.smil?0&accountinfo=%7E%7EV2.0%7EAqd3ciY3-pzJVhUaGjQUaw%7EzJeEdQQK6GK7r2Q5jZjxjKYhZiHklGs8wg1XyXUSKdk5d8f2s2AYjzO2-qcyDeaExan3Pra4cuU_Whoju6BKGf666OGX7-GKwJrfpZjwyfM~ExtInfoWNHSPSTb+3AG0FnUkYLPMw=-1%2C0%2C1%2C%2C%2C2%2C%2C%2C%2C2%2CEND&GuardEncType=2
精选4k频道2,rtsp://183.59.56.116:554/PLTV/88888905/224/3221228179/10000100000000060000000008189131_0.smil?0&accountinfo=%7E%7EV2.0%7El0PMxMTr89VnbogvGkhHKQ%7EzJeEdQQK6GK7r2Q5jZjxjKYhZiHklGs8wg1XyXUSKdk5d8f2s2AYjzO2-qcyDeaExan3Pra4cuU_Whoju6BKGf666OGX7-GKwJrfpZjwyfM~ExtInfoWNHSPSTb+3AG0FnUkYLPMw=-1%2C0%2C1%2C%2C%2C2%2C%2C%2C%2C2%2CEND&GuardEncType=2
精选4k频道3,rtsp://183.59.56.116:554/PLTV/88888905/224/3221229891/10000100000000060000000009714024_0.smil?0&accountinfo=%7E%7EV2.0%7Ewh4GzNmJ9Ru12FmJnUao9A%7EzJeEdQQK6GK7r2Q5jZjxjKYhZiHklGs8wg1XyXUSKdk5d8f2s2AYjzO2-qcyDeaExan3Pra4cuU_Whoju6BKGf666OGX7-GKwJrfpZjwyfM~ExtInfoWNHSPSTb+3AG0FnUkYLPMw=-1%2C0%2C1%2C%2C%2C2%2C%2C%2C%2C2%2CEND&GuardEncType=2
CGTN,http://120.87.19.109:80/PLTV/88888973/224/3221225718/10000100000000060000000000334622_0.smil/01.m3u8?fmt=ts2hls,244,01.m3u8&accountinfo=UoQbCSdhOfs+Fhzpjb+WON1faRQ9pU15SBx6EULzJM/q63EjPL5/UXSVfEKzDq3xXxOwiUWK0jN7fiwrWDIrngWZ1F4+6A1eDkDeh5XZlpvpn23wIF+ldb6dnBPa8zHj,END&tenantId=8601
CCTV4K超高清,http://120.87.19.109:80/PLTV/88888973/224/3221226217/10000100000000060000000001339123_0.smil/01.m3u8?fmt=ts2hls,244,01.m3u8&accountinfo=UoQbCSdhOfs+Fhzpjb+WON1faRQ9pU15SBx6EULzJM/q63EjPL5/UXSVfEKzDq3xAkH4zk1RfN3Ktv7bPxyeHQWZ1F4+6A1eDkDeh5XZlpvpn23wIF+ldb6dnBPa8zHj,END&tenantId=8601
厦门卫视,http://120.87.19.109:80/PLTV/88888973/224/3221225703/10000100000000060000000000334140_0.smil/01.m3u8?fmt=ts2hls,244,01.m3u8&accountinfo=UoQbCSdhOfs+Fhzpjb+WON1faRQ9pU15SBx6EULzJM/q63EjPL5/UXSVfEKzDq3xNLdKftnEzOPe45uw59KUAQWZ1F4+6A1eDkDeh5XZlpvpn23wIF+ldb6dnBPa8zHj,END&tenantId=8601
任丘综合,https://jwcdnqx.hebyun.com.cn/live/rqtv1/1500k/tzwj_video.m3u8
任丘文娱,https://jwcdnqx.hebyun.com.cn/live/rqtv2/1500k/tzwj_video.m3u8
肃宁一套,http://jwplay.hebyun.com.cn/live/sndst01/1500k/tzwj_video.m3u8
吴桥综合,http://jwcdnqx.hebyun.com.cn/live/wuqiao/1500k/tzwj_video.m3u8
安新综合,http://38.75.136.137:82/live1/jdtv2.m3u8?id=hebdax1&usign=tnO5JvE7EOUNT8al6DLMiw
定州新闻综合,https://jwliveqxzb.hebyun.com.cn/xxzhpd/xxzhpd.m3u8
定州新闻综合,https://jwcdnqx.hebyun.com.cn/live/xxzhpd/1500k/tzwj_video.m3u8
定州生活频道,https://jwliveqxzb.hebyun.com.cn/shpd/shpd.m3u8
定州生活频道,https://jwcdnqx.hebyun.com.cn/live/shpd/1500k/tzwj_video.m3u8
定州国学影视,https://jwliveqxzb.hebyun.com.cn/yspd/yspd.m3u8
定州国学影视,https://jwcdnqx.hebyun.com.cn/live/yspd/1500k/tzwj_video.m3u8
涞水新闻频道,https://jwliveqxzb.hebyun.com.cn/lsdst/lsdst.m3u8
涞水新闻频道,https://jwcdnqx.hebyun.com.cn/live/lsdst/1500k/tzwj_video.m3u8
涞源综合频道,http://jwcdnqx.hebyun.com.cn/live/jiyunlaiyuan/1500k/tzwj_video.m3u8
清苑新闻频道,https://jwcdnqx.hebyun.com.cn/live/qyxwpd/1500k/tzwj_video.m3u8
清苑生活频道,https://jwcdnqx.hebyun.com.cn/live/qyshpd/1500k/tzwj_video.m3u8
唐县综合频道,http://38.75.136.137:82/live1/jdtv2.m3u8?id=hebdtx1&usign=tnO5JvE7EOUNT8al6DLMiw
望都综合频道,https://jwcdnqx.hebyun.com.cn/live/wddst/1500k/tzwj_video.m3u8
徐水综合频道,https://jwliveqxzb.hebyun.com.cn/jiyunxushui123/jiyunxushui123.m3u8
徐水综合频道,https://jwcdnqx.hebyun.com.cn/live/jiyunxushui123/1500k/tzwj_video.m3u8
易县新闻综合,http://38.75.136.137:82/live1/jdtv2.m3u8?id=hebdyx1&usign=tnO5JvE7EOUNT8al6DLMiw
涿州新闻频道,http://121.18.115.162:8082/live/ch3.m3u8
涿州新闻频道,http://38.75.136.137:82/live1/jdtv2.m3u8?id=hebdzz1&usign=tnO5JvE7EOUNT8al6DLMiw
涿州新闻频道,http://38.75.136.137:82/live1/jdtv2.m3u8?id=hebdzz1&usign=tnO5JvE7EOUNT8al6DLMiw
涿州生活频道,http://121.18.115.162:8082/live/ch4.m3u8
涿州都市频道,http://121.18.115.162:8082/live/ch5.m3u8
高碑店新闻,http://38.75.136.137:82/live1/jdtv2.m3u8?id=hebdgbd1&usign=tnO5JvE7EOUNT8al6DLMiw
丰宁综合频道,https://jwliveqxzb.hebyun.com.cn/fengningzonghe/fengningzonghe.m3u8
丰宁综合频道,https://jwcdnqx.hebyun.com.cn/live/fengningzonghe/1500k/tzwj_video.m3u8
丰宁娱乐频道,https://jwcdnqx.hebyun.com.cn/live/fengningyulepindao/1500k/tzwj_video.m3u8
隆化综合频道,http://play-a2.quklive.com/live/1665982268869106.m3u8
山东教育卫视,http://120.87.19.109:80/PLTV/88888973/224/3221225760/10000100000000060000000000336017_0.smil/01.m3u8?fmt=ts2hls,244,01.m3u8&accountinfo=UoQbCSdhOfs+Fhzpjb+WON1faRQ9pU15SBx6EULzJM/q63EjPL5/UXSVfEKzDq3xI2a+0jNNPGEgjm5kZK/qSQWZ1F4+6A1eDkDeh5XZlpvpn23wIF+ldb6dnBPa8zHj,END&tenantId=8601
东方卫视高清,http://120.87.19.109:80/PLTV/88888973/224/3221225707/10000100000000060000000000334659_0.smil/01.m3u8?fmt=ts2hls,244,01.m3u8&accountinfo=UoQbCSdhOfs+Fhzpjb+WON1faRQ9pU15SBx6EULzJM/q63EjPL5/UXSVfEKzDq3xQJ7WqJgfFfHk2jodTVMrwQWZ1F4+6A1eDkDeh5XZlpvpn23wIF+ldb6dnBPa8zHj,END&tenantId=8601
深圳卫视高清,http://120.87.19.109:80/PLTV/88888973/224/3221225708/10000100000000060000000000334657_0.smil/01.m3u8?fmt=ts2hls,244,01.m3u8&accountinfo=UoQbCSdhOfs+Fhzpjb+WON1faRQ9pU15SBx6EULzJM/q63EjPL5/UXSVfEKzDq3xZox2lUBTeY7VmKWJJTAIBAWZ1F4+6A1eDkDeh5XZlpvpn23wIF+ldb6dnBPa8zHj,END&tenantId=8601
江苏卫视高清,http://120.87.19.109:80/PLTV/88888973/224/3221225710/10000100000000060000000000334652_0.smil/01.m3u8?fmt=ts2hls,244,01.m3u8&accountinfo=UoQbCSdhOfs+Fhzpjb+WON1faRQ9pU15SBx6EULzJM/q63EjPL5/UXSVfEKzDq3x/DExMS+T0x2vFDjtB1tUqwWZ1F4+6A1eDkDeh5XZlpvpn23wIF+ldb6dnBPa8zHj,END&tenantId=8601
浙江卫视高清,http://120.87.19.109:80/PLTV/88888973/224/3221225713/10000100000000060000000000334649_0.smil/01.m3u8?fmt=ts2hls,244,01.m3u8&accountinfo=UoQbCSdhOfs+Fhzpjb+WON1faRQ9pU15SBx6EULzJM/q63EjPL5/UXSVfEKzDq3xSfxiAMTTPW0lA7dr5bVLyAWZ1F4+6A1eDkDeh5XZlpvpn23wIF+ldb6dnBPa8zHj,END&tenantId=8601
湖北卫视高清,http://120.87.19.109:80/PLTV/88888973/224/3221225714/10000100000000060000000000334648_0.smil/01.m3u8?fmt=ts2hls,244,01.m3u8&accountinfo=UoQbCSdhOfs+Fhzpjb+WON1faRQ9pU15SBx6EULzJM/q63EjPL5/UXSVfEKzDq3xzoMYcTd1NSYwHJ60F4mN/gWZ1F4+6A1eDkDeh5XZlpvpn23wIF+ldb6dnBPa8zHj,END&tenantId=8601
黑龙江卫视高清,http://120.87.19.109:80/PLTV/88888973/224/3221225711/10000100000000060000000000334653_0.smil/01.m3u8?fmt=ts2hls,244,01.m3u8&accountinfo=UoQbCSdhOfs+Fhzpjb+WON1faRQ9pU15SBx6EULzJM/q63EjPL5/UXSVfEKzDq3xyMbLcpI50fW/ERH0T+pCnQWZ1F4+6A1eDkDeh5XZlpvpn23wIF+ldb6dnBPa8zHj,END&tenantId=8601
辽宁卫视高清,http://120.87.19.109:80/PLTV/88888973/224/3221225709/10000100000000060000000000334654_0.smil/01.m3u8?fmt=ts2hls,244,01.m3u8&accountinfo=UoQbCSdhOfs+Fhzpjb+WON1faRQ9pU15SBx6EULzJM/q63EjPL5/UXSVfEKzDq3xri7iW8TM4FqVhgIlqxiXkAWZ1F4+6A1eDkDeh5XZlpvpn23wIF+ldb6dnBPa8zHj,END&tenantId=8601
吉林卫视高清,http://120.87.19.109:80/PLTV/88888973/224/3221226623/10000100000000060000000001621397_0.smil/01.m3u8?fmt=ts2hls,244,01.m3u8&accountinfo=UoQbCSdhOfs+Fhzpjb+WON1faRQ9pU15SBx6EULzJM/q63EjPL5/UXSVfEKzDq3xmY0JBD7ritgOQDJs8dIlVwWZ1F4+6A1eDkDeh5XZlpvpn23wIF+ldb6dnBPa8zHj,END&tenantId=8601
天津卫视高清,http://120.87.19.109:80/PLTV/88888973/224/3221225715/10000100000000060000000000334647_0.smil/01.m3u8?fmt=ts2hls,244,01.m3u8&accountinfo=UoQbCSdhOfs+Fhzpjb+WON1faRQ9pU15SBx6EULzJM/q63EjPL5/UXSVfEKzDq3xR3MULzW4pupEFSBkcD3zzAWZ1F4+6A1eDkDeh5XZlpvpn23wIF+ldb6dnBPa8zHj,END&tenantId=8601
河北卫视高清,http://120.87.19.109:80/PLTV/88888973/224/3221226622/10000100000000060000000001621395_0.smil/01.m3u8?fmt=ts2hls,244,01.m3u8&accountinfo=UoQbCSdhOfs+Fhzpjb+WON1faRQ9pU15SBx6EULzJM/q63EjPL5/UXSVfEKzDq3xh3aXm/MoQR7jifa79e4rnAWZ1F4+6A1eDkDeh5XZlpvpn23wIF+ldb6dnBPa8zHj,END&tenantId=8601
河南卫视高清,http://120.87.19.109:80/PLTV/88888973/224/3221226672/10000100000000060000000002070295_0.smil/01.m3u8?fmt=ts2hls,244,01.m3u8&accountinfo=UoQbCSdhOfs+Fhzpjb+WON1faRQ9pU15SBx6EULzJM/q63EjPL5/UXSVfEKzDq3xdmQFXYaZYF8xoq5abpqZcAWZ1F4+6A1eDkDeh5XZlpvpn23wIF+ldb6dnBPa8zHj,END&tenantId=8601
安徽卫视高清,http://120.87.19.109:80/PLTV/88888973/224/3221225759/10000100000000060000000000335582_0.smil/01.m3u8?fmt=ts2hls,244,01.m3u8&accountinfo=UoQbCSdhOfs+Fhzpjb+WON1faRQ9pU15SBx6EULzJM/q63EjPL5/UXSVfEKzDq3xYIMzCly3CKwvk2VVjUQWtgWZ1F4+6A1eDkDeh5XZlpvpn23wIF+ldb6dnBPa8zHj,END&tenantId=8601
山东卫视高清,http://120.87.19.109:80/PLTV/88888973/224/3221225758/10000100000000060000000000334623_0.smil/01.m3u8?fmt=ts2hls,244,01.m3u8&accountinfo=UoQbCSdhOfs+Fhzpjb+WON1faRQ9pU15SBx6EULzJM/q63EjPL5/UXSVfEKzDq3xc0g8qb26m/B5LC+MPknpTwWZ1F4+6A1eDkDeh5XZlpvpn23wIF+ldb6dnBPa8zHj,END&tenantId=8601
青海卫视高清,http://120.87.19.109:80/PLTV/88888973/224/3221226646/10000100000000060000000002016680_0.smil/01.m3u8?fmt=ts2hls,244,01.m3u8&accountinfo=UoQbCSdhOfs+Fhzpjb+WON1faRQ9pU15SBx6EULzJM/q63EjPL5/UXSVfEKzDq3xk45W7ZlhhBWZgDlcayXdkQWZ1F4+6A1eDkDeh5XZlpvpn23wIF+ldb6dnBPa8zHj,END&tenantId=8601
重庆卫视高清,http://120.87.19.109:80/PLTV/88888973/224/3221225757/10000100000000060000000000334621_0.smil/01.m3u8?fmt=ts2hls,244,01.m3u8&accountinfo=UoQbCSdhOfs+Fhzpjb+WON1faRQ9pU15SBx6EULzJM/q63EjPL5/UXSVfEKzDq3x1K8cdyBFgkIqO+PYXMTCFgWZ1F4+6A1eDkDeh5XZlpvpn23wIF+ldb6dnBPa8zHj,END&tenantId=8601
贵州卫视高清,http://120.87.19.109:80/PLTV/88888973/224/3221226123/10000100000000060000000001056887_0.smil/01.m3u8?fmt=ts2hls,244,01.m3u8&accountinfo=UoQbCSdhOfs+Fhzpjb+WON1faRQ9pU15SBx6EULzJM/q63EjPL5/UXSVfEKzDq3x4WIasRb1QkepmYXgLRVmUgWZ1F4+6A1eDkDeh5XZlpvpn23wIF+ldb6dnBPa8zHj,END&tenantId=8601
广西卫视高清,http://120.87.19.109:80/PLTV/88888973/224/3221226355/10000100000000060000000001481217_0.smil/01.m3u8?fmt=ts2hls,244,01.m3u8&accountinfo=UoQbCSdhOfs+Fhzpjb+WON1faRQ9pU15SBx6EULzJM/q63EjPL5/UXSVfEKzDq3xEVPi1oYRiQCfdkbphB8r9gWZ1F4+6A1eDkDeh5XZlpvpn23wIF+ldb6dnBPa8zHj,END&tenantId=8601
云南卫视高清,http://120.87.19.109:80/PLTV/88888973/224/3221226650/10000100000000060000000002070296_0.smil/01.m3u8?fmt=ts2hls,244,01.m3u8&accountinfo=UoQbCSdhOfs+Fhzpjb+WON1faRQ9pU15SBx6EULzJM/q63EjPL5/UXSVfEKzDq3xIxhKhtK+osCA8/Qh6Ux52gWZ1F4+6A1eDkDeh5XZlpvpn23wIF+ldb6dnBPa8zHj,END&tenantId=8601
江西卫视高清,http://120.87.19.109:80/PLTV/88888973/224/3221226626/10000100000000060000000001621396_0.smil/01.m3u8?fmt=ts2hls,244,01.m3u8&accountinfo=UoQbCSdhOfs+Fhzpjb+WON1faRQ9pU15SBx6EULzJM/q63EjPL5/UXSVfEKzDq3xT2Y1TYDMKm/qeSvE9W1eEAWZ1F4+6A1eDkDeh5XZlpvpn23wIF+ldb6dnBPa8zHj,END&tenantId=8601
东南卫视高清,http://120.87.19.109:80/PLTV/88888973/224/3221226636/10000100000000060000000001621393_0.smil/01.m3u8?fmt=ts2hls,244,01.m3u8&accountinfo=UoQbCSdhOfs+Fhzpjb+WON1faRQ9pU15SBx6EULzJM/q63EjPL5/UXSVfEKzDq3xFiVQtIRtOTrzIXeaaD8hZQWZ1F4+6A1eDkDeh5XZlpvpn23wIF+ldb6dnBPa8zHj,END&tenantId=8601
甘肃卫视高清,http://120.87.19.109:80/PLTV/88888973/224/3221226656/10000100000000060000000002070300_0.smil/01.m3u8?fmt=ts2hls,244,01.m3u8&accountinfo=UoQbCSdhOfs+Fhzpjb+WON1faRQ9pU15SBx6EULzJM/q63EjPL5/UXSVfEKzDq3xOGbrDoe2uwI0aAGEz9PeWQWZ1F4+6A1eDkDeh5XZlpvpn23wIF+ldb6dnBPa8zHj,END&tenantId=8601
海南卫视高清,http://120.87.19.109:80/PLTV/88888973/224/3221226653/10000100000000060000000002070297_0.smil/01.m3u8?fmt=ts2hls,244,01.m3u8&accountinfo=UoQbCSdhOfs+Fhzpjb+WON1faRQ9pU15SBx6EULzJM/q63EjPL5/UXSVfEKzDq3xLjLEiJUZRdOsRCrgErEaaQWZ1F4+6A1eDkDeh5XZlpvpn23wIF+ldb6dnBPa8zHj,END&tenantId=8601
三沙卫视高清,http://120.87.19.109:80/PLTV/88888973/224/3221226641/10000100000000060000000002048493_0.smil/01.m3u8?fmt=ts2hls,244,01.m3u8&accountinfo=UoQbCSdhOfs+Fhzpjb+WON1faRQ9pU15SBx6EULzJM/q63EjPL5/UXSVfEKzDq3xPd+hGcad9w4t/gctIKGSlQWZ1F4+6A1eDkDeh5XZlpvpn23wIF+ldb6dnBPa8zHj,END&tenantId=8601
广东新闻,http://120.87.19.109:80/PLTV/88888973/224/3221225719/10000100000000060000000000334142_0.smil/01.m3u8?fmt=ts2hls,244,01.m3u8&accountinfo=UoQbCSdhOfs+Fhzpjb+WON1faRQ9pU15SBx6EULzJM/q63EjPL5/UXSVfEKzDq3xIxuG/ppvtsqNE5wJr63vnQWZ1F4+6A1eDkDeh5XZlpvpn23wIF+ldb6dnBPa8zHj,END&tenantId=8601
广东民生,http://120.87.19.109:80/PLTV/88888973/224/3221225720/10000100000000060000000000334144_0.smil/01.m3u8?fmt=ts2hls,244,01.m3u8&accountinfo=UoQbCSdhOfs+Fhzpjb+WON1faRQ9pU15SBx6EULzJM/q63EjPL5/UXSVfEKzDq3x4W8LfloN3W92DrvXeW/EDwWZ1F4+6A1eDkDeh5XZlpvpn23wIF+ldb6dnBPa8zHj,END&tenantId=8601
广东经济科教,http://120.87.19.109:80/PLTV/88888973/224/3221225723/10000100000000060000000000334156_0.smil/01.m3u8?fmt=ts2hls,244,01.m3u8&accountinfo=UoQbCSdhOfs+Fhzpjb+WON1faRQ9pU15SBx6EULzJM/q63EjPL5/UXSVfEKzDq3xjwtnHiLrWwKTr42HX8EnVQWZ1F4+6A1eDkDeh5XZlpvpn23wIF+ldb6dnBPa8zHj,END&tenantId=8601
大湾区卫视,http://120.87.19.109:80/PLTV/88888973/224/3221225724/10000100000000060000000000334167_0.smil/01.m3u8?fmt=ts2hls,244,01.m3u8&accountinfo=UoQbCSdhOfs+Fhzpjb+WON1faRQ9pU15SBx6EULzJM/q63EjPL5/UXSVfEKzDq3xKE/QJmC5tLTx8nicRIKEGgWZ1F4+6A1eDkDeh5XZlpvpn23wIF+ldb6dnBPa8zHj,END&tenantId=8601
广东影视,http://120.87.19.109:80/PLTV/88888973/224/3221225726/10000100000000060000000000334170_0.smil/01.m3u8?fmt=ts2hls,244,01.m3u8&accountinfo=UoQbCSdhOfs+Fhzpjb+WON1faRQ9pU15SBx6EULzJM/q63EjPL5/UXSVfEKzDq3x9PptoWdtySh7Tt1DQw3DGgWZ1F4+6A1eDkDeh5XZlpvpn23wIF+ldb6dnBPa8zHj,END&tenantId=8601
广东少儿,http://120.87.19.109:80/PLTV/88888973/224/3221225727/10000100000000060000000000334183_0.smil/01.m3u8?fmt=ts2hls,244,01.m3u8&accountinfo=UoQbCSdhOfs+Fhzpjb+WON1faRQ9pU15SBx6EULzJM/q63EjPL5/UXSVfEKzDq3xMUv/gTuI5DDcfzACpClQ3gWZ1F4+6A1eDkDeh5XZlpvpn23wIF+ldb6dnBPa8zHj,END&tenantId=8601
滦平新闻频道,http://jwplay.hebyun.com.cn/live/LPTV001/1500k/tzwj_video.m3u8
平泉综合频道,https://jwliveqxzb.hebyun.com.cn/pqzh/pqzh.m3u8
平泉综合频道,https://jwcdnqx.hebyun.com.cn/live/pqzh/1500k/tzwj_video.m3u8
平泉影视频道,https://jwliveqxzb.hebyun.com.cn/pqys/pqys.m3u8
平泉影视频道,https://jwcdnqx.hebyun.com.cn/live/pqys/1500k/tzwj_video.m3u8
双滦新闻频道,https://jwcdnqx.hebyun.com.cn/live/slxw/1500k/tzwj_video.m3u8
双滦影视频道,https://jwcdnqx.hebyun.com.cn/live/slys/1500k/tzwj_video.m3u8
围场综合频道,https://jwcdnqx.hebyun.com.cn/live/wczhpd/1500k/tzwj_video.m3u8
兴隆综合频道,https://jwcdnqx.hebyun.com.cn/live/xlzh/1500k/tzwj_video.m3u8
黑龙江文体,https://idclive.hljtv.com:4430/live/hljwy_hd.m3u8
黑龙江文体,http://38.75.136.137:82/live1/jdtv2.m3u8?id=hljwy&usign=tnO5JvE7EOUNT8al6DLMiw
黑龙江文体,http://38.75.136.137:82/live1/jdtv2.m3u8?id=hljwy&usign=tnO5JvE7EOUNT8al6DLMiw
黑龙江新闻法治,https://idclive.hljtv.com:4430/live/hljxw_hd.m3u8
黑龙江新闻法治,http://38.75.136.137:82/live1/jdtv2.m3u8?id=hljxw&usign=tnO5JvE7EOUNT8al6DLMiw
黑龙江新闻法治,http://38.75.136.137:82/live1/jdtv2.m3u8?id=hljxw&usign=tnO5JvE7EOUNT8al6DLMiw
黑龙江农业科教,https://idclive.hljtv.com:4430/live/hljgg_hd.m3u8
黑龙江农业科教,http://38.75.136.137:82/live1/jdtv2.m3u8?id=hljgg&usign=tnO5JvE7EOUNT8al6DLMiw
黑龙江农业科教,http://38.75.136.137:82/live1/jdtv2.m3u8?id=hljgg&usign=tnO5JvE7EOUNT8al6DLMiw
黑龙江影视,https://idclive.hljtv.com:4430/live/hljys_hd.m3u8
黑龙江影视,http://38.75.136.137:82/live1/jdtv2.m3u8?id=hljys&usign=tnO5JvE7EOUNT8al6DLMiw
黑龙江影视,http://38.75.136.137:82/live1/jdtv2.m3u8?id=hljys&usign=tnO5JvE7EOUNT8al6DLMiw
黑龙江都市,https://idclive.hljtv.com:4430/live/dushi_hd.m3u8
黑龙江都市,http://38.75.136.137:82/live1/jdtv2.m3u8?id=hljds&usign=tnO5JvE7EOUNT8al6DLMiw
黑龙江都市,http://38.75.136.137:82/live1/jdtv2.m3u8?id=hljds&usign=tnO5JvE7EOUNT8al6DLMiw
黑龙江少儿,https://idclive.hljtv.com:4430/live/hljse_hd.m3u8
黑龙江少儿,http://38.75.136.137:82/live1/jdtv2.m3u8?id=hljse&usign=tnO5JvE7EOUNT8al6DLMiw
黑龙江少儿,http://38.75.136.137:82/live1/jdtv2.m3u8?id=hljse&usign=tnO5JvE7EOUNT8al6DLMiw
哈尔滨新闻综合,https://rmplive.hljtv.com/live/haerbin.m3u8
哈尔滨新闻综合,http://stream.hrbtv.net/xwzh/sd/live.m3u8
哈尔滨新闻综合,https://masterpull.hljtv.com/live/sPvVy8Ju.m3u8
哈尔滨新闻综合,rtmp://masterpull.hljtv.com/live/sPvVy8Ju
哈尔滨新闻综合,http://38.75.136.137:82/live1/jdtv2.m3u8?id=hljheb1&usign=tnO5JvE7EOUNT8al6DLMiw
哈尔滨新闻综合,http://38.75.136.137:82/live1/jdtv2.m3u8?id=hljheb1&usign=tnO5JvE7EOUNT8al6DLMiw
哈尔滨影视,http://stream.hrbtv.net/yspd/sd/live.m3u8
哈尔滨影视,http://38.75.136.137:82/live1/jdtv2.m3u8?id=hljheb2&usign=tnO5JvE7EOUNT8al6DLMiw
哈尔滨影视,http://38.75.136.137:82/live1/jdtv2.m3u8?id=hljheb2&usign=tnO5JvE7EOUNT8al6DLMiw
哈尔滨生活,http://stream.hrbtv.net/shpd/sd/live.m3u8
大庆新闻综合,https://rmplive.hljtv.com/live/daqing.m3u8
大庆新闻综合,https://masterpull.hljtv.com/live/4WdrZLCq.m3u8
大庆新闻综合,rtmp://masterpull.hljtv.com/live/4WdrZLCq
绥化综合,https://liveplaysr.dbw.cn/lsdream/amzPoBP/1000/live.m3u8
绥化综合,https://rmplive.hljtv.com/live/suihua.m3u8
绥化综合,https://masterpull.hljtv.com/live/v4o2g1hs.m3u8
绥化综合,rtmp://masterpull.hljtv.com/live/v4o2g1hs
齐齐哈尔新闻综合,https://rmplive.hljtv.com/live/qiqihaer.m3u8
齐齐哈尔新闻综合,http://38.75.136.137:82/live1/hljqtv.m3u8?id=hljqtv1&usign=tnO5JvE7EOUNT8al6DLMiw
齐齐哈尔新闻综合,https://masterpull.hljtv.com/live/dUi8b96l.m3u8
齐齐哈尔新闻综合,rtmp://masterpull.hljtv.com/live/dUi8b96l
齐齐哈尔新闻综合,http://38.75.136.137:82/live1/jdtv2.m3u8?id=hljqtv1&usign=tnO5JvE7EOUNT8al6DLMiw
齐齐哈尔新闻综合,http://38.75.136.137:82/live1/jdtv2.m3u8?id=hljqtv1&usign=tnO5JvE7EOUNT8al6DLMiw
齐齐哈尔经济法治,http://38.75.136.137:82/live1/hljqtv.m3u8?id=hljqtv2&usign=tnO5JvE7EOUNT8al6DLMiw
嘉佳卡通,http://120.87.19.109:80/PLTV/88888973/224/3221225728/10000100000000060000000000334188_0.smil/01.m3u8?fmt=ts2hls,244,01.m3u8&accountinfo=UoQbCSdhOfs+Fhzpjb+WON1faRQ9pU15SBx6EULzJM/q63EjPL5/UXSVfEKzDq3xQYxx5eRGMSiVTVhMpRIw9AWZ1F4+6A1eDkDeh5XZlpvpn23wIF+ldb6dnBPa8zHj,END&tenantId=8601
岭南戏曲,http://120.87.19.109:80/PLTV/88888973/224/3221225731/10000100000000060000000000334250_0.smil/01.m3u8?fmt=ts2hls,244,01.m3u8&accountinfo=UoQbCSdhOfs+Fhzpjb+WON1faRQ9pU15SBx6EULzJM/q63EjPL5/UXSVfEKzDq3xmmeDWF2PSMyW4YiHUTcbqwWZ1F4+6A1eDkDeh5XZlpvpn23wIF+ldb6dnBPa8zHj,END&tenantId=8601
现代教育,http://120.87.19.109:80/PLTV/88888973/224/3221225733/10000100000000060000000000334513_0.smil/01.m3u8?fmt=ts2hls,244,01.m3u8&accountinfo=UoQbCSdhOfs+Fhzpjb+WON1faRQ9pU15SBx6EULzJM/q63EjPL5/UXSVfEKzDq3xYBA53ZUw8cnNtR6tkC1LvwWZ1F4+6A1eDkDeh5XZlpvpn23wIF+ldb6dnBPa8zHj,END&tenantId=8601
广东移动,http://120.87.19.109:80/PLTV/88888973/224/3221225735/10000100000000060000000000334521_0.smil/01.m3u8?fmt=ts2hls,244,01.m3u8&accountinfo=UoQbCSdhOfs+Fhzpjb+WON1faRQ9pU15SBx6EULzJM/q63EjPL5/UXSVfEKzDq3xac2Tz1LbawS0nQTUx5xlhgWZ1F4+6A1eDkDeh5XZlpvpn23wIF+ldb6dnBPa8zHj,END&tenantId=8601
广东卫视高清,http://120.87.19.109:80/PLTV/88888973/224/3221225770/10000100000000060000000000337082_0.smil/01.m3u8?fmt=ts2hls,244,01.m3u8&accountinfo=UoQbCSdhOfs+Fhzpjb+WON1faRQ9pU15SBx6EULzJM/q63EjPL5/UXSVfEKzDq3xmdVsOJ5vPz+PW+osJJWsyAWZ1F4+6A1eDkDeh5XZlpvpn23wIF+ldb6dnBPa8zHj,END&tenantId=8601
广东体育高清,http://120.87.19.109:80/PLTV/88888973/224/3221225750/10000100000000060000000000334588_0.smil/01.m3u8?fmt=ts2hls,244,01.m3u8&accountinfo=UoQbCSdhOfs+Fhzpjb+WON1faRQ9pU15SBx6EULzJM/q63EjPL5/UXSVfEKzDq3xxwqT5CsuIcla/KR82wV4KQWZ1F4+6A1eDkDeh5XZlpvpn23wIF+ldb6dnBPa8zHj,END&tenantId=8601
广东新闻高清,http://120.87.19.109:80/PLTV/88888973/224/3221226655/10000100000000060000000002048492_0.smil/01.m3u8?fmt=ts2hls,244,01.m3u8&accountinfo=UoQbCSdhOfs+Fhzpjb+WON1faRQ9pU15SBx6EULzJM/q63EjPL5/UXSVfEKzDq3xB0xoYt5pz45xkfYvfDE3rwWZ1F4+6A1eDkDeh5XZlpvpn23wIF+ldb6dnBPa8zHj,END&tenantId=8601
广东民生高清,http://120.87.19.109:80/PLTV/88888973/224/3221226660/10000100000000060000000002048488_0.smil/01.m3u8?fmt=ts2hls,244,01.m3u8&accountinfo=UoQbCSdhOfs+Fhzpjb+WON1faRQ9pU15SBx6EULzJM/q63EjPL5/UXSVfEKzDq3xS6R0N8Xi13xk2HtVd54LmAWZ1F4+6A1eDkDeh5XZlpvpn23wIF+ldb6dnBPa8zHj,END&tenantId=8601
广东经济科教高清,http://120.87.19.109:80/PLTV/88888973/224/3221225752/10000100000000060000000000334591_0.smil/01.m3u8?fmt=ts2hls,244,01.m3u8&accountinfo=UoQbCSdhOfs+Fhzpjb+WON1faRQ9pU15SBx6EULzJM/q63EjPL5/UXSVfEKzDq3xcGM7RQD7j1W6DvGC0EEQngWZ1F4+6A1eDkDeh5XZlpvpn23wIF+ldb6dnBPa8zHj,END&tenantId=8601
大湾区卫视高清,http://120.87.19.109:80/PLTV/88888973/224/3221226652/10000100000000060000000002048490_0.smil/01.m3u8?fmt=ts2hls,244,01.m3u8&accountinfo=UoQbCSdhOfs+Fhzpjb+WON1faRQ9pU15SBx6EULzJM/q63EjPL5/UXSVfEKzDq3xMHW1tjwnl0hJmHSj2CHsoQWZ1F4+6A1eDkDeh5XZlpvpn23wIF+ldb6dnBPa8zHj,END&tenantId=8601
广东影视高清,http://120.87.19.109:80/PLTV/88888973/224/3221226658/10000100000000060000000002070277_0.smil/01.m3u8?fmt=ts2hls,244,01.m3u8&accountinfo=UoQbCSdhOfs+Fhzpjb+WON1faRQ9pU15SBx6EULzJM/q63EjPL5/UXSVfEKzDq3xGHmzTU27SCJZuHDcRXMrfwWZ1F4+6A1eDkDeh5XZlpvpn23wIF+ldb6dnBPa8zHj,END&tenantId=8601
广东少儿高清,http://120.87.19.109:80/PLTV/88888973/224/3221226666/10000100000000060000000002048491_0.smil/01.m3u8?fmt=ts2hls,244,01.m3u8&accountinfo=UoQbCSdhOfs+Fhzpjb+WON1faRQ9pU15SBx6EULzJM/q63EjPL5/UXSVfEKzDq3xXqlf5E/eFhCs5YS6r02m6AWZ1F4+6A1eDkDeh5XZlpvpn23wIF+ldb6dnBPa8zHj,END&tenantId=8601
嘉佳卡通高清,http://120.87.19.109:80/PLTV/88888973/224/3221226663/10000100000000060000000002048489_0.smil/01.m3u8?fmt=ts2hls,244,01.m3u8&accountinfo=UoQbCSdhOfs+Fhzpjb+WON1faRQ9pU15SBx6EULzJM/q63EjPL5/UXSVfEKzDq3xPnp1olV2OTiF3IkQRu01qgWZ1F4+6A1eDkDeh5XZlpvpn23wIF+ldb6dnBPa8zHj,END&tenantId=8601
现代教育高清,http://120.87.19.109:80/PLTV/88888973/224/3221226659/10000100000000060000000002087529_0.smil/01.m3u8?fmt=ts2hls,244,01.m3u8&accountinfo=UoQbCSdhOfs+Fhzpjb+WON1faRQ9pU15SBx6EULzJM/q63EjPL5/UXSVfEKzDq3x4ueQPqp0KboFFSNLhSLVlAWZ1F4+6A1eDkDeh5XZlpvpn23wIF+ldb6dnBPa8zHj,END&tenantId=8601
岭南戏曲高清,http://120.87.19.109:80/PLTV/88888973/224/3221226678/10000100000000060000000002086628_0.smil/01.m3u8?fmt=ts2hls,244,01.m3u8&accountinfo=UoQbCSdhOfs+Fhzpjb+WON1faRQ9pU15SBx6EULzJM/q63EjPL5/UXSVfEKzDq3xUQkHaoWNm+LvsLZFKUiXBwWZ1F4+6A1eDkDeh5XZlpvpn23wIF+ldb6dnBPa8zHj,END&tenantId=8601
南方购物高清,http://120.87.19.109:80/PLTV/88888973/224/3221225729/10000100000000060000000000334202_0.smil/01.m3u8?fmt=ts2hls,244,01.m3u8&accountinfo=UoQbCSdhOfs+Fhzpjb+WON1faRQ9pU15SBx6EULzJM/q63EjPL5/UXSVfEKzDq3xH9Jpu3L3z3i+iievwbHtSwWZ1F4+6A1eDkDeh5XZlpvpn23wIF+ldb6dnBPa8zHj,END&tenantId=8601
佛山综合,http://120.87.19.109:80/PLTV/88888973/224/3221226668/10000100000000060000000002162264_0.smil/01.m3u8?fmt=ts2hls,244,01.m3u8&accountinfo=UoQbCSdhOfs+Fhzpjb+WON1faRQ9pU15SBx6EULzJM/q63EjPL5/UXSVfEKzDq3xhmE6pZfEV4YPwVKb17C5HQWZ1F4+6A1eDkDeh5XZlpvpn23wIF+ldb6dnBPa8zHj,END&tenantId=8601
佛山城市生活,http://120.87.19.109:80/PLTV/88888973/224/3221226674/10000100000000060000000002162257_0.smil/01.m3u8?fmt=ts2hls,244,01.m3u8&accountinfo=UoQbCSdhOfs+Fhzpjb+WON1faRQ9pU15SBx6EULzJM/q63EjPL5/UXSVfEKzDq3xR4Hgn6H7YTzGhQnkp+jIuAWZ1F4+6A1eDkDeh5XZlpvpn23wIF+ldb6dnBPa8zHj,END&tenantId=8601
顺德频道,http://120.87.19.109:80/PLTV/88888973/224/3221226671/10000100000000060000000002162262_0.smil/01.m3u8?fmt=ts2hls,244,01.m3u8&accountinfo=UoQbCSdhOfs+Fhzpjb+WON1faRQ9pU15SBx6EULzJM/q63EjPL5/UXSVfEKzDq3x3ln3Y+VpW9CBwil/8c5p1wWZ1F4+6A1eDkDeh5XZlpvpn23wIF+ldb6dnBPa8zHj,END&tenantId=8601
南海频道,http://120.87.19.109:80/PLTV/88888973/224/3221226687/10000100000000060000000002162261_0.smil/01.m3u8?fmt=ts2hls,244,01.m3u8&accountinfo=UoQbCSdhOfs+Fhzpjb+WON1faRQ9pU15SBx6EULzJM/q63EjPL5/UXSVfEKzDq3xJ21SRMCn8pjhXp4fHukMzAWZ1F4+6A1eDkDeh5XZlpvpn23wIF+ldb6dnBPa8zHj,END&tenantId=8601
南海频道,http://120.87.19.109:80/PLTV/88888973/224/3221226677/10000100000000060000000002331997_0.smil/01.m3u8?fmt=ts2hls,244,01.m3u8&accountinfo=UoQbCSdhOfs+Fhzpjb+WON1faRQ9pU15SBx6EULzJM/q63EjPL5/UXSVfEKzDq3xjSh3WlL7nEScMtckLUAiWwWZ1F4+6A1eDkDeh5XZlpvpn23wIF+ldb6dnBPa8zHj,END&tenantId=8601
中山综合,http://120.87.19.109:80/PLTV/88888973/224/3221226358/10000100000000060000000001483642_0.smil/01.m3u8?fmt=ts2hls,244,01.m3u8&accountinfo=UoQbCSdhOfs+Fhzpjb+WON1faRQ9pU15SBx6EULzJM/q63EjPL5/UXSVfEKzDq3xghbfSvuOBNxo+cbfbI6ZkwWZ1F4+6A1eDkDeh5XZlpvpn23wIF+ldb6dnBPa8zHj,END&tenantId=8601
河源生活,http://120.87.19.109:80/PLTV/88888973/224/3221226605/10000100000000060000000001565708_0.smil/01.m3u8?fmt=ts2hls,244,01.m3u8&accountinfo=UoQbCSdhOfs+Fhzpjb+WON1faRQ9pU15SBx6EULzJM/q63EjPL5/UXSVfEKzDq3xrakgNzbBuZb9vE9HF2GwxwWZ1F4+6A1eDkDeh5XZlpvpn23wIF+ldb6dnBPa8zHj,END&tenantId=8601
广东4K超高清,http://120.87.19.109:80/PLTV/88888973/224/3221226174/10000100000000060000000001154677_0.smil/01.m3u8?fmt=ts2hls,244,01.m3u8&accountinfo=UoQbCSdhOfs+Fhzpjb+WON1faRQ9pU15SBx6EULzJM/q63EjPL5/UXSVfEKzDq3x4UkbXKcapLOgFYJqWYNSGwWZ1F4+6A1eDkDeh5XZlpvpn23wIF+ldb6dnBPa8zHj,END&tenantId=8601
广东卫视4K超高清,http://120.87.19.109:80/PLTV/88888973/224/3221226699/371163697.smil/01.m3u8?fmt=ts2hls,244,01.m3u8&accountinfo=BAu/5zTaVrkoGICQ1wEADqMjYPEYXfbq2K4J1dawqo/m9ZdRmhvNMrOvsUD5pWqRN1tthQ66pBQpydKlEh9MxQ0BBxWMug8wEMJJkioKXVWTPfznWbMXUWJ+TPvJfJCC,END&tenantId=8601
深圳卫视4K超高清,http://120.87.19.109:80/PLTV/88888973/224/3221226683/371164180.smil/01.m3u8?fmt=ts2hls,244,01.m3u8&accountinfo=BAu/5zTaVrkoGICQ1wEADu6V6NhLgGOptRgdVhrCQe7m9ZdRmhvNMrOvsUD5pWqRagl35Cq2uM1J4ThcF3xx0gH/EWyiXZ+X9W27D2TV7vWTPfznWbMXUWJ+TPvJfJCC,END&tenantId=8601
央视文件精品,http://120.87.4.28:80/PLTV/88888973/224/3221226630/10000100000000060000000001611768_0.smil/01.m3u8?fmt=ts2hls,1666,01.m3u8,0,8595,0,0&accountinfo=7P9%2FPZjGeZIv%2BPttGdhw9SUy2v3weVxkOFl4CStfwsmewrvbU%2BvTaJ7Lkzv1z4jOn%2B0dkbQrULk4SIIAa2yxwgWZ1F4%2B6A1eDkDeh5XZlpvpn23wIF%2Bldb6dnBPa8zHj%2CEND&GuardEncType=2&tenantId=8601
齐齐哈尔经济法治,http://38.75.136.137:82/live1/jdtv2.m3u8?id=hljqtv2&usign=tnO5JvE7EOUNT8al6DLMiw
齐齐哈尔经济法治,http://38.75.136.137:82/live1/jdtv2.m3u8?id=hljqtv2&usign=tnO5JvE7EOUNT8al6DLMiw
伊春综合频道,https://liveplaysr.dbw.cn/lsdream/pkHc359/2000/live.m3u8
伊春综合频道,https://rmplive.hljtv.com/live/yichun.m3u8
伊春综合频道,https://masterpull.hljtv.com/live/vQtnS3vX.m3u8
伊春综合频道,rtmp://masterpull.hljtv.com/live/vQtnS3vX
伊春绿色林都,https://liveplaysr.dbw.cn/lsdream/6i4bn74/2000/live.m3u8
牡丹江新闻综合,https://masterpull.hljtv.com/live/newLqQS9Lcp.m3u8
牡丹江新闻综合,rtmp://masterpull.hljtv.com/live/newLqQS9Lcp
牡丹江新闻综合,http://38.75.136.137:82/live1/jdtv2.m3u8?id=hljmdj1&usign=tnO5JvE7EOUNT8al6DLMiw
牡丹江新闻综合,http://38.75.136.137:82/live1/jdtv2.m3u8?id=hljmdj1&usign=tnO5JvE7EOUNT8al6DLMiw
双鸭山综合,https://masterpull.hljtv.com/live/BowdCSzZ.m3u8
双鸭山综合,rtmp://masterpull.hljtv.com/live/BowdCSzZ
鹤岗新闻综合,https://rmplive.hljtv.com/live/hegang.m3u8
鹤岗新闻综合,https://masterpull.hljtv.com/live/rApKWXbX.m3u8
鹤岗新闻综合,http://218.10.43.24:81/live/157ba509813644ea400e7c552b934d93/high/live.m3u8
鹤岗新闻综合,rtmp://218.10.43.24/live/157ba509813644ea400e7c552b934d93_high
鹤岗新闻综合,rtmp://masterpull.hljtv.com/live/rApKWXbX
七台河新闻综合,https://rmplive.hljtv.com/live/qitaihe.m3u8
七台河新闻综合,http://live.qthnews.org.cn:1935/live/live1/800k/tzwj_video.m3u8
七台河新闻综合,https://masterpull.hljtv.com/live/9FZ7k2XF.m3u8
七台河新闻综合,rtmp://masterpull.hljtv.com/live/9FZ7k2XF
七台河民生社教,http://live.qthnews.org.cn:1935/live/live2/800k/tzwj_video.m3u8
佳木斯新闻综合,https://rmplive.hljtv.com/live/jiamusi.m3u8
佳木斯新闻综合,https://masterpull.hljtv.com/live/l9wQtsVs.m3u8
佳木斯新闻综合,rtmp://masterpull.hljtv.com/live/l9wQtsVs
佳木斯新闻综合,http://38.75.136.137:82/live1/jdtv2.m3u8?id=hljjms1&usign=tnO5JvE7EOUNT8al6DLMiw
佳木斯新闻综合,http://38.75.136.137:82/live1/jdtv2.m3u8?id=hljjms1&usign=tnO5JvE7EOUNT8al6DLMiw
鸡西新闻综合,https://rmplive.hljtv.com/live/jixi.m3u8
鸡西新闻综合,https://masterpull.hljtv.com/live/uqFwlQDH.m3u8
黑河新闻综合,https://liveplaysr.dbw.cn/lsdream/86qwqcs/1024/live.m3u8
黑河新闻综合,https://rmplive.hljtv.com/live/heihe.m3u8
黑河新闻综合,https://masterpull.hljtv.com/live/iyoENgSP.m3u8
黑河新闻综合,rtmp://masterpull.hljtv.com/live/iyoENgSP
黑河新闻综合,http://38.75.136.137:82/live1/jdtv2.m3u8?id=hljhhtv1&usign=tnO5JvE7EOUNT8al6DLMiw
黑河新闻综合,http://38.75.136.137:82/live1/jdtv2.m3u8?id=hljhhtv1&usign=tnO5JvE7EOUNT8al6DLMiw
大兴安岭新闻综合,https://rmplive.hljtv.com/live/daxinganling.m3u8
大兴安岭新闻综合,https://masterpull.hljtv.com/live/H2kVyS15.m3u8
杜尔伯特综合,https://masterpull.hljtv.com/live/eCNHwyyW.m3u8
林甸综合,https://rmplive.hljtv.com/live/lindian.m3u8
林甸综合,https://masterpull.hljtv.com/live/23PN6NW9.m3u8
林甸综合,rtmp://masterpull.hljtv.com/live/23PN6NW9
肇源综合,https://rmplive.hljtv.com/live/zhaoyuan.m3u8
肇源综合,https://masterpull.hljtv.com/live/XkQg7QSI.m3u8
肇源综合,rtmp://masterpull.hljtv.com/live/XkQg7QSI
肇州综合,https://masterpull.hljtv.com/live/imOHYJ77.m3u8
肇州综合,rtmp://masterpull.hljtv.com/live/imOHYJ77
富锦电视台,https://rmplive.hljtv.com/live/fujin.m3u8
富锦电视台,https://masterpull.hljtv.com/live/wOBN3GqO.m3u8
富锦电视台,rtmp://masterpull.hljtv.com/live/wOBN3GqO
抚远电视台,https://rmplive.hljtv.com/live/fuyuan.m3u8
抚远电视台,https://masterpull.hljtv.com/live/tVnkOTOG.m3u8
抚远电视台,rtmp://masterpull.hljtv.com/live/tVnkOTOG
桦川新闻综合,https://rmplive.hljtv.com/live/huachuan.m3u8
桦川新闻综合,https://masterpull.hljtv.com/live/NYQcW0fS.m3u8
桦川新闻综合,rtmp://masterpull.hljtv.com/live/NYQcW0fS
桦南综合,https://rmplive.hljtv.com/live/huanan.m3u8
桦南综合,https://masterpull.hljtv.com/live/76oCVZd3.m3u8
中央新影中学生,http://120.87.19.109:80/PLTV/88888973/224/3221226156/10000100000000060000000001091890_0.smil/01.m3u8?fmt=ts2hls,244,01.m3u8&accountinfo=UoQbCSdhOfs+Fhzpjb+WON1faRQ9pU15SBx6EULzJM/q63EjPL5/UXSVfEKzDq3x1o/dTJ2oOnqcV3AMgoI2qwWZ1F4+6A1eDkDeh5XZlpvpn23wIF+ldb6dnBPa8zHj,END&tenantId=8601
中央新影老故事,http://120.87.19.109:80/PLTV/88888973/224/3221226159/10000100000000060000000001091893_0.smil/01.m3u8?fmt=ts2hls,244,01.m3u8&accountinfo=UoQbCSdhOfs+Fhzpjb+WON1faRQ9pU15SBx6EULzJM/q63EjPL5/UXSVfEKzDq3xG/zlBC/gEAbbAHNiozXC4gWZ1F4+6A1eDkDeh5XZlpvpn23wIF+ldb6dnBPa8zHj,END&tenantId=8601
国学频道,http://120.87.19.109:80/PLTV/88888973/224/3221226152/10000100000000060000000001091886_0.smil/01.m3u8?fmt=ts2hls,244,01.m3u8&accountinfo=UoQbCSdhOfs+Fhzpjb+WON1faRQ9pU15SBx6EULzJM/q63EjPL5/UXSVfEKzDq3xLmjl3wapWOmUFufQ092DbAWZ1F4+6A1eDkDeh5XZlpvpn23wIF+ldb6dnBPa8zHj,END&tenantId=8601
汽摩,http://120.87.19.109:80/PLTV/88888973/224/3221226163/10000100000000060000000001091897_0.smil/01.m3u8?fmt=ts2hls,244,01.m3u8&accountinfo=UoQbCSdhOfs+Fhzpjb+WON1faRQ9pU15SBx6EULzJM/q63EjPL5/UXSVfEKzDq3xGfeW2XHhip3wQVyafxZqVQWZ1F4+6A1eDkDeh5XZlpvpn23wIF+ldb6dnBPa8zHj,END&tenantId=8601
财富天下,http://120.87.19.109:80/PLTV/88888973/224/3221225702/10000100000000060000000000334135_0.smil/01.m3u8?fmt=ts2hls,244,01.m3u8&accountinfo=UoQbCSdhOfs+Fhzpjb+WON1faRQ9pU15SBx6EULzJM/q63EjPL5/UXSVfEKzDq3xZbRnfkWTmDjMrdJCwmABtgWZ1F4+6A1eDkDeh5XZlpvpn23wIF+ldb6dnBPa8zHj,END&tenantId=8601
金鹰纪实,http://120.87.19.109:80/PLTV/88888973/224/3221225755/10000100000000060000000000334608_0.smil/01.m3u8?fmt=ts2hls,244,01.m3u8&accountinfo=UoQbCSdhOfs+Fhzpjb+WON1faRQ9pU15SBx6EULzJM/q63EjPL5/UXSVfEKzDq3xnexx4YzC7VFwkIC+H59tnAWZ1F4+6A1eDkDeh5XZlpvpn23wIF+ldb6dnBPa8zHj,END&tenantId=8601
金鹰卡通,http://120.87.19.109:80/PLTV/88888973/224/3221226664/10000100000000060000000002070298_0.smil/01.m3u8?fmt=ts2hls,244,01.m3u8&accountinfo=UoQbCSdhOfs+Fhzpjb+WON1faRQ9pU15SBx6EULzJM/q63EjPL5/UXSVfEKzDq3x0Urd2lQtGXCDQud3DPmJnwWZ1F4+6A1eDkDeh5XZlpvpn23wIF+ldb6dnBPa8zHj,END&tenantId=8601
金鹰卡通,http://120.87.19.109:80/PLTV/88888973/224/3221225699/10000100000000060000000000334067_0.smil/01.m3u8?fmt=ts2hls,244,01.m3u8&accountinfo=UoQbCSdhOfs+Fhzpjb+WON1faRQ9pU15SBx6EULzJM/q63EjPL5/UXSVfEKzDq3x9+G5VOA6WzIveOV07+CzEgWZ1F4+6A1eDkDeh5XZlpvpn23wIF+ldb6dnBPa8zHj,END&tenantId=8601
卡酷动画,http://120.87.19.109:80/PLTV/88888973/224/3221225698/10000100000000060000000000334056_0.smil/01.m3u8?fmt=ts2hls,244,01.m3u8&accountinfo=UoQbCSdhOfs+Fhzpjb+WON1faRQ9pU15SBx6EULzJM/q63EjPL5/UXSVfEKzDq3xjYcLe69k3H2w650IpTcktQWZ1F4+6A1eDkDeh5XZlpvpn23wIF+ldb6dnBPa8zHj,END&tenantId=8601
IPTV3+,http://120.87.19.109:80/PLTV/88888973/224/3221226111/10000100000000060000000000916593_0.smil/01.m3u8?fmt=ts2hls,244,01.m3u8&accountinfo=UoQbCSdhOfs+Fhzpjb+WON1faRQ9pU15SBx6EULzJM/q63EjPL5/UXSVfEKzDq3xvdPvmLULxwqOAOKlM7QPQwWZ1F4+6A1eDkDeh5XZlpvpn23wIF+ldb6dnBPa8zHj,END&tenantId=8601
IPTV5+,http://120.87.19.109:80/PLTV/88888973/224/3221225704/10000100000000060000000000334519_0.smil/01.m3u8?fmt=ts2hls,244,01.m3u8&accountinfo=UoQbCSdhOfs+Fhzpjb+WON1faRQ9pU15SBx6EULzJM/q63EjPL5/UXSVfEKzDq3xKiJ39ALm4IEi1K6VfL5dlQWZ1F4+6A1eDkDeh5XZlpvpn23wIF+ldb6dnBPa8zHj,END&tenantId=8601
IPTV5+,http://120.87.19.109:80/PLTV/88888973/224/3221226112/10000100000000060000000000916596_0.smil/01.m3u8?fmt=ts2hls,244,01.m3u8&accountinfo=UoQbCSdhOfs+Fhzpjb+WON1faRQ9pU15SBx6EULzJM/q63EjPL5/UXSVfEKzDq3x5km3G4KQxJmhfN/URwqZZwWZ1F4+6A1eDkDeh5XZlpvpn23wIF+ldb6dnBPa8zHj,END&tenantId=8601
IPTV6+,http://120.87.19.109:80/PLTV/88888973/224/3221226107/10000100000000060000000000916409_0.smil/01.m3u8?fmt=ts2hls,244,01.m3u8&accountinfo=UoQbCSdhOfs+Fhzpjb+WON1faRQ9pU15SBx6EULzJM/q63EjPL5/UXSVfEKzDq3xFRvH7tTazEOh2VrmQaDwZQWZ1F4+6A1eDkDeh5XZlpvpn23wIF+ldb6dnBPa8zHj,END&tenantId=8601
IPTV8+,http://120.87.19.109:80/PLTV/88888973/224/3221226109/10000100000000060000000000916552_0.smil/01.m3u8?fmt=ts2hls,244,01.m3u8&accountinfo=UoQbCSdhOfs+Fhzpjb+WON1faRQ9pU15SBx6EULzJM/q63EjPL5/UXSVfEKzDq3xKRuQBUi2Kj6p2qh4Y4F56wWZ1F4+6A1eDkDeh5XZlpvpn23wIF+ldb6dnBPa8zHj,END&tenantId=8601
IPTV谍战剧场,http://120.87.19.109:80/PLTV/88888973/224/3221226103/10000100000000060000000000915850_0.smil/01.m3u8?fmt=ts2hls,244,01.m3u8&accountinfo=UoQbCSdhOfs+Fhzpjb+WON1faRQ9pU15SBx6EULzJM/q63EjPL5/UXSVfEKzDq3xcJdPZlViEIlmfjFa1TrI/AWZ1F4+6A1eDkDeh5XZlpvpn23wIF+ldb6dnBPa8zHj,END&tenantId=8601
IPTV野外,http://120.87.19.109:80/PLTV/88888973/224/3221226105/10000100000000060000000000916304_0.smil/01.m3u8?fmt=ts2hls,244,01.m3u8&accountinfo=UoQbCSdhOfs+Fhzpjb+WON1faRQ9pU15SBx6EULzJM/q63EjPL5/UXSVfEKzDq3xfUdZT7MmQJyS8ep7CqA4WgWZ1F4+6A1eDkDeh5XZlpvpn23wIF+ldb6dnBPa8zHj,END&tenantId=8601
IPTV法治,http://120.87.19.109:80/PLTV/88888973/224/3221226106/10000100000000060000000000916322_0.smil/01.m3u8?fmt=ts2hls,244,01.m3u8&accountinfo=UoQbCSdhOfs+Fhzpjb+WON1faRQ9pU15SBx6EULzJM/q63EjPL5/UXSVfEKzDq3xoDewg4L8ksJ3YiRkl8BcxAWZ1F4+6A1eDkDeh5XZlpvpn23wIF+ldb6dnBPa8zHj,END&tenantId=8601
IPTV热播剧场,http://120.87.19.109:80/PLTV/88888973/224/3221226110/10000100000000060000000000916570_0.smil/01.m3u8?fmt=ts2hls,244,01.m3u8&accountinfo=UoQbCSdhOfs+Fhzpjb+WON1faRQ9pU15SBx6EULzJM/q63EjPL5/UXSVfEKzDq3xmvWv924NbQBmQETGze1P2wWZ1F4+6A1eDkDeh5XZlpvpn23wIF+ldb6dnBPa8zHj,END&tenantId=8601
IPTV少儿动画,http://120.87.19.109:80/PLTV/88888973/224/3221226113/10000100000000060000000000916600_0.smil/01.m3u8?fmt=ts2hls,244,01.m3u8&accountinfo=UoQbCSdhOfs+Fhzpjb+WON1faRQ9pU15SBx6EULzJM/q63EjPL5/UXSVfEKzDq3xBJXpL3WoRxzspPhVVTBH2gWZ1F4+6A1eDkDeh5XZlpvpn23wIF+ldb6dnBPa8zHj,END&tenantId=8601
IPTV魅力时尚,http://120.87.19.109:80/PLTV/88888973/224/3221226114/10000100000000060000000000916601_0.smil/01.m3u8?fmt=ts2hls,244,01.m3u8&accountinfo=UoQbCSdhOfs+Fhzpjb+WON1faRQ9pU15SBx6EULzJM/q63EjPL5/UXSVfEKzDq3xyAZqQncaMIpoDGOQGpSitwWZ1F4+6A1eDkDeh5XZlpvpn23wIF+ldb6dnBPa8zHj,END&tenantId=8601
IPTV收视指南,http://120.87.19.109:80/PLTV/88888973/224/3221226115/10000100000000060000000000916605_0.smil/01.m3u8?fmt=ts2hls,244,01.m3u8&accountinfo=UoQbCSdhOfs+Fhzpjb+WON1faRQ9pU15SBx6EULzJM/q63EjPL5/UXSVfEKzDq3x6BcKgj0E3hfF93A0U8TvVQWZ1F4+6A1eDkDeh5XZlpvpn23wIF+ldb6dnBPa8zHj,END&tenantId=8601
IPTV相声小品,http://120.87.19.109:80/PLTV/88888973/224/3221226117/10000100000000060000000000923560_0.smil/01.m3u8?fmt=ts2hls,244,01.m3u8&accountinfo=UoQbCSdhOfs+Fhzpjb+WON1faRQ9pU15SBx6EULzJM/q63EjPL5/UXSVfEKzDq3xEO3+/HUASYdMqe/yIpNQpAWZ1F4+6A1eDkDeh5XZlpvpn23wIF+ldb6dnBPa8zHj,END&tenantId=8601
IPTV影视推荐,http://120.87.19.109:80/PLTV/88888973/224/3221226642/10000100000000060000000001651528_0.smil/01.m3u8?fmt=ts2hls,244,01.m3u8&accountinfo=UoQbCSdhOfs+Fhzpjb+WON1faRQ9pU15SBx6EULzJM/q63EjPL5/UXSVfEKzDq3xFdrNhysJZELyENzfIw6pSwWZ1F4+6A1eDkDeh5XZlpvpn23wIF+ldb6dnBPa8zHj,END&tenantId=8601
IPTV影视推荐,http://120.87.19.109:80/PLTV/88888973/224/3221225700/10000100000000060000000000334090_0.smil/01.m3u8?fmt=ts2hls,244,01.m3u8&accountinfo=UoQbCSdhOfs+Fhzpjb+WON1faRQ9pU15SBx6EULzJM/q63EjPL5/UXSVfEKzDq3xufAPueXmZZnKoRUBEa+/hAWZ1F4+6A1eDkDeh5XZlpvpn23wIF+ldb6dnBPa8zHj,END&tenantId=8601
浙江卫视4k,http://120.87.19.109:80/PLTV/88888973/224/3221226717/371266855.smil/01.m3u8?fmt=ts2hls,1,01.m3u8&rrsip=120.87.4.103:80&zoneoffset=0&servicetype=1&icpid=&limitflux=-1&limitdur=-1&tenantId=8601&accountinfo=ZErBHdoicx6KA8k34VvsyxmZWqqhmoqWnjwSzvmAgjq8m6DMrBjwBDjtfkmBgyvoi2n%2FkYZZroy5c4pnOUwIF96lAdHt7wSuHMZWesBR20hGAMCQWKP%2FVYv0YgXiGkmJ%3A20260214223934%2C10500001346793%2C27.45.45.191%2C20260214223934%2Curn%3AHuawei%3AliveTV%3AXTV371266854%2C10001000211336%2C-1%2C0%2C1%2C%2C%2C2%2C%2C%2C%2C2%2C%2C371266855%2CEND&GuardEncType=2
江苏卫视4k,http://120.87.19.109:80/PLTV/88888973/224/3221226714/371266888.smil/01.m3u8?fmt=ts2hls,1,01.m3u8&rrsip=120.87.4.103:80&zoneoffset=0&servicetype=1&icpid=&limitflux=-1&limitdur=-1&tenantId=8601&accountinfo=ZErBHdoicx6KA8k34VvsyxmZWqqhmoqWnjwSzvmAgjq8m6DMrBjwBDjtfkmBgyvoi2n%2FkYZZroy5c4pnOUwIF9VlHXqKSARWKoBip%2F%2FsPYdGAMCQWKP%2FVYv0YgXiGkmJ%3A20260214223934%2C10500001346793%2C27.45.45.191%2C20260214223934%2Curn%3AHuawei%3AliveTV%3AXTV371266887%2C10001000211336%2C-1%2C0%2C1%2C%2C%2C2%2C%2C%2C%2C2%2C%2C371266888%2CEND&GuardEncType=2
东方卫视4k,http://120.87.19.109:80/PLTV/88888973/224/3221226691/371266902.smil/01.m3u8?fmt=ts2hls,1,01.m3u8&rrsip=120.87.4.103:80&zoneoffset=0&servicetype=1&icpid=&limitflux=-1&limitdur=-1&tenantId=8601&accountinfo=ZErBHdoicx6KA8k34VvsyxmZWqqhmoqWnjwSzvmAgjq8m6DMrBjwBDjtfkmBgyvoi2n%2FkYZZroy5c4pnOUwIFx2M0aMyK6zMum3gWrB81NpGAMCQWKP%2FVYv0YgXiGkmJ%3A20260214223934%2C10500001346793%2C27.45.45.191%2C20260214223934%2Curn%3AHuawei%3AliveTV%3AXTV371266901%2C10001000211336%2C-1%2C0%2C1%2C%2C%2C2%2C%2C%2C%2C2%2C%2C371266902%2CEND&GuardEncType=2
山东卫视4k,http://120.87.19.109:80/PLTV/88888973/224/3221226694/371266914.smil/01.m3u8?fmt=ts2hls,1,01.m3u8&rrsip=120.87.4.103:80&zoneoffset=0&servicetype=1&icpid=&limitflux=-1&limitdur=-1&tenantId=8601&accountinfo=ZErBHdoicx6KA8k34VvsyxmZWqqhmoqWnjwSzvmAgjq8m6DMrBjwBDjtfkmBgyvoi2n%2FkYZZroy5c4pnOUwIF6Yfz6vhWACWrMi2nukP%2Fk9GAMCQWKP%2FVYv0YgXiGkmJ%3A20260214223934%2C10500001346793%2C27.45.45.191%2C20260214223934%2Curn%3AHuawei%3AliveTV%3AXTV371266913%2C10001000211336%2C-1%2C0%2C1%2C%2C%2C2%2C%2C%2C%2C2%2C%2C371266914%2CEND&GuardEncType=2
广东卫视4k,http://120.87.19.109:80/PLTV/88888973/224/3221226702/371164168.smil/01.m3u8?fmt=ts2hls,1,01.m3u8&rrsip=120.87.4.103:80&zoneoffset=0&servicetype=1&icpid=&limitflux=-1&limitdur=-1&tenantId=8601&accountinfo=ZErBHdoicx6KA8k34VvsyxmZWqqhmoqWnjwSzvmAgjq8m6DMrBjwBDjtfkmBgyvoi2n%2FkYZZroy5c4pnOUwIF0b4KWe%2FIRdbiEb8SokWJtVGAMCQWKP%2FVYv0YgXiGkmJ%3A20260214223934%2C10500001346793%2C27.45.45.191%2C20260214223934%2Curn%3AHuawei%3AliveTV%3AXTV371164167%2C10001000211336%2C-1%2C0%2C1%2C%2C%2C2%2C%2C%2C%2C2%2C%2C371164168%2CEND&GuardEncType=2
深圳卫视4k,http://120.87.19.109:80/PLTV/88888973/224/3221226683/371164180.smil/01.m3u8?fmt=ts2hls,1,01.m3u8&rrsip=120.87.4.103:80&zoneoffset=0&servicetype=1&icpid=&limitflux=-1&limitdur=-1&tenantId=8601&accountinfo=ZErBHdoicx6KA8k34VvsyxmZWqqhmoqWnjwSzvmAgjq8m6DMrBjwBDjtfkmBgyvoi2n%2FkYZZroy5c4pnOUwIFy%2B%2FkIAavci9z%2FLJPqxg7dZGAMCQWKP%2FVYv0YgXiGkmJ%3A20260214223934%2C10500001346793%2C27.45.45.191%2C20260214223934%2Curn%3AHuawei%3AliveTV%3AXTV371164179%2C10001000211336%2C-1%2C0%2C1%2C%2C%2C2%2C%2C%2C%2C2%2C%2C371164180%2CEND&GuardEncType=2
CGTN,http://rrs03.hw.gmcc.net:8088/PLTV/651/224/3221226666/1.m3u8
咪咕4K-1,http://rrs03.hw.gmcc.net:8088/PLTV/651/224/3221226938/1.m3u8
桦南综合,rtmp://masterpull.hljtv.com/live/76oCVZd3
同江电视台,https://rmplive.hljtv.com/live/tongjiang.m3u8
同江电视台,https://masterpull.hljtv.com/live/oFc7fCUf.m3u8
同江电视台,rtmp://masterpull.hljtv.com/live/oFc7fCUf
汤原综合,https://rmplive.hljtv.com/live/tangyuan.m3u8
汤原综合,https://masterpull.hljtv.com/live/lt2CmppY.m3u8
汤原综合,rtmp://masterpull.hljtv.com/live/lt2CmppY
安达综合,https://rmplive.hljtv.com/live/anda.m3u8
安达综合,https://masterpull.hljtv.com/live/FsGxlDZQ.m3u8
安达综合,rtmp://masterpull.hljtv.com/live/FsGxlDZQ
海伦综合,https://rmplive.hljtv.com/live/hailun.m3u8
海伦综合,https://masterpull.hljtv.com/live/VFNlgeFO.m3u8
海伦综合,rtmp://masterpull.hljtv.com/live/VFNlgeFO
兰西综合,https://rmplive.hljtv.com/live/lanxi.m3u8
兰西综合,https://masterpull.hljtv.com/live/SYG06DEw.m3u8
兰西综合,rtmp://masterpull.hljtv.com/live/SYG06DEw
明水综合,https://rmplive.hljtv.com/live/mingshui.m3u8
明水综合,https://masterpull.hljtv.com/live/bOJ0OStw.m3u8
明水综合,rtmp://masterpull.hljtv.com/live/bOJ0OStw
庆安综合,https://rmplive.hljtv.com/live/qingan.m3u8
庆安综合,https://masterpull.hljtv.com/live/ayksl1Ur.m3u8
庆安综合,rtmp://masterpull.hljtv.com/live/ayksl1Ur
青冈综合,https://rmplive.hljtv.com/live/qinggang.m3u8
青冈综合,https://kschls.shangzhibo.tv/onelive/10121782-RJ4PyqY-yJ/index.m3u8
青冈综合,https://masterpull.hljtv.com/live/bJGIloJe.m3u8
青冈综合,rtmp://masterpull.hljtv.com/live/bJGIloJe
绥棱综合,https://rmplive.hljtv.com/live/suileng.m3u8
绥棱综合,https://masterpull.hljtv.com/live/p7WSvrJJ.m3u8
绥棱综合,rtmp://masterpull.hljtv.com/live/p7WSvrJJ
望奎综合,https://rmplive.hljtv.com/live/wangkui.m3u8
望奎综合,https://masterpull.hljtv.com/live/d3loVdqX.m3u8
望奎综合,rtmp://masterpull.hljtv.com/live/d3loVdqX
肇东综合,https://rmplive.hljtv.com/live/zhaodong.m3u8
肇东综合,https://masterpull.hljtv.com/live/G84ZsUTP.m3u8
肇东综合,rtmp://masterpull.hljtv.com/live/G84ZsUTP
宾县综合频道,https://rmplive.hljtv.com/live/binxian.m3u8
宾县综合频道,https://masterpull.hljtv.com/live/DlkgB2B7.m3u8
宾县综合频道,rtmp://masterpull.hljtv.com/live/DlkgB2B7
巴彦电视台,https://rmplive.hljtv.com/live/bayan.m3u8
巴彦电视台,https://masterpull.hljtv.com/live/vAtZi96R.m3u8
巴彦电视台,rtmp://masterpull.hljtv.com/live/vAtZi96R
方正综合,https://rmplive.hljtv.com/live/fangzheng.m3u8
方正综合,https://masterpull.hljtv.com/live/sSN2Uyb2.m3u8
方正综合,rtmp://masterpull.hljtv.com/live/sSN2Uyb2
呼兰综合,https://rmplive.hljtv.com/live/hulan.m3u8
呼兰综合,https://masterpull.hljtv.com/live/zja8TAIO.m3u8
呼兰综合,rtmp://masterpull.hljtv.com/live/zja8TAIO
尚志新闻综合,https://rmplive.hljtv.com/live/shangzhi.m3u8
尚志新闻综合,rtmp://m3.tplay.mlink.tv/mlmlink/90290726
尚志新闻综合,http://m3.tplay.mlink.tv/mlmlink/90290726.m3u8
尚志新闻综合,https://masterpull.hljtv.com/live/EQnKvoc9.m3u8
尚志新闻综合,rtmp://masterpull.hljtv.com/live/EQnKvoc9
通河新闻,https://rmplive.hljtv.com/live/tonghe.m3u8
通河新闻,https://masterpull.hljtv.com/live/b71kCDir.m3u8
通河新闻,rtmp://masterpull.hljtv.com/live/b71kCDir
五常综合,https://rmplive.hljtv.com/live/wuchang.m3u8
五常综合,https://masterpull.hljtv.com/live/R9bOklLT.m3u8
五常综合,rtmp://masterpull.hljtv.com/live/R9bOklLT
依兰新闻综合,https://rmplive.hljtv.com/live/yilan.m3u8
依兰新闻综合,https://masterpull.hljtv.com/live/4sTJDdbE.m3u8
依兰新闻综合,rtmp://masterpull.hljtv.com/live/4sTJDdbE
延寿综合,https://rmplive.hljtv.com/live/yanshou.m3u8
延寿综合,https://masterpull.hljtv.com/live/XBqKssjB.m3u8
延寿综合,rtmp://masterpull.hljtv.com/live/XBqKssjB
厦门卫视,http://rrs03.hw.gmcc.net:8088/PLTV/651/224/3221226695/1.m3u8
卡酷少儿,http://rrs03.hw.gmcc.net:8088/PLTV/651/224/3221226677/1.m3u8
北京纪实科教,http://rrs03.hw.gmcc.net:8088/PLTV/651/224/3221226658/1.m3u8
北京纪实科教,http://rrs03.hw.gmcc.net:8088/PLTV/651/224/3221226656/1.m3u8
北京纪实科教,http://rrs03.hw.gmcc.net:8088/PLTV/651/224/3221226730/1.m3u8
金鹰纪实,http://rrs03.hw.gmcc.net:8088/PLTV/651/224/3221226667/1.m3u8
金鹰卡通,http://rrs03.hw.gmcc.net:8088/PLTV/651/224/3221226674/1.m3u8
哈哈炫动,http://rrs03.hw.gmcc.net:8088/PLTV/651/224/3221226703/1.m3u8
哒啵电竞,http://rrs03.hw.gmcc.net:8088/PLTV/651/224/3221226891/1.m3u8
哒啵赛事,http://rrs03.hw.gmcc.net:8088/PLTV/651/224/3221226905/1.m3u8
山东教育卫视,http://rrs03.hw.gmcc.net:8088/PLTV/651/224/3221226701/1.m3u8
咪咕4K-1,http://rrs03.hw.gmcc.net:8088/PLTV/651/224/3221226989/1.m3u8
咪咕4K-2,http://rrs03.hw.gmcc.net:8088/PLTV/651/224/3221226991/1.m3u8
咪咕视频1,http://rrs03.hw.gmcc.net:8088/PLTV/651/224/3221226909/1.m3u8
咪咕视频2,http://rrs03.hw.gmcc.net:8088/PLTV/651/224/3221226912/1.m3u8
咪咕视频3,http://rrs03.hw.gmcc.net:8088/PLTV/651/224/3221226915/1.m3u8
咪咕视频4,http://rrs03.hw.gmcc.net:8088/PLTV/651/224/3221226918/1.m3u8
咪咕视频5,http://rrs03.hw.gmcc.net:8088/PLTV/651/224/3221226921/1.m3u8
北安综合,https://rmplive.hljtv.com/live/beian.m3u8
北安综合,https://masterpull.hljtv.com/live/EfoBDa06.m3u8
嫩江综合,https://rmplive.hljtv.com/live/nenjiang.m3u8
嫩江综合,https://masterpull.hljtv.com/live/hrSfaA6T.m3u8
孙吴综合,https://rmplive.hljtv.com/live/sunwu.m3u8
孙吴综合,https://masterpull.hljtv.com/live/eXFjvNaf.m3u8
孙吴综合,rtmp://masterpull.hljtv.com/live/eXFjvNaf
五大连池综合,https://rmplive.hljtv.com/live/wudalianchi.m3u8
五大连池综合,https://masterpull.hljtv.com/live/6ic4FFgF.m3u8
五大连池综合,rtmp://masterpull.hljtv.com/live/6ic4FFgF
逊克综合,https://masterpull.hljtv.com/live/a0CULO9O.m3u8
逊克综合,rtmp://masterpull.hljtv.com/live/a0CULO9O
东宁综合,https://rmplive.hljtv.com/live/dongning.m3u8
东宁综合,https://masterpull.hljtv.com/live/UQdxnsw8.m3u8
东宁综合,rtmp://masterpull.hljtv.com/live/UQdxnsw8
海林综合,https://rmplive.hljtv.com/live/hailin.m3u8
海林综合,https://masterpull.hljtv.com/live/lqo9Fcdy.m3u8
海林综合,rtmp://masterpull.hljtv.com/live/lqo9Fcdy
林口综合,https://rmplive.hljtv.com/live/linkou.m3u8
林口综合,https://masterpull.hljtv.com/live/pqheD07F.m3u8
林口综合,rtmp://masterpull.hljtv.com/live/pqheD07F
穆棱综合,https://rmplive.hljtv.com/live/muleng.m3u8
穆棱综合,https://masterpull.hljtv.com/live/5c9Mi3FV.m3u8
穆棱综合,rtmp://masterpull.hljtv.com/live/5c9Mi3FV
宁安综合,https://rmplive.hljtv.com/live/ningan.m3u8
宁安综合,https://masterpull.hljtv.com/live/BV2wr0vH.m3u8
宁安综合,rtmp://masterpull.hljtv.com/live/BV2wr0vH
绥芬河综合,https://rmplive.hljtv.com/live/suifenhe.m3u8
绥芬河综合,https://masterpull.hljtv.com/live/pXxFNIbi.m3u8
绥芬河综合,rtmp://masterpull.hljtv.com/live/pXxFNIbi
萝北综合,https://rmplive.hljtv.com/live/luobei.m3u8
萝北综合,http://38.75.136.137:82/live1/inmu.m3u8?id=hljhglb1&usign=tnO5JvE7EOUNT8al6DLMiw
萝北综合,http://38.75.136.137:82/live1/inmu.m3u8?fmt=flv&id=hljhglb1&usign=tnO5JvE7EOUNT8al6DLMiw
绥滨综合,https://masterpull.hljtv.com/live/DQiqZPCj.m3u8
绥滨综合,rtmp://masterpull.hljtv.com/live/DQiqZPCj
嘉荫综合频道,https://masterpull.hljtv.com/live/k5IX9frJ.m3u8
铁力综合频道,https://rmplive.hljtv.com/live/tieli.m3u8
铁力综合频道,https://masterpull.hljtv.com/live/iUtbDFud.m3u8
铁力综合频道,rtmp://masterpull.hljtv.com/live/iUtbDFud
拜泉综合,https://rmplive.hljtv.com/live/baiquan.m3u8
拜泉综合,https://masterpull.hljtv.com/live/zHtOXXUz.m3u8
拜泉综合,rtmp://masterpull.hljtv.com/live/zHtOXXUz
富裕综合,https://rmplive.hljtv.com/live/fuyu.m3u8
富裕综合,http://221.209.44.174:1980/hls/1001.m3u8
富裕综合,https://masterpull.hljtv.com/live/MKFLhcpa.m3u8
富裕综合,rtmp://masterpull.hljtv.com/live/MKFLhcpa
甘南县综合,https://rmplive.hljtv.com/live/gannan.m3u8
甘南县综合,https://masterpull.hljtv.com/live/YbFyF4Jb.m3u8
甘南县综合,rtmp://masterpull.hljtv.com/live/YbFyF4Jb
克东综合,https://rmplive.hljtv.com/live/kedong.m3u8
克东综合,https://masterpull.hljtv.com/live/PO1DiGiN.m3u8
克东综合,rtmp://masterpull.hljtv.com/live/PO1DiGiN
克山综合,https://rmplive.hljtv.com/live/keshan.m3u8
克山综合,https://masterpull.hljtv.com/live/58lOw0L5.m3u8
克山综合,rtmp://masterpull.hljtv.com/live/58lOw0L5
龙江综合,https://rmplive.hljtv.com/live/longjiang.m3u8
龙江综合,https://masterpull.hljtv.com/live/vRSdDMSR.m3u8
龙江综合,rtmp://masterpull.hljtv.com/live/vRSdDMSR
讷河综合,https://rmplive.hljtv.com/live/nehe.m3u8
讷河综合,https://masterpull.hljtv.com/live/PXWxDY1V.m3u8
讷河综合,rtmp://masterpull.hljtv.com/live/PXWxDY1V
泰来综合,https://rmplive.hljtv.com/live/tailai.m3u8
泰来综合,https://masterpull.hljtv.com/live/cfkAgOUK.m3u8
泰来综合,rtmp://masterpull.hljtv.com/live/cfkAgOUK
依安综合,https://rmplive.hljtv.com/live/yian.m3u8
依安综合,https://masterpull.hljtv.com/live/4hhgo1mX.m3u8
依安综合,rtmp://masterpull.hljtv.com/live/4hhgo1mX
呼玛综合,https://rmplive.hljtv.com/live/huma.m3u8
呼玛综合,https://masterpull.hljtv.com/live/yN3vDovm.m3u8
咪咕视频6,http://rrs03.hw.gmcc.net:8088/PLTV/651/224/3221226923/1.m3u8
咪咕视频7,http://rrs03.hw.gmcc.net:8088/PLTV/651/224/3221226924/1.m3u8
咪咕视频8,http://rrs03.hw.gmcc.net:8088/PLTV/651/224/3221226926/1.m3u8
咪咕视频9,http://rrs03.hw.gmcc.net:8088/PLTV/651/224/3221226927/1.m3u8
咪咕视频10,http://rrs03.hw.gmcc.net:8088/PLTV/651/224/3221226929/1.m3u8
咪咕视频11,http://rrs03.hw.gmcc.net:8088/PLTV/651/224/3221226932/1.m3u8
咪咕视频12,http://rrs03.hw.gmcc.net:8088/PLTV/651/224/3221226935/1.m3u8
咪咕视频13,http://rrs03.hw.gmcc.net:8088/PLTV/651/224/3221226936/1.m3u8
咪咕视频14,http://rrs03.hw.gmcc.net:8088/PLTV/651/224/3221226941/1.m3u8
咪咕视频15,http://rrs03.hw.gmcc.net:8088/PLTV/651/224/3221226944/1.m3u8
咪咕视频16,http://rrs03.hw.gmcc.net:8088/PLTV/651/224/3221226947/1.m3u8
咪咕视频17,http://rrs03.hw.gmcc.net:8088/PLTV/651/224/3221226948/1.m3u8
咪咕视频18,http://rrs03.hw.gmcc.net:8088/PLTV/651/224/3221226950/1.m3u8
咪咕视频19,http://rrs03.hw.gmcc.net:8088/PLTV/651/224/3221226951/1.m3u8
咪咕视频20,http://rrs03.hw.gmcc.net:8088/PLTV/651/224/3221226953/1.m3u8
咪咕视频21,http://rrs03.hw.gmcc.net:8088/PLTV/651/224/3221226954/1.m3u8
咪咕视频22,http://rrs03.hw.gmcc.net:8088/PLTV/651/224/3221226956/1.m3u8
咪咕视频23,http://rrs03.hw.gmcc.net:8088/PLTV/651/224/3221226982/1.m3u8
咪咕视频24,http://rrs03.hw.gmcc.net:8088/PLTV/651/224/3221226985/1.m3u8
咪咕视频25,http://rrs03.hw.gmcc.net:8088/PLTV/651/224/3221226995/1.m3u8
咪咕视频26,http://rrs03.hw.gmcc.net:8088/PLTV/651/224/3221226997/1.m3u8
咪咕视频27,http://rrs03.hw.gmcc.net:8088/PLTV/651/224/3221227000/1.m3u8
咪咕视频28,http://rrs03.hw.gmcc.net:8088/PLTV/651/224/3221227003/1.m3u8
咪咕视频29,http://rrs03.hw.gmcc.net:8088/PLTV/651/224/3221227006/1.m3u8
咪咕视频30,http://rrs03.hw.gmcc.net:8088/PLTV/651/224/3221227009/1.m3u8
咪咕视频31,http://rrs03.hw.gmcc.net:8088/PLTV/651/224/3221227012/1.m3u8
咪咕视频32,http://rrs03.hw.gmcc.net:8088/PLTV/651/224/3221227024/1.m3u8
咪咕视频33,http://rrs03.hw.gmcc.net:8088/PLTV/651/224/3221227027/1.m3u8
咪咕视频34,http://rrs03.hw.gmcc.net:8088/PLTV/651/224/3221227030/1.m3u8
大湾区卫视,http://go.bkpcp.top/mg/dwqws
呼玛综合,rtmp://masterpull.hljtv.com/live/yN3vDovm
漠河综合,https://rmplive.hljtv.com/live/mohe.m3u8
漠河综合,https://masterpull.hljtv.com/live/rlVvbTZN.m3u8
漠河综合,rtmp://masterpull.hljtv.com/live/rlVvbTZN
塔河综合,https://rmplive.hljtv.com/live/tahe.m3u8
塔河综合,https://masterpull.hljtv.com/live/qXrATpGj.m3u8
塔河综合,rtmp://masterpull.hljtv.com/live/qXrATpGj
虎林综合,https://rmplive.hljtv.com/live/hulin.m3u8
虎林综合,https://masterpull.hljtv.com/live/SJJAEqBS.m3u8
虎林综合,rtmp://masterpull.hljtv.com/live/SJJAEqBS
鸡东综合,https://rmplive.hljtv.com/live/jidong.m3u8
鸡东综合,https://masterpull.hljtv.com/live/o4NExHSz.m3u8
鸡东综合,rtmp://masterpull.hljtv.com/live/o4NExHSz
密山综合,https://rmplive.hljtv.com/live/mishan.m3u8
密山综合,https://masterpull.hljtv.com/live/iYi97JTN.m3u8
密山综合,rtmp://masterpull.hljtv.com/live/iYi97JTN
宝清综合,https://rmplive.hljtv.com/live/baoqing.m3u8
宝清综合,https://masterpull.hljtv.com/live/HBp9MLoA.m3u8
集贤综合,https://masterpull.hljtv.com/live/CyJ3RKND.m3u8
饶河综合,https://rmplive.hljtv.com/live/raohe.m3u8
饶河综合,https://masterpull.hljtv.com/live/DokNxER6.m3u8
饶河综合,rtmp://masterpull.hljtv.com/live/DokNxER6
友谊综合,https://rmplive.hljtv.com/live/youyi.m3u8
友谊综合,https://masterpull.hljtv.com/live/LVpBWYXl.m3u8
友谊综合,rtmp://masterpull.hljtv.com/live/LVpBWYXl
勃利综合频道,https://rmplive.hljtv.com/live/boli.m3u8
勃利综合频道,https://masterpull.hljtv.com/live/6rx9bifO.m3u8
勃利综合频道,rtmp://masterpull.hljtv.com/live/6rx9bifO
七台河矿区电视台,https://play-hsbj.vzan.com/201041892/650315866095242467/live.m3u8
河南4K试验,http://38.75.136.137:82/live1/jdtv2.m3u8?id=ha4k&usign=tnO5JvE7EOUNT8al6DLMiw
河南都市,http://38.75.136.137:82/live1/hatv.m3u8?id=hatv2&usign=tnO5JvE7EOUNT8al6DLMiw
河南都市,http://38.75.136.137:82/live1/jdtv2.m3u8?isp=dx&id=hatv2&usign=tnO5JvE7EOUNT8al6DLMiw
河南都市,http://38.75.136.137:82/live1/jdtv2.m3u8?isp=lt&id=hatv2&usign=tnO5JvE7EOUNT8al6DLMiw
河南都市,http://media.hndyjyfw.gov.cn/live/jz-henandushi/live.m3u8
河南都市,http://38.75.136.137:82/live1/jdtv2.m3u8?id=hatv2&usign=tnO5JvE7EOUNT8al6DLMiw
河南都市,http://38.75.136.137:82/live1/jdtv2.m3u8?id=hatv2&usign=tnO5JvE7EOUNT8al6DLMiw
河南民生,http://38.75.136.137:82/live1/hatv.m3u8?id=hatv3&usign=tnO5JvE7EOUNT8al6DLMiw
河南民生,http://38.75.136.137:82/live1/jdtv2.m3u8?isp=dx&id=hatv3&usign=tnO5JvE7EOUNT8al6DLMiw
CHC影迷电影,http://go.bkpcp.top/mg/ymdy
广东新闻,http://m.061899.xyz/mg/gdxw
广东民生,http://m.061899.xyz/mg/gdms
cctv美洲,http://m.061899.xyz/mg/cctv4m
cctv欧洲,http://m.061899.xyz/mg/cctv4o
CETV-01,http://m.061899.xyz/mg/cetv1
CETV-02,http://m.061899.xyz/mg/cetv2
CETV-04,http://m.061899.xyz/mg/cetv4
凤凰中文频标,http://m.061899.xyz/mg/fhzw
凤凰资讯频标,http://m.061899.xyz/mg/fhzx
凤凰香港频标,http://m.061899.xyz/mg/fhhk
家庭影院,http://m.061899.xyz/mg/jtyy
动作电影,http://m.061899.xyz/mg/dzdy
影迷电影,http://m.061899.xyz/mg/ymdy
重温经典,http://m.061899.xyz/mg/cwjd
咪咕体育,http://m.061899.xyz/mg/mgty
北京体育,http://m.061899.xyz/mg/bjty
北京新闻,http://m.061899.xyz/mg/bjxw
北京财经,http://m.061899.xyz/mg/bjcj
北京文艺,http://m.061899.xyz/mg/bjwy
北京生活,http://m.061899.xyz/mg/bjsh
北京少儿,http://m.061899.xyz/mg/bjkk
北京影视,http://m.061899.xyz/mg/bjys
北京纪实,http://m.061899.xyz/mg/bjjs
东方影视,http://m.061899.xyz/mg/shys
东方纪实,http://m.061899.xyz/mg/xjs
红色轮播,http://m.061899.xyz/mg/hslb
金色剧场,http://m.061899.xyz/mg/jsjc
乡村振兴,http://m.061899.xyz/mg/xczx
CHC影迷电影,http://k.061899.xyz/k.php?id=ymdy
河南民生,http://38.75.136.137:82/live1/jdtv2.m3u8?isp=lt&id=hatv3&usign=tnO5JvE7EOUNT8al6DLMiw
河南民生,http://media.hndyjyfw.gov.cn/live/jz-henanminsheng/live.m3u8
河南民生,http://38.75.136.137:82/live1/jdtv2.m3u8?id=hatv3&usign=tnO5JvE7EOUNT8al6DLMiw
河南民生,http://38.75.136.137:82/live1/jdtv2.m3u8?id=hatv3&usign=tnO5JvE7EOUNT8al6DLMiw
河南法治,http://38.75.136.137:82/live1/hatv.m3u8?id=hatv4&usign=tnO5JvE7EOUNT8al6DLMiw
河南法治,http://38.75.136.137:82/live1/jdtv2.m3u8?isp=dx&id=hatv4&usign=tnO5JvE7EOUNT8al6DLMiw
河南法治,http://38.75.136.137:82/live1/jdtv2.m3u8?isp=lt&id=hatv4&usign=tnO5JvE7EOUNT8al6DLMiw
河南法治,http://38.75.136.137:82/live1/jdtv2.m3u8?id=hatv4&usign=tnO5JvE7EOUNT8al6DLMiw
河南法治,http://38.75.136.137:82/live1/jdtv2.m3u8?id=hatv4&usign=tnO5JvE7EOUNT8al6DLMiw
河南电视剧,http://38.75.136.137:82/live1/hatv.m3u8?id=hatv5&usign=tnO5JvE7EOUNT8al6DLMiw
河南电视剧,http://38.75.136.137:82/live1/jdtv2.m3u8?isp=dx&id=hatv5&usign=tnO5JvE7EOUNT8al6DLMiw
河南电视剧,http://38.75.136.137:82/live1/jdtv2.m3u8?isp=lt&id=hatv5&usign=tnO5JvE7EOUNT8al6DLMiw
河南电视剧,http://38.75.136.137:82/live1/jdtv2.m3u8?id=hatv5&usign=tnO5JvE7EOUNT8al6DLMiw
河南电视剧,http://38.75.136.137:82/live1/jdtv2.m3u8?id=hatv5&usign=tnO5JvE7EOUNT8al6DLMiw
河南新闻,http://38.75.136.137:82/live1/hatv.m3u8?id=hatv6&usign=tnO5JvE7EOUNT8al6DLMiw
河南新闻,https://hngd-cdn-hls-pull-tx-1.hntv.tv/saas_live/6b74358e0b514f8bbe95640403a91445/playlist.m3u8?wsSecret=f0f60173cd9c52c693cc5aec0f98138d&wsTime=1978133090
河南新闻,http://38.75.136.137:82/live1/jdtv2.m3u8?isp=dx&id=hatv6&usign=tnO5JvE7EOUNT8al6DLMiw
河南新闻,http://38.75.136.137:82/live1/jdtv2.m3u8?isp=lt&id=hatv6&usign=tnO5JvE7EOUNT8al6DLMiw
河南新闻,http://38.75.136.137:82/live1/jdtv2.m3u8?id=hatv6&usign=tnO5JvE7EOUNT8al6DLMiw
河南新闻,http://38.75.136.137:82/live1/jdtv2.m3u8?id=hatv6&usign=tnO5JvE7EOUNT8al6DLMiw
河南欢腾购物,http://38.75.136.137:82/live1/hatv.m3u8?id=hatv7&usign=tnO5JvE7EOUNT8al6DLMiw
河南欢腾购物,http://38.75.136.137:82/live1/jdtv2.m3u8?id=hatv7&usign=tnO5JvE7EOUNT8al6DLMiw
河南公共,http://38.75.136.137:82/live1/hatv.m3u8?id=hatv8&usign=tnO5JvE7EOUNT8al6DLMiw
河南公共,http://38.75.136.137:82/live1/jdtv2.m3u8?isp=dx&id=hatv8&usign=tnO5JvE7EOUNT8al6DLMiw
河南公共,http://38.75.136.137:82/live1/jdtv2.m3u8?isp=lt&id=hatv8&usign=tnO5JvE7EOUNT8al6DLMiw
河南公共,http://38.75.136.137:82/live1/jdtv2.m3u8?id=hatv8&usign=tnO5JvE7EOUNT8al6DLMiw
河南公共,http://38.75.136.137:82/live1/jdtv2.m3u8?id=hatv8&usign=tnO5JvE7EOUNT8al6DLMiw
河南乡村,http://38.75.136.137:82/live1/hatv.m3u8?id=hatv9&usign=tnO5JvE7EOUNT8al6DLMiw
河南乡村,http://38.75.136.137:82/live1/jdtv2.m3u8?isp=dx&id=hatv9&usign=tnO5JvE7EOUNT8al6DLMiw
河南乡村,http://38.75.136.137:82/live1/jdtv2.m3u8?isp=lt&id=hatv9&usign=tnO5JvE7EOUNT8al6DLMiw
河南乡村,http://media.hndyjyfw.gov.cn/live/jz-henanxinnong/live.m3u8
河南乡村,http://38.75.136.137:82/live1/jdtv2.m3u8?id=hatv9&usign=tnO5JvE7EOUNT8al6DLMiw
河南乡村,http://38.75.136.137:82/live1/jdtv2.m3u8?id=hatv9&usign=tnO5JvE7EOUNT8al6DLMiw
河南移动电视,http://38.75.136.137:82/live1/jdtv2.m3u8?id=haydds&usign=tnO5JvE7EOUNT8al6DLMiw
河南移动电视,http://38.75.136.137:82/live1/jdtv2.m3u8?id=haydds&usign=tnO5JvE7EOUNT8al6DLMiw
国学频道,http://38.75.136.137:82/live1/jsb.m3u8?id=gxpd&usign=tnO5JvE7EOUNT8al6DLMiw
国学频道,http://38.75.136.137:82/live1/jsb1.m3u8?id=gxpd&usign=tnO5JvE7EOUNT8al6DLMiw
国学频道,http://38.75.136.137:82/live1/jsb.m3u8?id=gxpd&ip=whus25&usign=tnO5JvE7EOUNT8al6DLMiw
国学频道,http://38.75.136.137:82/live1/hatv.m3u8?id=gxpd&usign=tnO5JvE7EOUNT8al6DLMiw
国学频道,http://38.75.136.137:82/live2/bfgd.m3u8?id=4200000169&usign=tnO5JvE7EOUNT8al6DLMiw
国学频道,http://38.75.136.137:82/live1/jdtv2.m3u8?id=gxpd&usign=tnO5JvE7EOUNT8al6DLMiw
国学频道,http://38.75.136.137:82/live1/jdtv2.m3u8?id=gxpd&usign=tnO5JvE7EOUNT8al6DLMiw
梨园频道,http://live.dxhmt.cn:9080/19903718786/3159ec673c114135816d45dd52ad7396.m3u8
梨园频道,http://38.75.136.137:82/live1/hatv.m3u8?id=haly&usign=tnO5JvE7EOUNT8al6DLMiw
梨园频道,http://38.75.136.137:82/live1/jdtv2.m3u8?id=haly&usign=tnO5JvE7EOUNT8al6DLMiw
梨园频道,http://38.75.136.137:82/live1/jdtv2.m3u8?id=haly&usign=tnO5JvE7EOUNT8al6DLMiw
文物宝库,http://live.dxhmt.cn:9080/19903718786/503136115d714e6796389709a5c74f77.m3u8
文物宝库,http://38.75.136.137:82/live1/hatv.m3u8?id=hawwbk&usign=tnO5JvE7EOUNT8al6DLMiw
文物宝库,http://38.75.136.137:82/live1/jdtv2.m3u8?id=hawwbk&usign=tnO5JvE7EOUNT8al6DLMiw
文物宝库,http://38.75.136.137:82/live1/jdtv2.m3u8?id=hawwbk&usign=tnO5JvE7EOUNT8al6DLMiw
河南戏曲,http://38.75.136.137:82/live1/jdtv2.m3u8?isp=dx&id=haxq&usign=tnO5JvE7EOUNT8al6DLMiw
河南戏曲,http://38.75.136.137:82/live1/jdtv2.m3u8?isp=lt&id=haxq&usign=tnO5JvE7EOUNT8al6DLMiw
河南戏曲,http://media.hndyjyfw.gov.cn/live/jz-henanliyuan/live.m3u8
河南戏曲,http://38.75.136.137:82/live1/jdtv2.m3u8?id=haxq&usign=tnO5JvE7EOUNT8al6DLMiw
河南戏曲,http://38.75.136.137:82/live1/jdtv2.m3u8?id=haxq&usign=tnO5JvE7EOUNT8al6DLMiw
河南收藏天下,http://38.75.136.137:82/live1/jdtv2.m3u8?id=hasctx&usign=tnO5JvE7EOUNT8al6DLMiw
河南中华功夫,http://38.75.136.137:82/live1/jdtv2.m3u8?isp=dx&id=hazhgf&usign=tnO5JvE7EOUNT8al6DLMiw
河南中华功夫,http://38.75.136.137:82/live1/jdtv2.m3u8?isp=lt&id=hazhgf&usign=tnO5JvE7EOUNT8al6DLMiw
河南中华功夫,http://38.75.136.137:82/live1/jdtv2.m3u8?id=hazhgf&usign=tnO5JvE7EOUNT8al6DLMiw
河南文博,http://media.hndyjyfw.gov.cn/live/jz-henanwenwu/live.m3u8
河南睛彩中原,http://38.75.136.137:82/live1/jdtv2.m3u8?isp=dx&id=hatv11&usign=tnO5JvE7EOUNT8al6DLMiw
河南睛彩中原,http://38.75.136.137:82/live1/jdtv2.m3u8?isp=lt&id=hatv11&usign=tnO5JvE7EOUNT8al6DLMiw
河南睛彩中原,http://live.dxhmt.cn:9080/19903718786/854deb36f8db4c9098cad18cc35bd632.m3u8
河南睛彩中原,http://38.75.136.137:82/live1/jdtv2.m3u8?id=hatv11&usign=tnO5JvE7EOUNT8al6DLMiw
河南睛彩中原,http://38.75.136.137:82/live1/jdtv2.m3u8?id=hatv11&usign=tnO5JvE7EOUNT8al6DLMiw
河南移动戏曲,http://live.dxhmt.cn:9080/19903718786/a9aab4c5eef74da18d684c75c6dd7e10.m3u8
CCTV发现之旅,http://k.061899.xyz/k.php?id=fxzl
CCTV中学生,http://k.061899.xyz/k.php?id=zxs
CCTV老故事,http://k.061899.xyz/k.php?id=lgs
CGTN,http://k.061899.xyz/k.php?id=cgtn
CGTN纪录,http://k.061899.xyz/k.php?id=cgtnjl
CCTV西班牙语,http://k.061899.xyz/k.php?id=cgtne
CCTV法语,http://k.061899.xyz/k.php?id=cgtnf
CCTV阿拉伯语,http://k.061899.xyz/k.php?id=cgtna
CCTV俄语,http://k.061899.xyz/k.php?id=cgtnr
CETV 1 中国教育,http://k.061899.xyz/k.php?id=cetv1
CETV 2 中国教育,http://k.061899.xyz/k.php?id=cetv2
CETV 4 中国教育,http://k.061899.xyz/k.php?id=cetv4
大湾区卫视,http://k.061899.xyz/k.php?id=dwqws
安多卫视,http://k.061899.xyz/k.php?id=adws
广东影视,http://k.061899.xyz/k.php?id=gdys
上海新闻综合,http://k.061899.xyz/k.php?id=shxw
上海东方影视,http://k.061899.xyz/k.php?id=shys
上海第一财经,http://k.061899.xyz/k.php?id=dycj
河南移动戏曲,http://38.75.136.137:82/live1/hatv.m3u8?id=haydxq&usign=tnO5JvE7EOUNT8al6DLMiw
河南移动戏曲,http://38.75.136.137:82/live1/jdtv2.m3u8?id=haydxq&usign=tnO5JvE7EOUNT8al6DLMiw
河南移动戏曲,http://38.75.136.137:82/live1/jdtv2.m3u8?id=haydxq&usign=tnO5JvE7EOUNT8al6DLMiw
河南远程党员教育,http://media.hndyjyfw.gov.cn/live/jz-m-ycjy/live.m3u8
河南美食汇,http://38.75.136.137:82/live1/jdtv2.m3u8?id=hamsh&usign=tnO5JvE7EOUNT8al6DLMiw
河南美食汇,http://38.75.136.137:82/live1/jdtv2.m3u8?id=hamsh&usign=tnO5JvE7EOUNT8al6DLMiw
河南棋牌汇,http://38.75.136.137:82/live1/jdtv2.m3u8?id=haqph&usign=tnO5JvE7EOUNT8al6DLMiw
河南棋牌汇,http://38.75.136.137:82/live1/jdtv2.m3u8?id=haqph&usign=tnO5JvE7EOUNT8al6DLMiw
象视界,http://38.75.136.137:82/live1/hatv.m3u8?id=haxsj&usign=tnO5JvE7EOUNT8al6DLMiw
河南百姓调解,http://38.75.136.137:82/live1/jdtv2.m3u8?id=habxtj&usign=tnO5JvE7EOUNT8al6DLMiw
河南百姓调解,http://38.75.136.137:82/live1/jdtv2.m3u8?id=habxtj&usign=tnO5JvE7EOUNT8al6DLMiw
郑州新闻综合,http://38.75.136.137:82/live1/hoge.m3u8?ip=hazztv&id=103&usign=tnO5JvE7EOUNT8al6DLMiw
郑州新闻综合,http://38.75.136.137:82/live1/hazztv.m3u8?id=hazztv1&usign=tnO5JvE7EOUNT8al6DLMiw
郑州新闻综合,http://38.75.136.137:82/live1/hatv.m3u8?id=hazztv1&usign=tnO5JvE7EOUNT8al6DLMiw
郑州新闻综合,http://38.75.136.137:82/live1/jdtv2.m3u8?id=hazztv1&usign=tnO5JvE7EOUNT8al6DLMiw
郑州商都频道,http://38.75.136.137:82/live1/hoge.m3u8?ip=hazztv&id=104&usign=tnO5JvE7EOUNT8al6DLMiw
郑州商都频道,http://38.75.136.137:82/live1/hazztv.m3u8?id=hazztv2&usign=tnO5JvE7EOUNT8al6DLMiw
郑州商都频道,http://38.75.136.137:82/live1/jdtv2.m3u8?id=hazztv2&usign=tnO5JvE7EOUNT8al6DLMiw
郑州文体旅游,http://38.75.136.137:82/live1/hoge.m3u8?ip=hazztv&id=105&usign=tnO5JvE7EOUNT8al6DLMiw
郑州文体旅游,http://38.75.136.137:82/live1/hazztv.m3u8?id=hazztv3&usign=tnO5JvE7EOUNT8al6DLMiw
郑州文体旅游,http://38.75.136.137:82/live1/jdtv2.m3u8?id=hazztv3&usign=tnO5JvE7EOUNT8al6DLMiw
郑州豫剧频道,http://38.75.136.137:82/live1/hoge.m3u8?ip=hazztv&id=106&usign=tnO5JvE7EOUNT8al6DLMiw
郑州豫剧频道,http://38.75.136.137:82/live1/hazztv.m3u8?id=hazztv4&usign=tnO5JvE7EOUNT8al6DLMiw
郑州豫剧频道,http://38.75.136.137:82/live1/jdtv2.m3u8?id=hazztv4&usign=tnO5JvE7EOUNT8al6DLMiw
郑州妇女儿童,http://38.75.136.137:82/live1/hoge.m3u8?ip=hazztv&id=107&usign=tnO5JvE7EOUNT8al6DLMiw
郑州妇女儿童,http://38.75.136.137:82/live1/hazztv.m3u8?id=hazztv5&usign=tnO5JvE7EOUNT8al6DLMiw
郑州妇女儿童,http://38.75.136.137:82/live1/jdtv2.m3u8?id=hazztv5&usign=tnO5JvE7EOUNT8al6DLMiw
郑州都市生活,http://38.75.136.137:82/live1/hoge.m3u8?ip=hazztv&id=108&usign=tnO5JvE7EOUNT8al6DLMiw
郑州都市生活,http://38.75.136.137:82/live1/hazztv.m3u8?id=hazztv6&usign=tnO5JvE7EOUNT8al6DLMiw
郑州都市生活,http://38.75.136.137:82/live1/jdtv2.m3u8?id=hazztv6&usign=tnO5JvE7EOUNT8al6DLMiw
郑州教育频道,https://livezzutv.chinamcache.com/zb02/zb02.m3u8?auth_key=1694413413-0-0-fdccf5824fa42b4a2e285f73e7d2d12b
安阳新闻综合,rtmp://zhpull.dxhmt.cn/anyang/7e3b40563af54e2f9f48e2c67c5d9fab
安阳新闻综合,http://zhpull.dxhmt.cn/anyang/7e3b40563af54e2f9f48e2c67c5d9fab/playlist.m3u8
安阳新闻综合,http://38.75.136.137:82/live1/hatv.m3u8?id=haaytv1&usign=tnO5JvE7EOUNT8al6DLMiw
安阳新闻综合,http://38.75.136.137:82/live1/jdtv2.m3u8?id=haaytv1&usign=tnO5JvE7EOUNT8al6DLMiw
安阳文旅频道,http://zhpull.dxhmt.cn/anyang/24edb37167474b17948c6fbaf09890b8/playlist.m3u8
安阳文旅频道,http://38.75.136.137:82/live1/jdtv2.m3u8?id=haaytv3&usign=tnO5JvE7EOUNT8al6DLMiw
南阳新闻频道,http://38.75.136.137:82/live1/hanytv.m3u8?id=hanytv1&usign=tnO5JvE7EOUNT8al6DLMiw
南阳新闻频道,http://38.75.136.137:82/live1/hatv.m3u8?id=hanytv1&usign=tnO5JvE7EOUNT8al6DLMiw
欢笑剧场,http://k.061899.xyz/k.php?id=hxjc
经典香港电影,http://k.061899.xyz/k.php?id=xgdy
军事迷必看大片,http://k.061899.xyz/k.php?id=jsm
新片放映厅,http://k.061899.xyz/k.php?id=xpdy
红色轮播台,http://k.061899.xyz/k.php?id=hslb
金色剧场,http://k.061899.xyz/k.php?id=jsjc
NBA 经典,http://k.061899.xyz/k.php?id=nba
五大联赛经典,http://k.061899.xyz/k.php?id=lsjd
中国足球风云,http://k.061899.xyz/k.php?id=zqfy
掼蛋精英赛,http://k.061899.xyz/k.php?id=dds
咪咕24小时体育台,http://k.061899.xyz/k.php?id=mgty
嘉佳卡通,http://k.061899.xyz/k.php?id=jjkt
BRTV文艺,http://k.061899.xyz/k.php?id=bjwy
BRTV纪实科教,http://k.061899.xyz/k.php?id=bjjs
BRTV影视,http://k.061899.xyz/k.php?id=bjys
BRTV财经,http://k.061899.xyz/k.php?id=bjcj
BRTV体育休闲,http://k.061899.xyz/k.php?id=bjty
BRTV生活,http://k.061899.xyz/k.php?id=bjsh
BRTV新闻,http://k.061899.xyz/k.php?id=bjxw
卡酷少儿,http://k.061899.xyz/k.php?id=bjkk
掼蛋精英赛,http://k.061899.xyz/k.php?id=dds
高清大片,http://k.061899.xyz/k.php?id=gqdp
红色轮播台,http://k.061899.xyz/k.php?id=hslb
经典动画大集合,http://k.061899.xyz/k.php?id=dhdjh
经典深圳旁边电影,http://k.061899.xyz/k.php?id=xgdy
军事迷必看大片,http://k.061899.xyz/k.php?id=jsm
咪咕24小时体育台,http://k.061899.xyz/k.php?id=mgty
玫瑰轮播台,http://k.061899.xyz/k.php?id=mglbt
NBA经典,http://k.061899.xyz/k.php?id=nba
欧洲足球风云,http://k.061899.xyz/k.php?id=zqfy
赛事最经典,http://k.061899.xyz/k.php?id=sszjd
体坛名栏汇,http://k.061899.xyz/k.php?id=ttmlh
乡村振兴,http://k.061899.xyz/k.php?id=xczx
幸福中国年,http://k.061899.xyz/k.php?id=xfzgn
新片放映厅,http://k.061899.xyz/k.php?id=xpdy
周杰伦现场,http://k.061899.xyz/k.php?id=zjlxc
最强综艺趴,http://k.061899.xyz/k.php?id=zqzyp
金色剧场,http://k.061899.xyz/k.php?id=jsjc
CGTN外语纪录,http://mg.cttv.vip/609006487
南阳新闻频道,http://38.75.136.137:82/live1/jdtv2.m3u8?id=hanytv1&usign=tnO5JvE7EOUNT8al6DLMiw
南阳公共频道,http://38.75.136.137:82/live1/hanytv.m3u8?id=hanytv2&usign=tnO5JvE7EOUNT8al6DLMiw
南阳公共频道,http://38.75.136.137:82/live1/jdtv2.m3u8?id=hanytv2&usign=tnO5JvE7EOUNT8al6DLMiw
南阳科教频道,http://38.75.136.137:82/live1/hanytv.m3u8?id=hanytv3&usign=tnO5JvE7EOUNT8al6DLMiw
洛阳综合频道,http://wshls.live.migucloud.com/live/C788MHFD_C0/playlist.m3u8
洛阳综合频道,http://38.75.136.137:82/live1/hatv.m3u8?id=halytv1&usign=tnO5JvE7EOUNT8al6DLMiw
洛阳科教频道,http://wshls.live.migucloud.com/live/CXGQPXRK_C0/playlist.m3u8
洛阳文旅频道,http://wshls.live.migucloud.com/live/FJ7Q9PIT_C0/playlist.m3u8
焦作综合频道,http://zhpull.dxhmt.cn/jiaozuo/b75a92c9503e47cf9e89f7ff247b65f2/playlist.m3u8
焦作综合频道,http://38.75.136.137:82/live1/hatv.m3u8?id=hajztv1&usign=tnO5JvE7EOUNT8al6DLMiw
焦作公共频道,http://zhpull.dxhmt.cn/jiaozuo/29b65b69130c4ef1a3283cc7b913da05/playlist.m3u8
濮阳新闻综合,http://49368.hlsplay.aodianyun.com/tv_radio_49368/tv_channel_2480.m3u8?auth_key=4830532265-0-0-a23211dae85304b5f753cb511162a9df
濮阳新闻综合,http://38.75.136.137:82/live1/ady.m3u8?id=hapytv1&usign=tnO5JvE7EOUNT8al6DLMiw
濮阳新闻综合,http://38.75.136.137:82/live1/hatv.m3u8?id=hapytv1&usign=tnO5JvE7EOUNT8al6DLMiw
濮阳公共频道,http://49368.hlsplay.aodianyun.com/tv_radio_49368/tv_channel_3017.m3u8?auth_key=4830532402-0-0-8ddf5282fcd1a9f34372f9f57ce53ec1
濮阳公共频道,http://38.75.136.137:82/live1/ady.m3u8?id=hapytv2&usign=tnO5JvE7EOUNT8al6DLMiw
许昌综合频道,http://38.75.136.137:82/live1/hatv.m3u8?id=haxctv1&usign=tnO5JvE7EOUNT8al6DLMiw
许昌综合频道,http://live.s23.net:2017/live/xctv2.stream/playlist.m3u8
许昌文旅频道,http://live.s23.net:2017/live/xctv4.stream/playlist.m3u8
许昌农业科教,http://live.s23.net:2017/live/xctv1.stream/playlist.m3u8
睛彩许昌频道,http://live.s23.net:2017/live/xctv3.stream/playlist.m3u8
开封新闻综合,http://tvpull.dxhmt.cn:9081/tv/10200-2.m3u8
开封新闻综合,http://38.75.136.137:82/live1/hatv.m3u8?id=hakftv1&usign=tnO5JvE7EOUNT8al6DLMiw
开封新闻综合,http://live.dxhmt.cn:9081/tv/10200-2.m3u8
开封文化旅游,http://tvpull.dxhmt.cn:9081/tv/10200-3.m3u8
开封文化旅游,http://live.dxhmt.cn:9081/tv/10200-3.m3u8
周口新闻综合,http://125.44.139.18:8081/live/2216261506805201716.m3u8
周口新闻综合,http://38.75.136.137:82/live1/hatv.m3u8?id=hazktv1&usign=tnO5JvE7EOUNT8al6DLMiw
周口新闻综合,http://117.159.72.12:8081/live/2216261506805201716.m3u8
周口新闻综合,http://38.75.136.137:82/live1/jdtv2.m3u8?id=hazktv1&usign=tnO5JvE7EOUNT8al6DLMiw
周口新闻综合,http://38.75.136.137:82/live1/jdtv2.m3u8?id=hazktv1&usign=tnO5JvE7EOUNT8al6DLMiw
周口公共频道,http://125.44.139.18:8081/live/8606202505932165833.m3u8
周口公共频道,http://117.159.72.12:8081/live/8606202505932165833.m3u8
周口公共频道,http://38.75.136.137:82/live1/jdtv2.m3u8?id=hazktv2&usign=tnO5JvE7EOUNT8al6DLMiw
周口教育频道,http://125.44.139.18:8081/live/2548854934748691151.m3u8
周口教育频道,http://117.159.72.12:8081/live/2548854934748691151.m3u8
周口川汇频道,http://125.44.139.18:8081/live/6520562530090312540.m3u8
周口川汇频道,http://117.159.72.12:8081/live/6520562530090312540.m3u8
商丘新闻综合,https://play-txgz.vzan.com/slowlive/899859453853342540/live.m3u8?vzsign=78e240ea59b810c3c10dec31e596b56f&uid=0&uuid=fc4e2687f5d841368572baa013ac6dbe&vzsign2=293ec699aa14e821e8683b550bd77365
商丘新闻综合,https://p2.vzan.com/slowlive/899859453853342540/live.m3u8
商丘新闻综合,http://38.75.136.137:82/live1/hatv.m3u8?id=hasqtv1&usign=tnO5JvE7EOUNT8al6DLMiw
商丘新闻综合,http://38.75.136.137:82/live1/vzan.m3u8?id=hasqtv1&usign=tnO5JvE7EOUNT8al6DLMiw
商丘新闻综合,http://38.75.136.137:82/live1/jdtv2.m3u8?id=hasqtv1&usign=tnO5JvE7EOUNT8al6DLMiw
商丘公共频道,http://p2.vzan.com/slowlive/616515129359369330/live.m3u8?zbid=187521&tpid=1380517636&type=0
商丘文体科教,https://hw-kuai.vzan.com/live/616515129359369329.m3u8?auth_key=1690387200-187521-1380517636-1539aec2930b2818b6ac0fc7db59e15b&zbid=187521&tpid=1380517636&type=0
三门峡新闻综合,http://38.75.136.137:82/live1/hatv.m3u8?id=hasmx1&usign=tnO5JvE7EOUNT8al6DLMiw
信阳综合频道,https://rtmp.xytv.cn/live/514f8a62d467.m3u8
信阳综合频道,http://38.75.136.137:82/live1/hatv.m3u8?id=haxytv1&usign=tnO5JvE7EOUNT8al6DLMiw
信阳综合频道,http://38.75.136.137:82/live1/jdtv2.m3u8?id=haxytv1&usign=tnO5JvE7EOUNT8al6DLMiw
信阳文旅频道,https://rtmp.xytv.cn/live/118cfcf8c6df.m3u8
CGTN阿拉伯语,http://mg.cttv.vip/609154345
CGTN西班牙语,http://mg.cttv.vip/609006450
CGTN俄语,http://mg.cttv.vip/609006446
老故事,http://mg.cttv.vip/884121956
发现之旅,http://mg.cttv.vip/624878970
中学生,http://mg.cttv.vip/708869532
CGTN,http://mg.cttv.vip/609017205
大湾区卫视,http://mg.cttv.vip/608917627
海峡卫视,http://mg.cttv.vip/849119120
中国农林卫视,http://mg.cttv.vip/956904896
上海新闻综合,http://mg.cttv.vip/651632657
上视东方影视,http://mg.cttv.vip/617290047
上海第一财经,http://mg.cttv.vip/608780988
南京新闻综合频道,http://mg.cttv.vip/838109047
南京教科频道,http://mg.cttv.vip/838153729
南京十八频道,http://mg.cttv.vip/838151753
体育休闲频道,http://mg.cttv.vip/626064707
江苏城市频道,http://mg.cttv.vip/626064714
江苏国际,http://mg.cttv.vip/626064674
江苏教育,http://mg.cttv.vip/628008321
江苏影视频道,http://mg.cttv.vip/626064697
江苏综艺频道,http://mg.cttv.vip/626065193
公共新闻频道,http://mg.cttv.vip/626064693
信阳文旅频道,http://38.75.136.137:82/live1/jdtv2.m3u8?id=haxytv2&usign=tnO5JvE7EOUNT8al6DLMiw
信阳浉河电视,https://rtmp.xytv.cn/live/8b28047c9e6f.m3u8
信阳浉河电视,http://38.75.136.137:82/live1/jdtv2.m3u8?id=haxytv5&usign=tnO5JvE7EOUNT8al6DLMiw
信阳平桥电视,https://rtmp.xytv.cn/live/b998c92c650c.m3u8
信阳平桥电视,http://38.75.136.137:82/live1/jdtv2.m3u8?id=haxytv6&usign=tnO5JvE7EOUNT8al6DLMiw
信阳平桥电视,http://hnpjj.chinashadt.com:1935/live/stream:pq.stream/playlist.m3u8
漯河新闻综合,http://38.75.136.137:82/live1/hatv.m3u8?id=halhtv1&usign=tnO5JvE7EOUNT8al6DLMiw
漯河新闻综合,http://38.75.136.137:82/live1/jdtv2.m3u8?id=halhtv1&usign=tnO5JvE7EOUNT8al6DLMiw
漯河新闻综合,http://38.75.136.137:82/live1/jdtv2.m3u8?id=halhtv1&usign=tnO5JvE7EOUNT8al6DLMiw
漯河公共频道,http://38.75.136.137:82/live1/jdtv2.m3u8?id=halhtv2&usign=tnO5JvE7EOUNT8al6DLMiw
漯河公共频道,http://38.75.136.137:82/live1/jdtv2.m3u8?id=halhtv2&usign=tnO5JvE7EOUNT8al6DLMiw
济源电视一套,http://tvpull.dxhmt.cn:9081/tv/19001-1.m3u8
济源电视一套,http://38.75.136.137:82/live1/hatv.m3u8?id=hajytv1&usign=tnO5JvE7EOUNT8al6DLMiw
济源电视一套,http://live.dxhmt.cn:9081/tv/19001-1.m3u8
济源电视一套,http://218.28.111.98:81/hls/live2.m3u8
济源电视一套,rtmp://218.28.111.98:1935/live/live2
济源电视一套,http://38.75.136.137:82/live1/jdtv2.m3u8?id=hajytv1&usign=tnO5JvE7EOUNT8al6DLMiw
济源电视一套,http://38.75.136.137:82/live1/jdtv2.m3u8?id=hajytv1&usign=tnO5JvE7EOUNT8al6DLMiw
鹤壁综合频道,http://pili-live-hls.hebitv.com/hebi/hbtv.m3u8
鹤壁综合频道,http://38.75.136.137:82/live1/hatv.m3u8?id=hahbtv1&usign=tnO5JvE7EOUNT8al6DLMiw
驻马店新闻综合,https://p2hs.vzan.com/slowlive/856224149274600377/live.m3u8
驻马店新闻综合,http://38.75.136.137:82/live1/hatv.m3u8?id=hazmd1&usign=tnO5JvE7EOUNT8al6DLMiw
驻马店新闻综合,rtmp://tvlive.zmdtvw.cn/live/106770611978226682
驻马店新闻综合,http://38.75.136.137:82/live1/jdtv2.m3u8?id=hazmd1&usign=tnO5JvE7EOUNT8al6DLMiw
驻马店公共频道,https://p2hs.vzan.com/slowlive/692736859757132846/live.m3u8
驻马店公共频道,rtmp://tvlive.zmdtvw.cn/live/5927138998607870056
驻马店公共频道,http://38.75.136.137:82/live1/jdtv2.m3u8?id=hazmd2&usign=tnO5JvE7EOUNT8al6DLMiw
驻马店科教频道,https://p2hs.vzan.com/slowlive/321018633543177423/live.m3u8
驻马店科教频道,rtmp://tvlive.zmdtvw.cn/live/8395198981051753732
驻马店科教频道,http://38.75.136.137:82/live1/jdtv2.m3u8?id=hazmd3&usign=tnO5JvE7EOUNT8al6DLMiw
新乡新闻综合,http://38.75.136.137:82/live1/hatv.m3u8?id=haxxtv1&usign=tnO5JvE7EOUNT8al6DLMiw
平顶山新闻,http://38.75.136.137:82/live1/hatv.m3u8?id=hapds1&usign=tnO5JvE7EOUNT8al6DLMiw
平顶山新闻,http://live.muzhifm.com/shuazhibo/room2980_pc.m3u8?auth_key=1785035772-0-0-320b3c9961718d03cbecc9021bd27580
平顶山新闻,http://live.dxhmt.cn:9080/13781808226/9a468f23270e457d8872da5e630d9e54.m3u8
平顶山新闻,http://38.75.136.137:82/live1/jdtv2.m3u8?id=hapds1&usign=tnO5JvE7EOUNT8al6DLMiw
平顶山城市,http://live.muzhifm.com/shuazhibo/room2982_pc.m3u8?auth_key=1785035772-0-0-2e1f9c256448a75c1fc656a32a12794d
平顶山城市,http://live.dxhmt.cn:9080/13781808226/9cd43fb472b04787970623e77ae58199.m3u8
平顶山城市,http://38.75.136.137:82/live1/jdtv2.m3u8?id=hapds2&usign=tnO5JvE7EOUNT8al6DLMiw
平顶山公共,http://live.muzhifm.com/shuazhibo/room2983_pc.m3u8?auth_key=1785035772-0-0-e8ae97c4402a8d3cf8ba7d8c7441f515
平顶山公共,http://live.dxhmt.cn:9080/13781808226/fd44664050dc4e8c8b1157e869721c0e.m3u8
平顶山公共,http://38.75.136.137:82/live1/jdtv2.m3u8?id=hapds3&usign=tnO5JvE7EOUNT8al6DLMiw
平顶山教育,http://219.150.204.175:81/hls/live1.m3u8
平顶山教育,rtmp://219.150.204.175/live/live1
睢县新闻频道,http://tvpull.dxhmt.cn:9081/tv/11422-1.m3u8
睢县新闻频道,http://live.dxhmt.cn:9081/tv/11422-1.m3u8
夏邑新闻频道,http://tvpull.dxhmt.cn:9081/tv/11426-1.m3u8
夏邑新闻频道,http://live.dxhmt.cn:9081/tv/11426-1.m3u8
永城新闻综合,http://tvpull.dxhmt.cn:9081/tv/11481-1.m3u8
永城新闻综合,http://live.dxhmt.cn:9081/tv/11481-1.m3u8
永城科教文卫,http://tvpull.dxhmt.cn:9081/tv/11481-2.m3u8
永城科教文卫,http://live.dxhmt.cn:9081/tv/11481-2.m3u8
虞城新闻综合,http://38.75.136.137:82/live1/jdtv2.m3u8?id=hasqyu1&usign=tnO5JvE7EOUNT8al6DLMiw
虞城新闻综合,http://live.dxhmt.cn:9081/tv/11425-1.m3u8
虞城电视台-1,http://38.75.136.137:82/live1/jdtv2.m3u8?id=hasqyu2&usign=tnO5JvE7EOUNT8al6DLMiw
登封综合频道,http://tvpull.dxhmt.cn:9081/tv/10185-1.m3u8
盐城新闻综合,http://mg.cttv.vip/639731825
淮安新闻综合,http://mg.cttv.vip/639731826
泰州新闻综合,http://mg.cttv.vip/639731818
连云港新闻综合,http://mg.cttv.vip/639731715
宿迁新闻综合,http://mg.cttv.vip/639731832
徐州新闻综合,http://mg.cttv.vip/639731747
优漫卡通频道,http://mg.cttv.vip/626064703
江阴新闻综合,http://mg.cttv.vip/955227979
南通新闻综合,http://mg.cttv.vip/955227985
宜兴新闻综合,http://mg.cttv.vip/955227996
溧水新闻综合,http://mg.cttv.vip/639737327
陕西银龄频道,http://mg.cttv.vip/956909362
陕西都市青春频道,http://mg.cttv.vip/956909358
陕西秦腔频道,http://mg.cttv.vip/956909303
陕西新闻资讯频道,http://mg.cttv.vip/956909289
财富天下,http://mg.cttv.vip/956923159
镇江新闻综合,http://mg.cttv.vip/639731783
海南广播电视总台新闻频道,http://mg.cttv.vip/962067517
海南广播电视总台自贸频道,http://mg.cttv.vip/962045226
海南广播电视总台社会与法频道,http://mg.cttv.vip/962045223
海南广播电视总台文旅频道,http://mg.cttv.vip/962067526
海南广播电视总台少儿频道,http://mg.cttv.vip/962067523
赛事最经典,http://mg.cttv.vip/646596895
体坛名栏汇,http://mg.cttv.vip/629943305
四海钓鱼,http://mg.cttv.vip/637444975
陕西体育休闲频道,http://mg.cttv.vip/956909356
24小时城市联赛轮播台,http://mg.cttv.vip/915512915
经典香港电影,http://mg.cttv.vip/625703337
抗战经典影片,http://mg.cttv.vip/617432318
新片放映厅,http://mg.cttv.vip/619495952
登封综合频道,http://live.dxhmt.cn:9081/tv/10185-1.m3u8
巩义综合,http://tvpull.dxhmt.cn:9081/tv/10181-1.m3u8
巩义综合,http://live.dxhmt.cn:9081/tv/10181-1.m3u8
上街电视台,http://tvpull.dxhmt.cn:9081/tv/10106-1.m3u8
上街电视台,http://live.dxhmt.cn:9081/tv/10106-1.m3u8
新密新闻频道,http://tvpull.dxhmt.cn:9081/tv/10183-2.m3u8
新密新闻频道,http://live.dxhmt.cn:9081/tv/10183-2.m3u8
荥阳综合,http://tvpull.dxhmt.cn:9081/tv/10182-1.m3u8
荥阳综合,http://live.dxhmt.cn:9081/tv/10182-1.m3u8
新郑综合频道,http://tvpull.dxhmt.cn:9081/tv/10184-1.m3u8
新郑综合频道,https://hb2stream1.baoxinwen.com/f8b5789ab408dcec/10009226_1600671102.m3u8?auth_key=1893456000-0-0-fc464e0a68af033acbbf0a877a4d7b7e
新郑综合频道,http://live.dxhmt.cn:9081/tv/10184-1.m3u8
宝丰综合频道,http://tvpull.dxhmt.cn:9081/tv/10421-1.m3u8
宝丰综合频道,http://live.dxhmt.cn:9081/tv/10421-1.m3u8
郏县综合频道,http://tvpull.dxhmt.cn:9081/tv/10425-1.m3u8
郏县综合频道,http://live.dxhmt.cn:9081/tv/10425-1.m3u8
鲁山综合频道,http://tvpull.dxhmt.cn:9081/tv/10423-1.m3u8
鲁山综合频道,http://live.dxhmt.cn:9081/tv/10423-1.m3u8
汝州新闻频道,http://tvpull.dxhmt.cn:9081/tv/10482-1.m3u8
汝州新闻频道,http://live.dxhmt.cn:9081/tv/10482-1.m3u8
舞钢新闻综合,http://tvpull.dxhmt.cn:9081/tv/10481-1.m3u8
舞钢新闻综合,http://live.dxhmt.cn:9081/tv/10481-1.m3u8
舞钢新闻综合,http://live.dxhmt.cn:9080/13937510433/1fd30c3556cd401089d087167a7879fe.m3u8
叶县一套,http://tvpull.dxhmt.cn:9081/tv/10422-1.m3u8
叶县一套,http://live.dxhmt.cn:9081/tv/10422-1.m3u8
栾川新闻频道,http://wshls.live.migucloud.com/live/LVVUJGFD_C0/playlist.m3u8
栾川新闻频道,http://tvpull.dxhmt.cn:9081/tv/10324-1.m3u8
栾川新闻频道,http://live.dxhmt.cn:9081/tv/10324-1.m3u8
洛宁综合频道,http://tvpull.dxhmt.cn:9081/tv/10328-1.m3u8
洛宁综合频道,http://live.dxhmt.cn:9081/tv/10328-1.m3u8
孟津新闻频道,http://tvpull.dxhmt.cn:9081/tv/10322-2.m3u8
孟津新闻频道,http://live.mjxrmt.com/live/18911069253/index.m3u8
孟津新闻频道,http://live.dxhmt.cn:9081/tv/10322-2.m3u8
汝阳综合频道,http://wshls.live.migucloud.com/live/U6X3VPCB_C0/playlist.m3u8
汝阳综合频道,http://tvpull.dxhmt.cn:9081/tv/10326-1.m3u8
汝阳综合频道,http://live.dxhmt.cn:9081/tv/10326-1.m3u8
嵩县综合新闻,http://wshls.live.migucloud.com/live/MZCYG799_C0/playlist.m3u8
嵩县综合新闻,http://tvpull.dxhmt.cn:9081/tv/10325-1.m3u8
嵩县综合新闻,http://live.dxhmt.cn:9081/tv/10325-1.m3u8
CHC影迷电影,http://mg.cttv.vip/952383261
和美乡途轮播台,http://mg.cttv.vip/713591450
南方影视,http://mg.cttv.vip/614961829
中国航天“逆袭”之路,http://mg.cttv.vip/713600957
中国天气,http://mg.cttv.vip/959986621
山东教育,http://mg.cttv.vip/609154353
熊猫频道01高清,http://mg.cttv.vip/609158151
熊猫频道1,http://mg.cttv.vip/608933610
熊猫频道2,http://mg.cttv.vip/608933640
熊猫频道3,http://mg.cttv.vip/608934619
熊猫频道4,http://mg.cttv.vip/608934721
熊猫频道5,http://mg.cttv.vip/608935104
熊猫频道6,http://mg.cttv.vip/608935797
熊猫频道7,http://mg.cttv.vip/609169286
熊猫频道8,http://mg.cttv.vip/609169287
熊猫频道9,http://mg.cttv.vip/609169226
熊猫频道10,http://mg.cttv.vip/609169285
最强综艺趴,http://mg.cttv.vip/629942228
嘉佳卡通,http://mg.cttv.vip/614952364
经典动画大集合,http://mg.cttv.vip/629942219
新动漫,http://mg.cttv.vip/961930269
新动力量创一流,http://mg.cttv.vip/713589837
中华特产,http://mg.cttv.vip/959986618
环球旅游,http://mg.cttv.vip/958475356
梨园频道,http://mg.cttv.vip/961930369
CGTN外语纪录,http://wfenf.x3322.net:7788/609006487
CGTN阿拉伯语,http://wfenf.x3322.net:7788/609154345
CGTN西班牙语,http://wfenf.x3322.net:7788/609006450
CGTN俄语,http://wfenf.x3322.net:7788/609006446
老故事,http://wfenf.x3322.net:7788/884121956
发现之旅,http://wfenf.x3322.net:7788/624878970
中学生,http://wfenf.x3322.net:7788/708869532
CGTN,http://wfenf.x3322.net:7788/609017205
大湾区卫视,http://wfenf.x3322.net:7788/608917627
海峡卫视,http://wfenf.x3322.net:7788/849119120
中国农林卫视,http://wfenf.x3322.net:7788/956904896
上海新闻综合,http://wfenf.x3322.net:7788/651632657
上视东方影视,http://wfenf.x3322.net:7788/617290047
上海第一财经,http://wfenf.x3322.net:7788/608780988
南京新闻综合频道,http://wfenf.x3322.net:7788/838109047
南京教科频道,http://wfenf.x3322.net:7788/838153729
南京十八频道,http://wfenf.x3322.net:7788/838151753
体育休闲频道,http://wfenf.x3322.net:7788/626064707
江苏城市频道,http://wfenf.x3322.net:7788/626064714
江苏国际,http://wfenf.x3322.net:7788/626064674
江苏教育,http://wfenf.x3322.net:7788/628008321
新安新闻综合,http://tvpull.dxhmt.cn:9081/tv/10323-1.m3u8
新安新闻综合,http://live.dxhmt.cn:9081/tv/10323-1.m3u8
伊川电视台,http://wshls.live.migucloud.com/live/3MNZMB3O_C0/playlist.m3u8
伊川电视台,http://live.dxhmt.cn:9081/tv/10329-1.m3u8
伊川电视台,http://tvpull.dxhmt.cn:9081/tv/10329-1.m3u8
偃师新闻频道,http://wshls.live.migucloud.com/live/K7AFC7J6_C0/playlist.m3u8
偃师新闻频道,http://tvpull.dxhmt.cn:9081/tv/10381-1.m3u8
偃师新闻频道,http://live.dxhmt.cn:9081/tv/10381-1.m3u8
宜阳综合频道,http://tvpull.dxhmt.cn:9081/tv/10327-1.m3u8
宜阳综合频道,http://live.dxhmt.cn:9081/tv/10327-1.m3u8
孟州综合,http://tvpull.dxhmt.cn:9081/tv/10883-1.m3u8
孟州综合,http://live.dxhmt.cn:9081/tv/10883-1.m3u8
沁阳新闻综合,http://tvpull.dxhmt.cn:9081/tv/10882-1.m3u8
沁阳新闻综合,http://live.dxhmt.cn:9081/tv/10882-1.m3u8
温县综合,http://tvpull.dxhmt.cn:9081/tv/10825-1.m3u8
温县综合,http://live.dxhmt.cn:9081/tv/10825-1.m3u8
武陟新闻综合,http://tvpull.dxhmt.cn:9081/tv/10823-1.m3u8
武陟新闻综合,http://live.dxhmt.cn:9080/wuzhiAdmin/719b76b2e06e456e9b30ad2b03e9122d.m3u8
武陟新闻综合,http://live.dxhmt.cn:9081/tv/10823-1.m3u8
邓州新闻,http://tvpull.dxhmt.cn:9081/tv/11381-1.m3u8
邓州新闻,http://live.dxhmt.cn:9081/tv/11381-1.m3u8
方城一套,http://tvpull.dxhmt.cn:9081/tv/11322-1.m3u8
方城一套,http://live.dxhmt.cn:9081/tv/11322-1.m3u8
方城一套,http://219.154.156.75:3080/live/fc720/index.m3u8
方城一套,rtmp://219.154.156.75:3935/live/fc720
内乡综合,http://tvpull.dxhmt.cn:9081/tv/11325-1.m3u8
内乡综合,http://live.dxhmt.cn:9081/tv/11325-1.m3u8
桐柏新闻综合,http://tvpull.dxhmt.cn:9081/tv/11330-1.m3u8
桐柏新闻综合,http://live.dxhmt.cn:9081/tv/11330-1.m3u8
唐河一套,http://tvpull.dxhmt.cn:9081/tv/11328-1.m3u8
唐河一套,http://live.dxhmt.cn:9081/tv/11328-1.m3u8
淅川综合,http://tvpull.dxhmt.cn:9081/tv/11326-1.m3u8
淅川综合,http://live.dxhmt.cn:9081/tv/11326-1.m3u8
西峡综合,http://tvpull.dxhmt.cn:9081/tv/11323-1.m3u8
西峡综合,http://live.dxhmt.cn:9081/tv/11323-1.m3u8
新野综合,http://tvpull.dxhmt.cn:9081/tv/11329-1.m3u8
新野综合,http://live.dxhmt.cn:9081/tv/11329-1.m3u8
镇平新闻综合,http://tvpull.dxhmt.cn:9081/tv/11324-1.m3u8
镇平新闻综合,http://live.dxhmt.cn:9081/tv/11324-1.m3u8
郸城新闻综合,http://tvpull.dxhmt.cn:9081/tv/11625-1.m3u8
郸城新闻综合,http://live.dxhmt.cn:9081/tv/11625-1.m3u8
郸城新闻综合,http://hndc.chinashadt.com:2036/live/stream:dctv-1.stream/playlist.m3u8
扶沟综合频道,http://tvpull.dxhmt.cn:9081/tv/11621-1.m3u8
扶沟综合频道,http://live.dxhmt.cn:9081/tv/11621-1.m3u8
鹿邑新闻频道,http://tvpull.dxhmt.cn:9081/tv/11628-1.m3u8
鹿邑新闻频道,http://live.dxhmt.cn:9081/tv/11628-1.m3u8
沈丘新闻综合,http://tvpull.dxhmt.cn:9081/tv/11624-1.m3u8
沈丘新闻综合,http://live.dxhmt.cn:9081/tv/11624-1.m3u8
太康综合,http://tvpull.dxhmt.cn:9081/tv/11627-1.m3u8
太康综合,http://live.dxhmt.cn:9081/tv/11627-1.m3u8
项城新闻,https://play-hsbj.vzan.com/978354/446938712125478466/live.m3u8
项城新闻,http://tvpull.dxhmt.cn:9081/tv/11681-1.m3u8
项城新闻,http://live.dxhmt.cn:9081/tv/11681-1.m3u8
西华综合频道,http://tvpull.dxhmt.cn:9081/tv/11622-1.m3u8
西华综合频道,http://live.dxhmt.cn:9081/tv/11622-1.m3u8
兰考新闻频道,http://tvpull.dxhmt.cn:9081/tv/10225-1.m3u8
兰考新闻频道,http://live.dxhmt.cn:9081/tv/10225-1.m3u8
杞县新闻综合,http://tvpull.dxhmt.cn:9081/tv/10221-1.m3u8
杞县新闻综合,http://live.dxhmt.cn:9081/tv/10221-1.m3u8
通许综合频道,http://tvpull.dxhmt.cn:9081/tv/10222-1.m3u8
通许综合频道,http://live.dxhmt.cn:9081/tv/10222-1.m3u8
尉氏综合频道,http://tvpull.dxhmt.cn:9081/tv/10223-1.m3u8
尉氏综合频道,http://live.dxhmt.cn:9081/tv/10223-1.m3u8
祥符新闻综合,http://tvpull.dxhmt.cn:9081/tv/10212-1.m3u8
江苏影视频道,http://wfenf.x3322.net:7788/626064697
江苏综艺频道,http://wfenf.x3322.net:7788/626065193
公共新闻频道,http://wfenf.x3322.net:7788/626064693
盐城新闻综合,http://wfenf.x3322.net:7788/639731825
淮安新闻综合,http://wfenf.x3322.net:7788/639731826
泰州新闻综合,http://wfenf.x3322.net:7788/639731818
连云港新闻综合,http://wfenf.x3322.net:7788/639731715
宿迁新闻综合,http://wfenf.x3322.net:7788/639731832
徐州新闻综合,http://wfenf.x3322.net:7788/639731747
优漫卡通频道,http://wfenf.x3322.net:7788/626064703
江阴新闻综合,http://wfenf.x3322.net:7788/955227979
南通新闻综合,http://wfenf.x3322.net:7788/955227985
宜兴新闻综合,http://wfenf.x3322.net:7788/955227996
溧水新闻综合,http://wfenf.x3322.net:7788/639737327
陕西银龄频道,http://wfenf.x3322.net:7788/956909362
陕西都市青春频道,http://wfenf.x3322.net:7788/956909358
陕西秦腔频道,http://wfenf.x3322.net:7788/956909303
陕西新闻资讯频道,http://wfenf.x3322.net:7788/956909289
财富天下,http://wfenf.x3322.net:7788/956923159
镇江新闻综合,http://wfenf.x3322.net:7788/639731783
海南广播电视总台新闻频道,http://wfenf.x3322.net:7788/962067517
海南广播电视总台自贸频道,http://wfenf.x3322.net:7788/962045226
海南广播电视总台社会与法频道,http://wfenf.x3322.net:7788/962045223
海南广播电视总台文旅频道,http://wfenf.x3322.net:7788/962067526
海南广播电视总台少儿频道,http://wfenf.x3322.net:7788/962067523
赛事最经典,http://wfenf.x3322.net:7788/646596895
体坛名栏汇,http://wfenf.x3322.net:7788/629943305
四海钓鱼,http://wfenf.x3322.net:7788/637444975
祥符新闻综合,http://live.dxhmt.cn:9081/tv/10212-1.m3u8
临颍综合频道,http://tvpull.dxhmt.cn:9081/tv/11122-1.m3u8
临颍综合频道,http://live.dxhmt.cn:9081/tv/11122-1.m3u8
临颍综合频道,http://38.75.136.137:82/live1/jdtv2.m3u8?id=halhly1&usign=tnO5JvE7EOUNT8al6DLMiw
临颍综合频道,http://38.75.136.137:82/live1/jdtv2.m3u8?id=halhly1&usign=tnO5JvE7EOUNT8al6DLMiw
舞阳新闻综合,http://tvpull.dxhmt.cn:9081/tv/11121-1.m3u8
舞阳新闻综合,http://live.dxhmt.cn:9081/tv/11121-1.m3u8
舞阳新闻综合,http://38.75.136.137:82/live1/jdtv2.m3u8?id=halhwy1&usign=tnO5JvE7EOUNT8al6DLMiw
舞阳新闻综合,http://38.75.136.137:82/live1/jdtv2.m3u8?id=halhwy1&usign=tnO5JvE7EOUNT8al6DLMiw
泌阳新闻综合,http://tvpull.dxhmt.cn:9081/tv/11726-1.m3u8
泌阳新闻综合,http://live.dxhmt.cn:9081/tv/11726-1.m3u8
平舆综合,http://tvpull.dxhmt.cn:9081/tv/11723-1.m3u8
平舆综合,http://live.dxhmt.cn:9081/tv/11723-1.m3u8
确山综合,http://tvpull.dxhmt.cn:9081/tv/11725-1.m3u8
确山综合,http://live.dxhmt.cn:9081/tv/11725-1.m3u8
汝南综合,http://tvpull.dxhmt.cn:9081/tv/11727-1.m3u8
汝南综合,http://live.dxhmt.cn:9081/tv/11727-1.m3u8
汝南综合,http://38.75.136.137:82/live1/jdtv2.m3u8?id=hazmdrn1&usign=tnO5JvE7EOUNT8al6DLMiw
上蔡综合,http://tvpull.dxhmt.cn:9081/tv/11722-1.m3u8
上蔡综合,http://live.dxhmt.cn:9081/tv/11722-1.m3u8
遂平一套,http://tvpull.dxhmt.cn:9081/tv/11728-1.m3u8
遂平一套,http://live.dxhmt.cn:9081/tv/11728-1.m3u8
新蔡综合,http://tvpull.dxhmt.cn:9081/tv/11729-1.m3u8
新蔡综合,http://live.dxhmt.cn:9081/tv/11729-1.m3u8
西平综合,http://tvpull.dxhmt.cn:9081/tv/11721-1.m3u8
西平综合,http://live.dxhmt.cn:9081/tv/11721-1.m3u8
正阳一套,https://hngd-cdn-hls-pull-tx-1.hntv.tv/saas_live/de29284c0e804678a87034bf8da52e98_6000/playlist.m3u8?wsSecret=11b74f4276cafb732f104cf17404aad6&wsTime=1997572478
正阳一套,https://hngd-cdn-hls-pull-tx-1.hntv.tv/saas_live/de29284c0e804678a87034bf8da52e98_3000/playlist.m3u8?wsSecret=d052452f1aefa00698dc5d0a87b291a3&wsTime=1997572478
正阳一套,https://hngd-cdn-hls-pull-tx-1.hntv.tv/saas_live/de29284c0e804678a87034bf8da52e98/playlist.m3u8?wsSecret=1b535edb7648e901233a8be399298572&wsTime=1997572478
正阳一套,http://tvpull.dxhmt.cn:9081/tv/11724-1.m3u8
正阳一套,http://live.dxhmt.cn:9081/tv/11724-1.m3u8
长垣综合频道,http://tvpull.dxhmt.cn:9081/tv/10728-1.m3u8
长垣综合频道,http://live.dxhmt.cn:9081/tv/10728-1.m3u8
封丘新闻综合,http://tvpull.dxhmt.cn:9081/tv/10727-1.m3u8
封丘新闻综合,http://live.dxhmt.cn:9081/tv/10727-1.m3u8
获嘉综合频道,http://tvpull.dxhmt.cn:9081/tv/10724-1.m3u8
获嘉综合频道,http://live.dxhmt.cn:9081/tv/10724-1.m3u8
辉县新闻综合,http://tvpull.dxhmt.cn:9081/tv/10782-1.m3u8
辉县新闻综合,http://live.dxhmt.cn:9081/tv/10782-1.m3u8
卫辉综合频道,http://tvpull.dxhmt.cn:9081/tv/10781-1.m3u8
卫辉综合频道,http://live.dxhmt.cn:9081/tv/10781-1.m3u8
新乡县电视台,http://tvpull.dxhmt.cn:9081/tv/10721-1.m3u8
新乡县电视台,http://live.dxhmt.cn:9081/tv/10721-1.m3u8
延津综合频道,http://tvpull.dxhmt.cn:9081/tv/10726-1.m3u8
延津综合频道,http://live.dxhmt.cn:9081/tv/10726-1.m3u8
原阳新闻综合,http://tvpull.dxhmt.cn:9081/tv/10725-1.m3u8
原阳新闻综合,http://live.dxhmt.cn:9081/tv/10725-1.m3u8
灵宝新闻综合,http://tvpull.dxhmt.cn:9081/tv/11282-1.m3u8
灵宝新闻综合,http://live.dxhmt.cn:9081/tv/11282-1.m3u8
卢氏综合频道,http://tvpull.dxhmt.cn:9081/tv/11224-1.m3u8
卢氏综合频道,http://live.dxhmt.cn:9081/tv/11224-1.m3u8
渑池新闻综合,http://tvpull.dxhmt.cn:9081/tv/11221-1.m3u8
渑池新闻综合,http://live.dxhmt.cn:9081/tv/11221-1.m3u8
渑池新闻综合,http://38.75.136.137:82/live1/jdtv2.m3u8?id=hasmxmc1&usign=tnO5JvE7EOUNT8al6DLMiw
陕州综合频道,http://tvpull.dxhmt.cn:9081/tv/11203-1.m3u8
陕州综合频道,http://live.dxhmt.cn:9081/tv/11203-1.m3u8
义马新闻综合,http://tvpull.dxhmt.cn:9081/tv/11281-1.m3u8
义马新闻综合,http://live.dxhmt.cn:9081/tv/11281-1.m3u8
滑县新闻,http://tvpull.dxhmt.cn:9081/tv/10526-1.m3u8
滑县新闻,http://live.dxhmt.cn:9081/tv/10526-1.m3u8
林州综合,http://tvpull.dxhmt.cn:9081/tv/10581-1.m3u8
林州综合,http://live.dxhmt.cn:9081/tv/10581-1.m3u8
林州综合,http://38.75.136.137:82/live1/jdtv2.m3u8?id=haaylz1&usign=tnO5JvE7EOUNT8al6DLMiw
陕西体育休闲频道,http://wfenf.x3322.net:7788/956909356
24小时城市联赛轮播台,http://wfenf.x3322.net:7788/915512915
建党105周年巡礼,http://wfenf.x3322.net:7788/713600957
经典香港电影,http://wfenf.x3322.net:7788/625703337
新片放映厅,http://wfenf.x3322.net:7788/619495952
CHC影迷电影,http://wfenf.x3322.net:7788/952383261
和美乡途轮播台,http://wfenf.x3322.net:7788/713591450
南方影视,http://wfenf.x3322.net:7788/614961829
中国天气,http://wfenf.x3322.net:7788/959986621
山东教育,http://wfenf.x3322.net:7788/609154353
熊猫频道01高清,http://wfenf.x3322.net:7788/609158151
熊猫频道1,http://wfenf.x3322.net:7788/608933610
熊猫频道2,http://wfenf.x3322.net:7788/608933640
熊猫频道3,http://wfenf.x3322.net:7788/608934619
熊猫频道4,http://wfenf.x3322.net:7788/608934721
熊猫频道5,http://wfenf.x3322.net:7788/608935104
熊猫频道6,http://wfenf.x3322.net:7788/608935797
熊猫频道7,http://wfenf.x3322.net:7788/609169286
熊猫频道8,http://wfenf.x3322.net:7788/609169287
熊猫频道9,http://wfenf.x3322.net:7788/609169226
熊猫频道10,http://wfenf.x3322.net:7788/609169285
最强综艺趴,http://wfenf.x3322.net:7788/629942228
嘉佳卡通,http://wfenf.x3322.net:7788/614952364
经典动画大集合,http://wfenf.x3322.net:7788/629942219
新动漫,http://wfenf.x3322.net:7788/961930269
新动力量创一流,http://wfenf.x3322.net:7788/713589837
中华特产,http://wfenf.x3322.net:7788/959986618
环球旅游,http://wfenf.x3322.net:7788/958475356
梨园频道,http://wfenf.x3322.net:7788/961930369
移动网专用,1
内黄综合频道,http://tvpull.dxhmt.cn:9081/tv/10527-1.m3u8
内黄综合频道,http://live.dxhmt.cn:9081/tv/10527-1.m3u8
汤阴综合,http://tvpull.dxhmt.cn:9081/tv/10523-1.m3u8
汤阴综合,http://live.dxhmt.cn:9081/tv/10523-1.m3u8
淇县电视台,http://tvpull.dxhmt.cn:9081/tv/10622-1.m3u8
淇县电视台,http://live.dxhmt.cn:9081/tv/10622-1.m3u8
浚县一套,http://tvpull.dxhmt.cn:9081/tv/10621-1.m3u8
浚县一套,http://live.dxhmt.cn:9081/tv/10621-1.m3u8
浚县一套,http://38.75.136.137:82/live1/hahbxx.m3u8?id=hahbxx1&usign=tnO5JvE7EOUNT8al6DLMiw
浚县一套,http://zhxx.chinashadt.com:2036/zhibo/1.stream/playlist.m3u8
范县新闻综合,http://live.dxhmt.cn:9080/13603832636/13abd3089d9c47058fe34c49a6182981.m3u8
华龙有线,http://tvpull.dxhmt.cn:9081/tv/10902-1.m3u8
华龙有线,http://live.dxhmt.cn:9081/tv/10902-1.m3u8
南乐综合频道,http://tvpull.dxhmt.cn:9081/tv/10923-1.m3u8
南乐综合频道,http://live.dxhmt.cn:9081/tv/10923-1.m3u8
濮阳县电视台,http://zhpull.dxhmt.cn/puyangxian/0779dbf4086a455fa1f36e3d56740a41/playlist.m3u8
台前新闻综合,http://tvpull.dxhmt.cn:9081/tv/10927-1.m3u8
台前新闻综合,http://live.dxhmt.cn:9081/tv/10927-1.m3u8
光山综合频道,http://tvpull.dxhmt.cn:9081/tv/11522-1.m3u8
光山综合频道,http://live.dxhmt.cn:9081/tv/11522-1.m3u8
固始综合频道,http://tvpull.dxhmt.cn:9081/tv/11525-1.m3u8
固始综合频道,http://live.dxhmt.cn:9081/tv/11525-1.m3u8
淮滨综合频道,http://tvpull.dxhmt.cn:9081/tv/11527-1.m3u8
淮滨综合频道,http://live.dxhmt.cn:9081/tv/11527-1.m3u8
潢川综合频道,http://tvpull.dxhmt.cn:9081/tv/11526-1.m3u8
潢川综合频道,http://live.dxhmt.cn:9081/tv/11526-1.m3u8
罗山综合频道,http://tvpull.dxhmt.cn:9081/tv/11521-1.m3u8
罗山综合频道,http://live.dxhmt.cn:9081/tv/11521-1.m3u8
商城新闻频道,http://tvpull.dxhmt.cn:9081/tv/11524-1.m3u8
商城新闻频道,http://live.dxhmt.cn:9081/tv/11524-1.m3u8
新县综合频道,http://tvpull.dxhmt.cn:9081/tv/11523-1.m3u8
新县综合频道,http://live.dxhmt.cn:9081/tv/11523-1.m3u8
息县综合频道,http://120.194.173.75:6060/0.ts
长葛电视台,http://live.dxhmt.cn:9081/tv/11082-1.m3u8
建安综合频道,http://tvpull.dxhmt.cn:9081/tv/11003-1.m3u8
建安综合频道,http://live.dxhmt.cn:9081/tv/11003-1.m3u8
襄城综合频道,http://tvpull.dxhmt.cn:9081/tv/11025-1.m3u8
襄城综合频道,http://live.dxhmt.cn:9081/tv/11025-1.m3u8
鄢陵综合频道,http://tvpull.dxhmt.cn:9081/tv/11024-1.m3u8
鄢陵综合频道,http://live.dxhmt.cn:9081/tv/11024-1.m3u8
CCTV-4K超高清,http://38.75.136.137:98/gslb/dsdqpub/cctv4k.m3u8?auth=testpub
CCTV-8K超高清,http://38.75.136.137:98/gslb/dsdqpub/cctv8k.m3u8?auth=testpub
早期教育,http://38.75.136.137:98/gslb/dsdqpub/zqjy.m3u8?auth=testpub
CHC影迷电影,http://38.75.136.137:98/gslb/dsdqpub/chchd.m3u8?auth=testpub
重温经典,http://38.75.136.137:98/gslb/dsdqpub/cwjd.m3u8?auth=testpub
CCTV-电视指南,http://38.75.136.137:98/gslb/dsdqpub/dszn.m3u8?auth=testpub
中央新影-老故事,http://38.75.136.137:98/gslb/dsdqpub/lgs.m3u8?auth=testpub
中央新影-发现之旅,http://38.75.136.137:98/gslb/dsdqpub/fxzl.m3u8?auth=testpub
国学频道,http://38.75.136.137:98/gslb/dsdqpub/gxpd.m3u8?auth=testpub
优漫卡通,http://38.75.136.137:98/gslb/dsdqpub/ymkt.m3u8?auth=testpub
北京纪实科教,http://38.75.136.137:98/gslb/dsdqpub/btv3.m3u8?auth=testpub
北京卡酷少儿,http://38.75.136.137:98/gslb/dsdqpub/btvkk.m3u8?auth=testpub
安徽卫视HD,http://38.75.136.137:98/gslb/dsdqpub/ahwshd.m3u8?auth=testpub
重庆卫视HD,http://38.75.136.137:98/gslb/dsdqpub/cqwshd.m3u8?auth=testpub
大湾区卫视(国际版),http://38.75.136.137:98/gslb/dsdqpub/gdgj.m3u8?auth=testpub
东方卫视HD,http://38.75.136.137:98/gslb/dsdqpub/dfwshd.m3u8?auth=testpub
东南卫视HD,http://38.75.136.137:98/gslb/dsdqpub/dnwshd.m3u8?auth=testpub
广东卫视HD,http://38.75.136.137:98/gslb/dsdqpub/gdwshd.m3u8?auth=testpub
甘肃卫视HD,http://38.75.136.137:98/gslb/dsdqpub/gswshd.m3u8?auth=testpub
广西卫视HD,http://38.75.136.137:98/gslb/dsdqpub/gxwshd.m3u8?auth=testpub
贵州卫视HD,http://38.75.136.137:98/gslb/dsdqpub/gzwshd.m3u8?auth=testpub
河南卫视HD,http://38.75.136.137:98/gslb/dsdqpub/hawshd.m3u8?auth=testpub
湖北卫视HD,http://38.75.136.137:98/gslb/dsdqpub/hbwshd.m3u8?auth=testpub
河北卫视HD,http://38.75.136.137:98/gslb/dsdqpub/hewshd.m3u8?auth=testpub
黑龙江卫视HD,http://38.75.136.137:98/gslb/dsdqpub/hljwshd.m3u8?auth=testpub
吉林卫视HD,http://38.75.136.137:98/gslb/dsdqpub/jlwshd.m3u8?auth=testpub
江苏卫视HD,http://38.75.136.137:98/gslb/dsdqpub/jswshd.m3u8?auth=testpub
江西卫视HD,http://38.75.136.137:98/gslb/dsdqpub/jxwshd.m3u8?auth=testpub
辽宁卫视HD,http://38.75.136.137:98/gslb/dsdqpub/lnwshd.m3u8?auth=testpub
大湾区卫视,http://38.75.136.137:98/gslb/dsdqpub/nfws.m3u8?auth=testpub
山东卫视HD,http://38.75.136.137:98/gslb/dsdqpub/sdwshd.m3u8?auth=testpub
陕西卫视HD,http://38.75.136.137:98/gslb/dsdqpub/snwshd.m3u8?auth=testpub
禹州综合,http://tvpull.dxhmt.cn:9081/tv/11081-1.m3u8
禹州综合,http://live.dxhmt.cn:9081/tv/11081-1.m3u8
湖北导视,http://38.75.136.137:82/live1/jdtv2.m3u8?id=hbda&usign=tnO5JvE7EOUNT8al6DLMiw
武汉电视剧,http://38.75.136.137:82/live2/hbwhtv.m3u8?id=hbwhtv2&usign=tnO5JvE7EOUNT8al6DLMiw
武汉电视剧,http://38.75.136.137:82/live1/jdtv2.m3u8?id=hbwhtv2&usign=tnO5JvE7EOUNT8al6DLMiw
武汉科技生活,http://38.75.136.137:82/live2/hbwhtv.m3u8?id=hbwhtv3&usign=tnO5JvE7EOUNT8al6DLMiw
武汉科技生活,http://38.75.136.137:82/live1/jdtv2.m3u8?id=hbwhtv3&usign=tnO5JvE7EOUNT8al6DLMiw
武汉文体频道,http://38.75.136.137:82/live2/hbwhtv.m3u8?id=hbwhtv5&usign=tnO5JvE7EOUNT8al6DLMiw
武汉文体频道,http://38.75.136.137:82/live1/jdtv2.m3u8?id=hbwhtv5&usign=tnO5JvE7EOUNT8al6DLMiw
武汉外语频道,http://38.75.136.137:82/live2/hbwhtv.m3u8?id=hbwhtv6&usign=tnO5JvE7EOUNT8al6DLMiw
武汉教育频道,http://play.tvlive.whjyapp.com/live/tvlive1_tvlive.m3u8
武汉教育频道,http://38.75.136.137:82/live2/hbwhtv.m3u8?id=hbwhjy&usign=tnO5JvE7EOUNT8al6DLMiw
武汉教育频道,rtmp://play.tvlive.whjyapp.com/live/tvlive1_tvlive
武汉教育频道,http://38.75.136.137:82/live1/jdtv2.m3u8?id=hbwhjy&usign=tnO5JvE7EOUNT8al6DLMiw
荆州新闻,https://jingzhou-live21.cjyun.org/10085/s10085-jingzhou-tv01.m3u8?auth_key=1767196799-ced13be0a8ae11efa7dfa7dfd677b8f3-0-2bb0015980b1b3742cea1d78f13eb6ca
荆州新闻,http://38.75.136.137:82/live2/hbtv.m3u8?id=hbjztv1&usign=tnO5JvE7EOUNT8al6DLMiw
荆州垄上,https://jingzhou-live21.cjyun.org/10085/s10085-jingzhou-tv03.m3u8?auth_key=1767196799-ced13be0a8ae11efa7dfa7dfd677b8f3-0-7dff02969ff316d795ac73c86747fd05
襄阳综合,http://xiangyang-live21.cjyun.org/10125/s10125-news_hd.m3u8?auth_key=1767196799-ced13be0a8ae11efa7dfa7dfd677b8f3-0-dc97c38176b5aac42ac95d80d410eaf2
襄阳综合,http://38.75.136.137:82/live2/hbtv.m3u8?id=hbxytv1&usign=tnO5JvE7EOUNT8al6DLMiw
襄阳综合,http://38.75.136.137:82/live1/jdtv2.m3u8?id=hbxytv1&usign=tnO5JvE7EOUNT8al6DLMiw
襄阳经济生活,http://xiangyang-live21.cjyun.org/10125/s10125-society_hd.m3u8?auth_key=1767196799-ced13be0a8ae11efa7dfa7dfd677b8f3-0-f938b2a5f3375b9a43f5fa2ee62d484f
襄阳经济生活,http://38.75.136.137:82/live1/jdtv2.m3u8?id=hbxytv2&usign=tnO5JvE7EOUNT8al6DLMiw
襄阳公共,http://xiangyang-live21.cjyun.org/10125/s10125-education_hd.m3u8?auth_key=1767196799-ced13be0a8ae11efa7dfa7dfd677b8f3-0-58b7c654574766341cdd7ea5f4c8bc39
襄阳公共,http://38.75.136.137:82/live1/jdtv2.m3u8?id=hbxytv3&usign=tnO5JvE7EOUNT8al6DLMiw
恩施综合,https://46240.hlsplay.aodianyun.com/tv_radio_46240/tv_channel_1812.m3u8?auth_key=4857760445-0-0-48b20fcc677c9c453aade4127fb60836&extra_key=GstcZaunflMNLGu8_neZZDSebP_vdaZpjgvDNh0oFxowejqLIrS9a1EoZExxdRI2S9Y2xkAXOOpuGxK1RXBwE9Pxgs64YJr12xMoUq8C0CDA-bYdaRFKaVVL_9eb5cvcS93rOcGOJVmGyvmgI8egJounqzsBrsfAbiojm3VtXXo
山西卫视HD,http://38.75.136.137:98/gslb/dsdqpub/sxwshd.m3u8?auth=testpub
深圳卫视HD,http://38.75.136.137:98/gslb/dsdqpub/szwshd.m3u8?auth=testpub
天津卫视HD,http://38.75.136.137:98/gslb/dsdqpub/tjwshd.m3u8?auth=testpub
厦门卫视,http://38.75.136.137:98/gslb/dsdqpub/xmws.m3u8?auth=testpub
云南卫视HD,http://38.75.136.137:98/gslb/dsdqpub/ynwshd.m3u8?auth=testpub
浙江卫视HD,http://38.75.136.137:98/gslb/dsdqpub/zjwshd.m3u8?auth=testpub
重庆文体娱乐,http://38.75.136.137:98/gslb/dsdqpub/cqyl.m3u8?auth=testpub
重庆社会与法,http://38.75.136.137:98/gslb/dsdqpub/cqds.m3u8?auth=testpub
重庆新农村,http://38.75.136.137:98/gslb/dsdqpub/cqgg.m3u8?auth=testpub
重庆重广融媒,http://38.75.136.137:98/gslb/dsdqpub/cqjc.m3u8?auth=testpub
重庆红叶,http://38.75.136.137:98/gslb/dsdqpub/cqkj.m3u8?auth=testpub
重庆汽摩,http://38.75.136.137:98/gslb/dsdqpub/cqqm.m3u8?auth=testpub
重庆少儿,http://38.75.136.137:98/gslb/dsdqpub/cqse.m3u8?auth=testpub
重庆红岩文化,http://38.75.136.137:98/gslb/dsdqpub/cqss.m3u8?auth=testpub
重庆新闻,http://38.75.136.137:98/gslb/dsdqpub/cqxw.m3u8?auth=testpub
重庆影视剧,http://38.75.136.137:98/gslb/dsdqpub/cqys.m3u8?auth=testpub
广东新闻,http://38.75.136.137:98/gslb/dsdqpub/gdxw.m3u8?auth=testpub
广东新闻,http://38.75.136.137:98/gslb/dsdqpub/gdxwa.m3u8?auth=testpub
广东移动,http://38.75.136.137:98/gslb/dsdqpub/gdyd.m3u8?auth=testpub
嘉佳卡通,http://38.75.136.137:98/gslb/dsdqpub/gdjjkt.m3u8?auth=testpub
岭南戏曲,http://38.75.136.137:98/gslb/dsdqpub/gdlnxq.m3u8?auth=testpub
广东4K超高清,http://38.75.136.137:98/gslb/dsdqpub/gdtvs3.m3u8?auth=testpub
广东少儿,http://38.75.136.137:98/gslb/dsdqpub/gdtvs5.m3u8?auth=testpub
广东民生,http://38.75.136.137:98/gslb/dsdqpub/gdgg.m3u8?auth=testpub
动漫秀场HD,http://38.75.136.137:98/gslb/dsdqpub/dmxchd.m3u8?auth=testpub
都市剧场HD,http://38.75.136.137:98/gslb/dsdqpub/dsjchd.m3u8?auth=testpub
第一财经HD,http://38.75.136.137:98/gslb/dsdqpub/dycjhd.m3u8?auth=testpub
欢笑剧场HD,http://38.75.136.137:98/gslb/dsdqpub/hxjchd.m3u8?auth=testpub
东方影视HD,http://38.75.136.137:98/gslb/dsdqpub/shdsjhd.m3u8?auth=testpub
生活时尚HD,http://38.75.136.137:98/gslb/dsdqpub/shsshd.m3u8?auth=testpub
上海新闻HD,http://38.75.136.137:98/gslb/dsdqpub/shxwhd.m3u8?auth=testpub
上海都市HD,http://38.75.136.137:98/gslb/dsdqpub/shylhd.m3u8?auth=testpub
五星体育HD,http://38.75.136.137:98/gslb/dsdqpub/wxtyhd.m3u8?auth=testpub
哈哈炫动HD,http://38.75.136.137:98/gslb/dsdqpub/xdkthd.m3u8?auth=testpub
广西都市,http://38.75.136.137:98/gslb/dsdqpub/gxds.m3u8?auth=testpub
广西国际,http://38.75.136.137:98/gslb/dsdqpub/gxgj.m3u8?auth=testpub
广西新闻,http://38.75.136.137:98/gslb/dsdqpub/gxxw.m3u8?auth=testpub
恩施综合,http://38.75.136.137:82/live1/ady.m3u8?id=hbestv1&usign=tnO5JvE7EOUNT8al6DLMiw
恩施文旅,https://46240.hlsplay.aodianyun.com/tv_radio_46240/tv_channel_1811.m3u8?auth_key=4857760464-0-0-ecabcbf26d39dc20cde584db2fa2a053&extra_key=D1dJezG95YTkYytoe8tr2Qhf-jhFFJmJpij9JNzLnfjYgxE5Q69rjZT1b2VrOxeb2zvhRo107e0Ze_h5agVjcLhNxl4RzjBShtdz-pQKUqaNbHnJMUJaS637QCoHNkKlJAb5i0lkR8MlxmIB6LIGojFm8kqvpZp_pI7SG10olDg
恩施文旅,http://38.75.136.137:82/live1/ady.m3u8?id=hbestv3&usign=tnO5JvE7EOUNT8al6DLMiw
恩施文旅,https://46240.hlsplay.aodianyun.com/tv_radio_46240/tv_channel_1811.m3u8?auth_key=3319694126-0-0-1ba863f6b32d03b00e53bd9ec9d9df5d&extra_key=wAQ9vlCHeL4fzuS3VjIlG2QJKgNspzImYTSsqRkepGDZZXn6UrGPU5kHyU7VOGAGcL13G9UT61GYPrlBgj7-SDOEE_ASvl968tOCgOiZgNlhxgba89zK3AuKiTxpo7LTKXpwh5eNw_LobzUelMLOUg
宜昌综合,https://liveplay.ycrmt.cn/sxgd/zhpd.m3u8
宜昌旅游生活,https://liveplay.ycrmt.cn/sxgd/lysh.m3u8
十堰经济旅游,http://61.184.94.75:8081/hls/stream0.m3u8
十堰经济旅游,https://p8.vzan.com/slowlive/701367497774448672/live.m3u8
十堰经济旅游,http://38.75.136.137:82/live1/jdtv2.m3u8?id=hbsyjj&usign=tnO5JvE7EOUNT8al6DLMiw
荆门科教文旅,https://jingmen-live21.cjyun.org/10101/s10101-jmjytv.m3u8?auth_key=1735660799-0-0-84d19fc5593f27dcf45ff7ea78ac74b5
荆门科教文旅,http://stream.jmtv.com.cn/ggsh/sd/live.m3u8
荆门科教文旅,http://38.75.136.137:82/live1/hoge.m3u8?ip=hbjmtv&id=7&usign=tnO5JvE7EOUNT8al6DLMiw
随州综合,http://34766.hlsplay.aodianyun.com/guangdianyun_34766/tv_channel_304.m3u8?auth_key=4836074354-0-0-d3ae3e237ae5fdaa7e72d8b930ff507b&extra_key=q_KhUzRNviTQMw35AK7VUOsxUuO3fkLbRbWjHBywJErK0zgP7mqTsFvo50t7UieqiF-pvnPCIMJa5QdRQ1gLPBYWz9HOG7TAdI5vRG232V88z98QUcOS1P6iUQbACyEaoEVKLRe_Am23Ezeahvwg0pDBetjQHrLPx7P8mro2vqw15rvUQKLSF-HBByajerez
随州综合,http://34766.hlsplay.aodianyun.com/guangdianyun_34766/tv_channel_304.m3u8?auth_key=4861122305-0-0-fdb6bd3a2b09f65263e56b53ac84e9f5&extra_key=UbRleXYp5z-FrQ6Yv4uUwjUn3tc2LBw1KwAxzRs8WGzezbeK8QLcRxfcDw4G4-9zOlHObYYdEu8rbgY7hwLO9khQxdWwNKLk2j_ATaw9RriFo6MQ5kHuiUe_epux8o14OtEdIJt6MuFeFF7D5vjCkoJ1JmlN2uIxeBFqkU5TCmE
随州农村,http://34766.hlsplay.aodianyun.com/guangdianyun_34766/tv_channel_305.m3u8?auth_key=4834621829-0-0-49c63c7de26b595a9177e498db618f79&extra_key=xQtKveJFBYYdE5xPP5Qc5y3qlfhlj-BcHOcbWxez9NxCHHoFi0Lp44BN8aqi2_k9URCU-rsf8mQz8CYifgEaMzixzi63CT1KgCDexQ0cD5X0e0lUMZaQy0DMOXcFpW1Cf9zn7psgSNcUQiA2OGcxi7TXk-_FyDGcu767szWh8SQJ0Vr0uNRbiqE2jzk7ICiX
黄石新闻综合,http://38.75.136.137:82/live2/hbtv.m3u8?id=hbhstv1&usign=tnO5JvE7EOUNT8al6DLMiw
黄石新闻综合,https://huangshifb-live21.cjyun.org/10200/s10200-huangshitv01.m3u8?auth_key=1767196799-ced13be0a8ae11efa7dfa7dfd677b8f3-0-e22af05072c6fa8bc1fc35e042e97467
黄石新闻综合,http://38.75.136.137:82/live1/ady.m3u8?id=hbhstv1&usign=tnO5JvE7EOUNT8al6DLMiw
黄石都市频道,http://38.75.136.137:82/live1/ady.m3u8?id=hbhstv2&usign=tnO5JvE7EOUNT8al6DLMiw
孝感新闻综合,https://xiaogan-live21.cjyun.org/10139/s10139-shpd.m3u8?auth_key=1767196799-ced13be0a8ae11efa7dfa7dfd677b8f3-0-2286294457518d52f02d91906380d72a
孝感新闻综合,http://38.75.136.137:82/live2/hbtv.m3u8?id=hbxgtv1&usign=tnO5JvE7EOUNT8al6DLMiw
孝感生活频道,https://xiaogan-live21.cjyun.org/10139/s10139-xg.m3u8?auth_key=1767196799-ced13be0a8ae11efa7dfa7dfd677b8f3-0-1d24a98d45449c0f85cda4bddc5d72a6
黄冈新闻频道,https://huanggang-live21.cjyun.org/10210/s10210-xwzh.m3u8?auth_key=1735660799-0-0-d97fed8905fc6066ed8fa063e40b13c0
黄冈新闻频道,http://38.75.136.137:82/live2/hbtv.m3u8?id=hbhgtv1&usign=tnO5JvE7EOUNT8al6DLMiw
黄冈生活频道,https://huanggang-live21.cjyun.org/10210/s10210-xwgg.m3u8?auth_key=1735660799-0-0-39c6d712b6337fbdefe84e2d22e34513
鄂州新闻综合,https://ezhou-live21.cjyun.org/10098/s10098-EZ1T.m3u8?auth_key=1767196799-ced13be0a8ae11efa7dfa7dfd677b8f3-0-0f99f7df9fd0d3fca9beca6bafa6b043
鄂州新闻综合,http://38.75.136.137:82/live1/tianma.m3u8?ip=https://app.iezhou.cn&id=37&usign=tnO5JvE7EOUNT8al6DLMiw
鄂州公共频道,https://ezhou-live21.cjyun.org/10098/s10098-EZ2T.m3u8?auth_key=1767196799-ced13be0a8ae11efa7dfa7dfd677b8f3-0-ab320ba90f39f94baba04e30ff07c52e
广西移动,http://38.75.136.137:98/gslb/dsdqpub/gxyd.m3u8?auth=testpub
广西影视,http://38.75.136.137:98/gslb/dsdqpub/gxys.m3u8?auth=testpub
广西综艺旅游,http://38.75.136.137:98/gslb/dsdqpub/gxzy.m3u8?auth=testpub
青岛新闻综合,http://38.75.136.137:98/gslb/dsdqpub/sdqdtv1.m3u8?auth=testpub
青岛生活服务,http://38.75.136.137:98/gslb/dsdqpub/sdqdtv2.m3u8?auth=testpub
青岛影视频道,http://38.75.136.137:98/gslb/dsdqpub/sdqdtv3.m3u8?auth=testpub
青岛休闲资讯,http://38.75.136.137:98/gslb/dsdqpub/sdqdtv4.m3u8?auth=testpub
青岛都市频道,http://38.75.136.137:98/gslb/dsdqpub/sdqdtv5.m3u8?auth=testpub
天津新闻,http://38.75.136.137:98/gslb/dsdqpub/tjtv1.m3u8?auth=testpub
天津文艺,http://38.75.136.137:98/gslb/dsdqpub/tjtv2.m3u8?auth=testpub
天津影视,http://38.75.136.137:98/gslb/dsdqpub/tjtv3.m3u8?auth=testpub
天津都市,http://38.75.136.137:98/gslb/dsdqpub/tjtv4.m3u8?auth=testpub
天津教育,http://38.75.136.137:98/gslb/dsdqpub/tjtv6.m3u8?auth=testpub
成龙电影,http://38.75.136.137:98/gslb/dsdqpub/lbcl.m3u8?auth=testpub
林正英影院,http://38.75.136.137:98/gslb/dsdqpub/lblzy.m3u8?auth=testpub
邵氏电影,http://38.75.136.137:98/gslb/dsdqpub/lbssdy.m3u8?auth=testpub
邵氏动作,http://38.75.136.137:98/gslb/dsdqpub/lbssdz.m3u8?auth=testpub
邵氏武侠,http://38.75.136.137:98/gslb/dsdqpub/lbsswx.m3u8?auth=testpub
邵氏喜剧,http://38.75.136.137:98/gslb/dsdqpub/lbssxj.m3u8?auth=testpub
周润发电影,http://38.75.136.137:98/gslb/dsdqpub/lbzrf.m3u8?auth=testpub
周星驰电影,http://38.75.136.137:98/gslb/dsdqpub/lbzxc.m3u8?auth=testpub
邵氏电影,http://38.75.136.137:98/gslb/dsdqpub/lbssdy.m3u8?auth=testpub
邵氏武侠,http://38.75.136.137:98/gslb/dsdqpub/lbsswx.m3u8?auth=testpub
邵氏动作,http://38.75.136.137:98/gslb/dsdqpub/lbssdz.m3u8?auth=testpub
邵氏喜剧,http://38.75.136.137:98/gslb/dsdqpub/lbssxj.m3u8?auth=testpub
重温经典,http://38.75.136.137:98/gsl/dsdqbv/cwjdhd.m3u8?auth=test20251009
没,http://38.75.136.137:98/gslb/dsdqca/xmwshd.m3u8?auth=test20251009
没,http://38.75.136.137:98/gslb/dsdqca/gdwshd.m3u8?auth=test20251009
没,http://38.75.136.137:98/gslb/dsdqca/szwshd.m3u8?auth=test20251009
河南卫视HD,http://120.76.248.139/live/bfgd/4200000339.m3u8
安徽卫视HD,http://120.76.248.139/live/bfgd/4200000096.m3u8
浙江卫视HD,http://120.76.248.139/live/bfgd/4200000094.m3u8
东方卫视HD,http://120.76.248.139/live/bfgd/4200000093.m3u8
东南卫视HD,http://120.76.248.139/live/bfgd/4200000483.m3u8
鄂州公共频道,http://38.75.136.137:82/live1/tianma.m3u8?ip=https://app.iezhou.cn&id=36&usign=tnO5JvE7EOUNT8al6DLMiw
咸宁综合频道,https://xianning-live21.cjyun.org/10140/s10140-XNTV-1.m3u8?auth_key=1767196799-ced13be0a8ae11efa7dfa7dfd677b8f3-0-fea9ed9b2105c8e66da382be47a0acae
咸宁经济生活,https://xianning-live21.cjyun.org/10140/s10140-XNGG.m3u8?auth_key=1767196799-ced13be0a8ae11efa7dfa7dfd677b8f3-0-8cb875770938fdeb7179752f74e13062
潜江新闻综合,https://p8.vzan.com/slowlive/107504087191398673/live.m3u8
长阳综合频道,https://changyang-live21.cjyun.org/10114/s10114-cy1t.m3u8?auth_key=1735660799-0-0-f8867ea6ca06a65bdf95048518db1f6a
当阳综合频道,https://dangyang-live21.cjyun.org/10118/s10118-DYZH.m3u8?auth_key=1767196799-ced13be0a8ae11efa7dfa7dfd677b8f3-0-68ad690365557a3ecc64c751a1b02f4a
五峰综合频道,https://wufeng-live21.cjyun.org/10112/s10112-wffm.m3u8?auth_key=1767196799-ced13be0a8ae11efa7dfa7dfd677b8f3-0-06846ff2e035fdacd3bed68838375e5f
兴山综合频道,https://xingshan-live21.cjyun.org/10108/s10108-xingshanTV01.m3u8?auth_key=1767196799-ced13be0a8ae11efa7dfa7dfd677b8f3-0-dafdeaf8f8034a40ebc17a1f8f3a603f
远安电视台,https://yuanan-live21.cjyun.org/10106/s10106-yatv.m3u8?auth_key=1735660799-0-0-fdcac90185009731b8e6f51f180ed7b4
宜都综合频道,https://yidushi-live21.cjyun.org/10092/s10092-yidushitv01.m3u8?auth_key=1767196799-ced13be0a8ae11efa7dfa7dfd677b8f3-0-db934a5ffe406f70c39553754180d392
秭归新闻综合,https://zigui-live21.cjyun.org/10111/s10111-ZGTV1.m3u8?auth_key=1735660799-0-0-e80e38a154f9ea053e26d2ff5038530a
枝江综合频道,https://zhijiang-live21.cjyun.org/10120/s10120-zjtv.m3u8?auth_key=1767196799-ced13be0a8ae11efa7dfa7dfd677b8f3-0-16e87303959711040a8b485858a82a78
咸丰新闻综合,https://46240.hlsplay.aodianyun.com/tv_radio_46240/tv_channel_3567.m3u8?auth_key=4867549325-0-0-cc7ce201270f1bfda8bd5c54e0e5739c&extra_key=hKfYhS2z6614oV0yCs-AFVt7IpvlJJgoGCHOij1q2onFz-Yr5Us2Cd41rIlv4l1XjWrMXCVgYMdOmrNAgjF2W_2a6vxf1HxtHHoYEC6BCIqSeo4VGtaHFxadD2xtzAtmsjFPKB3DP_Ev_ci_KC8TQllAks-AnwmJWoohc4XLA6Q
安陆新闻综合,http://38.75.136.137:82/live1/hbxgal.m3u8?id=hbxgal1&usign=tnO5JvE7EOUNT8al6DLMiw
大悟综合频道,https://yunshangdawu-live21.cjyun.org/10129/s10129-dwzhpd.m3u8?auth_key=1735660799-0-0-b1bf1625df01ea7dabc97bf7aa7f253d
汉川新闻综合,https://play-hsbj.vzan.com/357534/505886811862583019/live.m3u8
孝昌新闻党建,https://xiaochang-live21.cjyun.org/10128/s10128-xcxw.m3u8?auth_key=1767196799-ced13be0a8ae11efa7dfa7dfd677b8f3-0-948b2cf2777e352d9f83660c9b79aa3f
应城新闻党建,https://yingcheng-live21.cjyun.org/10135/s10135-YCZH.m3u8?auth_key=1767196799-ced13be0a8ae11efa7dfa7dfd677b8f3-0-683be43745bd3709006be7b43135de61
云梦综合频道,http://38.75.136.137:82/live1/hbxgym.m3u8?id=hbxgym1&usign=tnO5JvE7EOUNT8al6DLMiw
红安综合,https://hongan-live21.cjyun.org/10063/s10063-HAZH.m3u8?auth_key=1735660799-0-0-72da7166f8c3751c49c5feb5b24b54b8
罗田综合,https://luotian-live21.cjyun.org/10013/s10013-LTZH.m3u8?auth_key=1767196799-ced13be0a8ae11efa7dfa7dfd677b8f3-0-25551ca5ae536deb2cd1eca067453f45
蕲春综合,https://qichun-live21.cjyun.org/10126/s10126-TC1T.m3u8?auth_key=1735660799-0-0-019b2fccba0e2126fb17f448171ec5c0
武穴综合,https://wuxue-live21.cjyun.org/10107/s10107-wxtv1.m3u8?auth_key=1767196799-ced13be0a8ae11efa7dfa7dfd677b8f3-0-5027944a3323aec0fb1293cb024a9555
来凤综合,https://laifeng-live21.cjyun.org/10099/s10099-lftv01.m3u8?auth_key=1735660799-0-0-b92e243bcdd451ba46874699b392247e
洪湖新闻频道,https://honghu-live21.cjyun.org/10087/s10087-0823-HONGHUTV01.m3u8?auth_key=1735660799-0-0-ee46a4c41ab551c99632c3762df4d7a0
江陵综合,https://jiangling-live21.cjyun.org/10090/s10090-jltv01.m3u8?auth_key=1767196799-ced13be0a8ae11efa7dfa7dfd677b8f3-0-5ded7dc8f71b09f82e1efdd4bef9c173
石首综合,http://p8.vzan.com/slowlive/622923977748489779/live.m3u8
石首影视,http://p8.vzan.com/slowlive/798787236084269922/live.m3u8
松滋综合,https://songzi-live21.cjyun.org/10194/s10194-songzi-tv1.m3u8?auth_key=1767196799-ced13be0a8ae11efa7dfa7dfd677b8f3-0-388ba0519fa8a2846925a78282f2aa1f
巴东综合,https://46240.hlsplay.aodianyun.com/tv_radio_46240/tv_channel_3522.m3u8?auth_key=4860354782-0-0-0bc026e554be331e11f9118a5507dbd6&extra_key=du5v5yekM-ggopdZ_sngtTZ65Uth9WDHICSAwr25ENDQIdlV3Yd2lHeLSlp5B8KLBoWG0nmJUj1QO75vWPg_oNJJLOYxRTOV57psEWQI4qKLGvWzL9PBysSluKuq-Ux9lJltJgQb5lWNdWOKYZiLcxSGG_008O5kq4mJC8KOxeo
沙洋电视台,https://shayang-live21.cjyun.org/10110/s10110-sytv1.m3u8?auth_key=1735660799-0-0-353e5084eb6fbefb0bd8345b4669fd15
大冶综合,https://dayeyun-live21.cjyun.org/10102/s10102-TC1T.m3u8?auth_key=1767196799-ced13be0a8ae11efa7dfa7dfd677b8f3-0-c3d27fbc279c3efc9187853aca3da012
赤壁综合,https://chibi-live21.cjyun.org/10138/s10138-CBTV1.m3u8?auth_key=1767196799-ced13be0a8ae11efa7dfa7dfd677b8f3-0-a9f4eb22b55c750628c090d53a445bbc
嘉鱼新闻综合,https://jiayu-live21.cjyun.org/10131/s10131-jyzh.m3u8?auth_key=1767196799-ced13be0a8ae11efa7dfa7dfd677b8f3-0-9ca56ee7b0e7b23d7ccb3f6649b2686a
通山综合,https://tongshan-live21.cjyun.org/10134/s10134-TONGSHAN-live.m3u8?auth_key=1767196799-ced13be0a8ae11efa7dfa7dfd677b8f3-0-23ad1b5ada69ec0d4796d8227f737ca6
鹤峰综合频道,https://hefeng-live21.cjyun.org/10100/s10100-hftv1.m3u8?auth_key=1767196799-ced13be0a8ae11efa7dfa7dfd677b8f3-0-b42f6cb29eb3b901079113901761aa96
广水新闻频道,https://guangshui-live21.cjyun.org/10146/s10146-GSXW.m3u8?auth_key=1735660799-0-0-c7c7082aa48ecb78ed13d8a4a9b45acc
保康文化旅游,http://bktvplay.gdnewmedia.cc/live/bk_whly.m3u8
广东卫视HD,http://120.76.248.139/live/bfgd/4200000092.m3u8
湖北卫视HD,http://120.76.248.139/live/bfgd/4200000102.m3u8
河北卫视HD,http://120.76.248.139/live/bfgd/4200000108.m3u8
江苏卫视HD,http://120.76.248.139/live/bfgd/4200000085.m3u8
江西卫视HD,http://120.76.248.139/live/bfgd/4200000098.m3u8
重庆卫视HD,http://120.76.248.139/live/bfgd/4200000107.m3u8
山东卫视HD,http://120.76.248.139/live/bfgd/4200000099.m3u8
陕西卫视HD,http://120.76.248.139/live/bfgd/4200000512.m3u8
山西卫视HD,http://120.76.248.139/live/bfgd/4200000109.m3u8
深圳卫视HD,http://120.76.248.139/live/bfgd/4200000100.m3u8
延边卫视HD,http://120.76.248.139/live/bfgd/4200000117.m3u8
云南卫视HD,http://120.76.248.139/live/bfgd/4200000482.m3u8
甘肃卫视HD,http://120.76.248.139/live/bfgd/4200000119.m3u8
广西卫视HD,http://120.76.248.139/live/bfgd/4200000116.m3u8
贵州卫视HD,http://120.76.248.139/live/bfgd/4200000101.m3u8
吉林卫视HD,http://120.76.248.139/live/bfgd/4200000097.m3u8
辽宁卫视HD,http://120.76.248.139/live/bfgd/4200000058.m3u8
辽宁卫视HD,http://120.76.248.139/live/bfgd/4200000141.m3u8
辽宁卫视HD,http://120.76.248.139/live/bfgd/4200000185.m3u8
黑龙江卫视HD,http://120.76.248.139/live/bfgd/4200000095.m3u8
CCTV-4K超高清,http://107.150.60.122/live/cctv4k.m3u8
CCTV-8K超高清,http://107.150.60.122/live/cctv8k.m3u8
CHC影迷电影,http://107.150.60.122/live/chchd.m3u8
重温经典,http://107.150.60.122/live/cwjd.m3u8
CCTV-电视指南,http://107.150.60.122/live/dszn.m3u8
中央新影-老故事,http://107.150.60.122/live/lgs.m3u8
中央新影-发现之旅,http://107.150.60.122/live/fxzl.m3u8
国学频道,http://107.150.60.122/live/gxpd.m3u8
优漫卡通,http://107.150.60.122/live/ymkt.m3u8
北京纪实科教,http://107.150.60.122/live/btv3.m3u8
北京卡酷少儿,http://107.150.60.122/live/btvkk.m3u8
安徽卫视HD,http://107.150.60.122/live/ahwshd.m3u8
重庆卫视HD,http://107.150.60.122/live/cqwshd.m3u8
大湾区卫视(国际版),http://107.150.60.122/live/gdgj.m3u8
东方卫视HD,http://107.150.60.122/live/dfwshd.m3u8
东南卫视HD,http://107.150.60.122/live/dnwshd.m3u8
广东卫视HD,http://107.150.60.122/live/gdwshd.m3u8
甘肃卫视HD,http://107.150.60.122/live/gswshd.m3u8
广西卫视HD,http://107.150.60.122/live/gxwshd.m3u8
贵州卫视HD,http://107.150.60.122/live/gzwshd.m3u8
河南卫视HD,http://107.150.60.122/live/hawshd.m3u8
湖北卫视HD,http://107.150.60.122/live/hbwshd.m3u8
河北卫视HD,http://107.150.60.122/live/hewshd.m3u8
黑龙江卫视HD,http://107.150.60.122/live/hljwshd.m3u8
吉林卫视HD,http://107.150.60.122/live/jlwshd.m3u8
江苏卫视HD,http://107.150.60.122/live/jswshd.m3u8
江西卫视HD,http://107.150.60.122/live/jxwshd.m3u8
谷城综合频道,https://gucheng-live21.cjyun.org/10116/s10116-GCTV1.m3u8?auth_key=1767196799-ced13be0a8ae11efa7dfa7dfd677b8f3-0-b8eee5fa844d684da58e16386fdc88c8
宜城综合频道,http://38.75.136.137:82/live1/jdtv2.m3u8?id=hbxyyc1&usign=tnO5JvE7EOUNT8al6DLMiw
黄陂新闻频道,http://livehprm.hptv.com.cn/zbpd/sd/live.m3u8
新洲综合,http://xzbf.fst1994.cn/live/xinwen.m3u8
房县新闻综合,https://p2hs.vzan.com/844270/495391109072307857/live.m3u8
丹江口新闻,https://danjiangkou-live21.cjyun.org/10081/s10081-djktv1.m3u8?auth_key=1767196799-ced13be0a8ae11efa7dfa7dfd677b8f3-0-038788ebf1f8ece1e9149ded8f153d4b
阳新综合,https://yangxin-live21.cjyun.org/10104/s10104-yangxin-tv01.m3u8?auth_key=1767196799-ced13be0a8ae11efa7dfa7dfd677b8f3-0-a27d99b67d0e39445f1df5ea6ad088ec
钟祥新闻综合,https://zhongxiang-live21.cjyun.org/10103/s10103-zxtv.m3u8?auth_key=1735660799-0-0-bffe4fb8f0bb7142075cb559396d23cc
宣恩综合,https://51957.hlsplay.aodianyun.com/tv_radio_51957/tv_channel_3475.m3u8?auth_key=4857778954-0-0-71d91817966870d1dfe0dbca2ce336b3&extra_key=yjmN8Bdev3-UR12LhXplGLjLK3Us8jMoGwH8fTDX9otiBleiA9UYv3kdBbLNERvKudVFw-8aFiz9RfsaTut2QqhqevECrrr3gBYd8KH2XnjPnbDWdZ9_quOh6ULuHiR_Unu9zKN3NySdak80GrAcYF2VxQ0rwYLAjp5BuqIcseM
金鹰纪实HD,http://38.75.136.137:82/live1/jdtv2.m3u8?isp=dx&id=hnjyjshd&usign=tnO5JvE7EOUNT8al6DLMiw
金鹰纪实HD,http://38.75.136.137:82/live1/jdtv2.m3u8?isp=lt&id=hnjyjshd&usign=tnO5JvE7EOUNT8al6DLMiw
金鹰纪实HD,http://38.75.136.137:82/live1/jdtv2.m3u8?id=hnjyjshd&usign=tnO5JvE7EOUNT8al6DLMiw
金鹰纪实HD,http://38.75.136.137:82/live1/jdtv2.m3u8?id=hnjyjshd&usign=tnO5JvE7EOUNT8al6DLMiw
金鹰纪实HD,http://117.27.190.42:85/tsfile/live/23278_1.m3u8?key=txiptv&playlive=1&authid=0
湖南国际,http://38.75.136.137:82/live1/hntv.m3u8?id=hngj&usign=tnO5JvE7EOUNT8al6DLMiw
湖南国际,kdsvod://rtmphtml://http://v.91kds.com/b7/hnmgy.m3u8?fmt=rtmp&id=hngj&usign=tnO5JvE7EOUNT8al6DLMiw
湖南国际,http://pili-live-snapshot.tv.hntvcloud.com/mg-tv/channel-4.m3u8
湖南国际,http://38.75.136.137:82/live1/jdtv2.m3u8?isp=dx&id=hngj&usign=tnO5JvE7EOUNT8al6DLMiw
湖南国际,http://38.75.136.137:82/live1/jdtv2.m3u8?isp=lt&id=hngj&usign=tnO5JvE7EOUNT8al6DLMiw
湖南国际,http://phonetx.qing.mgtv.com/live/0.0&/HNGJMPP360.m3u8
湖南国际,http://38.75.136.137:82/live1/jdtv2.m3u8?id=hngj&usign=tnO5JvE7EOUNT8al6DLMiw
湖南国际,http://38.75.136.137:82/live1/jdtv2.m3u8?id=hngj&usign=tnO5JvE7EOUNT8al6DLMiw
湖南经视,http://38.75.136.137:82/live1/hntv.m3u8?id=hnjs&usign=tnO5JvE7EOUNT8al6DLMiw
湖南经视,http://pili-live-snapshot.tv.hntvcloud.com/mg-tv/channel-2.m3u8
湖南经视,http://38.75.136.137:82/live1/jdtv2.m3u8?isp=dx&id=hnjs&usign=tnO5JvE7EOUNT8al6DLMiw
湖南经视,http://38.75.136.137:82/live1/jdtv2.m3u8?isp=lt&id=hnjs&usign=tnO5JvE7EOUNT8al6DLMiw
湖南经视,http://phonetx.qing.mgtv.com/live/0.0&/HNJSMPP360.m3u8
湖南经视,http://38.75.136.137:82/live1/jdtv2.m3u8?id=hnjs&usign=tnO5JvE7EOUNT8al6DLMiw
湖南经视,http://38.75.136.137:82/live1/jdtv2.m3u8?id=hnjs&usign=tnO5JvE7EOUNT8al6DLMiw
湖南电视剧,http://38.75.136.137:82/live1/hntv.m3u8?id=hndsj&usign=tnO5JvE7EOUNT8al6DLMiw
湖南电视剧,http://pili-live-snapshot.tv.hntvcloud.com/mg-tv/channel-10.m3u8
湖南电视剧,http://38.75.136.137:82/live1/jdtv2.m3u8?isp=dx&id=hndsj&usign=tnO5JvE7EOUNT8al6DLMiw
湖南电视剧,http://38.75.136.137:82/live1/jdtv2.m3u8?isp=lt&id=hndsj&usign=tnO5JvE7EOUNT8al6DLMiw
湖南电视剧,http://phonetx.qing.mgtv.com/live/0.0&/HNDSJMPP360.m3u8
湖南电视剧,http://38.75.136.137:82/live1/jdtv2.m3u8?id=hndsj&usign=tnO5JvE7EOUNT8al6DLMiw
湖南电视剧,http://38.75.136.137:82/live1/jdtv2.m3u8?id=hndsj&usign=tnO5JvE7EOUNT8al6DLMiw
湖南娱乐,http://38.75.136.137:82/live1/hntv.m3u8?id=hnyl&usign=tnO5JvE7EOUNT8al6DLMiw
湖南娱乐,http://pili-live-snapshot.tv.hntvcloud.com/mg-tv/channel-13.m3u8
湖南娱乐,http://38.75.136.137:82/live1/jdtv2.m3u8?isp=dx&id=hnyl&usign=tnO5JvE7EOUNT8al6DLMiw
湖南娱乐,http://38.75.136.137:82/live1/jdtv2.m3u8?isp=lt&id=hnyl&usign=tnO5JvE7EOUNT8al6DLMiw
湖南娱乐,http://phonetx.qing.mgtv.com/live/0.0&/HNYLMPP360.m3u8
湖南娱乐,http://38.75.136.137:82/live1/jdtv2.m3u8?id=hnyl&usign=tnO5JvE7EOUNT8al6DLMiw
湖南娱乐,http://38.75.136.137:82/live1/jdtv2.m3u8?id=hnyl&usign=tnO5JvE7EOUNT8al6DLMiw
湖南爱晚,http://38.75.136.137:82/live1/hntv.m3u8?id=hngg&usign=tnO5JvE7EOUNT8al6DLMiw
湖南爱晚,http://pili-live-snapshot.tv.hntvcloud.com/mg-tv/channel-9.m3u8
湖南爱晚,http://p8.vzan.com/slowlive/149039617847513156/live.m3u8
湖南爱晚,http://38.75.136.137:82/live1/jdtv2.m3u8?isp=dx&id=hngg&usign=tnO5JvE7EOUNT8al6DLMiw
湖南爱晚,http://38.75.136.137:82/live1/jdtv2.m3u8?isp=lt&id=hngg&usign=tnO5JvE7EOUNT8al6DLMiw
湖南爱晚,http://phonetx.qing.mgtv.com/live/0.0&/HNGGMPP360.m3u8
湖南爱晚,http://38.75.136.137:82/live1/jdtv2.m3u8?id=hngg&usign=tnO5JvE7EOUNT8al6DLMiw
湖南爱晚,http://38.75.136.137:82/live1/jdtv2.m3u8?id=hngg&usign=tnO5JvE7EOUNT8al6DLMiw
湖南都市,http://38.75.136.137:82/live1/hntv.m3u8?id=hnds&usign=tnO5JvE7EOUNT8al6DLMiw
湖南都市,http://pili-live-snapshot.tv.hntvcloud.com/mg-tv/channel-6.m3u8
湖南都市,http://38.75.136.137:82/live1/jdtv2.m3u8?isp=dx&id=hnds&usign=tnO5JvE7EOUNT8al6DLMiw
湖南都市,http://38.75.136.137:82/live1/jdtv2.m3u8?isp=lt&id=hnds&usign=tnO5JvE7EOUNT8al6DLMiw
湖南都市,http://phonetx.qing.mgtv.com/live/0.0&/HNDSMPP360.m3u8
辽宁卫视HD,http://107.150.60.122/live/lnwshd.m3u8
大湾区卫视,http://107.150.60.122/live/nfws.m3u8
山东卫视HD,http://107.150.60.122/live/sdwshd.m3u8
陕西卫视HD,http://107.150.60.122/live/snwshd.m3u8
山西卫视HD,http://107.150.60.122/live/sxwshd.m3u8
深圳卫视HD,http://107.150.60.122/live/szwshd.m3u8
天津卫视HD,http://107.150.60.122/live/tjwshd.m3u8
厦门卫视,http://107.150.60.122/live/xmws.m3u8
云南卫视HD,http://107.150.60.122/live/ynwshd.m3u8
浙江卫视HD,http://107.150.60.122/live/zjwshd.m3u8
CCTV-卫生健康,http://107.150.60.122/live/wsjk.m3u8
北京卡酷少儿,http://107.150.60.122/live/btvkk.m3u8
中央新影-发现之旅,http://107.150.60.122/live/fxzl.m3u8
中央新影-老故事,http://107.150.60.122/live/lgs.m3u8
广东新闻,http://107.150.60.122/live/gdxw.m3u8
广东新闻,http://107.150.60.122/live/gdxwa.m3u8
广东移动,http://107.150.60.122/live/gdyd.m3u8
嘉佳卡通,http://107.150.60.122/live/gdjjkt.m3u8
岭南戏曲,http://107.150.60.122/live/gdlnxq.m3u8
广东4K超高清,http://107.150.60.122/live/gdtvs3.m3u8
广东少儿,http://107.150.60.122/live/gdtvs5.m3u8
广东民生,http://107.150.60.122/live/gdgg.m3u8
广西影视,http://107.150.60.122/live/gxys.m3u8
广西综艺旅游,http://107.150.60.122/live/gxzy.m3u8
广西都市,http://107.150.60.122/live/gxds.m3u8
广西新闻,http://107.150.60.122/live/gxxw.m3u8
广西国际,http://107.150.60.122/live/gxgj.m3u8
湖南娱乐,http://107.150.60.122/live/hnyl.m3u8
湖南教育,http://107.150.60.122/live/hnjy.m3u8
吉林都市,http://107.150.60.122/live/jlds.m3u8
吉林综艺文化,http://107.150.60.122/live/jlfz.m3u8
吉林生活,http://107.150.60.122/live/jlsh.m3u8
新疆汉语影视,http://107.150.60.122/live/xjtv6.m3u8
新疆汉语体育健康,http://107.150.60.122/live/xjtv7.m3u8
江西少儿家庭,http://107.150.60.122/live/jxtv6.m3u8
湖南都市,http://38.75.136.137:82/live1/jdtv2.m3u8?id=hnds&usign=tnO5JvE7EOUNT8al6DLMiw
湖南都市,http://38.75.136.137:82/live1/jdtv2.m3u8?id=hnds&usign=tnO5JvE7EOUNT8al6DLMiw
茶频道,http://38.75.136.137:82/live1/hntv.m3u8?id=hncpd&usign=tnO5JvE7EOUNT8al6DLMiw
茶频道,kdsvod://rtmphtml://http://v.91kds.com/b7/hnmgy.m3u8?fmt=rtmp&id=hncpd&usign=tnO5JvE7EOUNT8al6DLMiw
茶频道,http://pili-live-snapshot.tv.hntvcloud.com/mg-tv/channel-12.m3u8
茶频道,http://38.75.136.137:82/live1/jdtv2.m3u8?isp=dx&id=hncpd&usign=tnO5JvE7EOUNT8al6DLMiw
茶频道,http://38.75.136.137:82/live1/jdtv2.m3u8?isp=lt&id=hncpd&usign=tnO5JvE7EOUNT8al6DLMiw
茶频道,http://phonetx.qing.mgtv.com/live/0.0&/CPDMPP360.m3u8
茶频道,http://38.75.136.137:82/live2/bfgd.m3u8?id=4200000181&usign=tnO5JvE7EOUNT8al6DLMiw
茶频道,http://38.75.136.137:82/live1/jdtv2.m3u8?id=hncpd&usign=tnO5JvE7EOUNT8al6DLMiw
茶频道,http://38.75.136.137:82/live1/jdtv2.m3u8?id=hncpd&usign=tnO5JvE7EOUNT8al6DLMiw
先锋乒羽,http://38.75.136.137:82/live1/hntv.m3u8?id=hnxfpy&usign=tnO5JvE7EOUNT8al6DLMiw
先锋乒羽,http://pili-live-snapshot.tv.hntvcloud.com/mg-tv/channel-1.m3u8
先锋乒羽,http://38.75.136.137:82/live1/jdtv2.m3u8?isp=dx&id=hnxfpy&usign=tnO5JvE7EOUNT8al6DLMiw
先锋乒羽,http://38.75.136.137:82/live1/jdtv2.m3u8?isp=lt&id=hnxfpy&usign=tnO5JvE7EOUNT8al6DLMiw
先锋乒羽,http://phonetx.qing.mgtv.com/live/0.0&/XFPYMPP360.m3u8
先锋乒羽,http://38.75.136.137:82/live2/bfgd.m3u8?id=4200000349&usign=tnO5JvE7EOUNT8al6DLMiw
先锋乒羽,http://38.75.136.137:82/live1/jdtv2.m3u8?id=hnxfpy&usign=tnO5JvE7EOUNT8al6DLMiw
先锋乒羽,http://38.75.136.137:82/live1/jdtv2.m3u8?id=hnxfpy&usign=tnO5JvE7EOUNT8al6DLMiw
金鹰纪实,http://38.75.136.137:82/live1/hntv.m3u8?id=hnjyjs&usign=tnO5JvE7EOUNT8al6DLMiw
金鹰纪实,http://pili-live-snapshot.tv.hntvcloud.com/mg-tv/channel-7.m3u8
金鹰纪实,http://phonetx.qing.mgtv.com/live/0.0&/JYJSMPP360.m3u8
金鹰纪实,http://38.75.136.137:82/live1/jdtv2.m3u8?id=hnjyjs&usign=tnO5JvE7EOUNT8al6DLMiw
金鹰纪实,http://38.75.136.137:82/live1/jdtv2.m3u8?id=hnjyjs&usign=tnO5JvE7EOUNT8al6DLMiw
湖南电影,http://38.75.136.137:82/live1/hntv.m3u8?id=hndy&usign=tnO5JvE7EOUNT8al6DLMiw
湖南电影,http://pili-live-snapshot.tv.hntvcloud.com/mg-tv/channel-film.m3u8
湖南电影,http://38.75.136.137:82/live1/jdtv2.m3u8?isp=dx&id=hndy&usign=tnO5JvE7EOUNT8al6DLMiw
湖南电影,http://38.75.136.137:82/live1/jdtv2.m3u8?isp=lt&id=hndy&usign=tnO5JvE7EOUNT8al6DLMiw
湖南电影,http://phonetx.qing.mgtv.com/live/0.0&/HNDYMPP360.m3u8
湖南电影,http://38.75.136.137:82/live1/jdtv2.m3u8?id=hndy&usign=tnO5JvE7EOUNT8al6DLMiw
湖南电影,http://38.75.136.137:82/live1/jdtv2.m3u8?id=hndy&usign=tnO5JvE7EOUNT8al6DLMiw
快乐购,http://38.75.136.137:82/live1/hntv.m3u8?id=hnklg&usign=tnO5JvE7EOUNT8al6DLMiw
快乐购,kdsvod://rtmphtml://http://v.91kds.com/b7/hnmgy.m3u8?fmt=rtmp&id=hnklg&usign=tnO5JvE7EOUNT8al6DLMiw
快乐购,http://pili-live-snapshot.tv.hntvcloud.com/mg-tv/channel-11.m3u8
快乐购,http://phonetx.qing.mgtv.com/live/0.0&/KLGMPP360.m3u8
快乐购,http://38.75.136.137:82/live1/hoge.m3u8?ip=hnldtv&id=13&usign=tnO5JvE7EOUNT8al6DLMiw
湖南导视,http://38.75.136.137:82/live1/jdtv2.m3u8?id=hnda&usign=tnO5JvE7EOUNT8al6DLMiw
湖南教育,http://pull.hnedutv.com/live/hnedutv1206.m3u8
湖南教育,http://38.75.136.137:82/live1/jdtv2.m3u8?isp=dx&id=hnjy&usign=tnO5JvE7EOUNT8al6DLMiw
湖南教育,http://38.75.136.137:82/live1/jdtv2.m3u8?isp=lt&id=hnjy&usign=tnO5JvE7EOUNT8al6DLMiw
湖南教育,http://38.75.136.137:82/live1/jdtv2.m3u8?id=hnjy&usign=tnO5JvE7EOUNT8al6DLMiw
湖南教育,http://38.75.136.137:82/live1/jdtv2.m3u8?id=hnjy&usign=tnO5JvE7EOUNT8al6DLMiw
地方戏曲,http://38.75.136.137:82/live1/jdtv2.m3u8?id=hndfxq&usign=tnO5JvE7EOUNT8al6DLMiw
长沙新闻频道,http://38.75.136.137:82/live1/hntv.m3u8?id=hncsxw&usign=tnO5JvE7EOUNT8al6DLMiw
长沙新闻频道,http://phonetx.qing.mgtv.com/live/0.0&/CXXWMPP360.m3u8
长沙新闻频道,http://38.75.136.137:82/live1/jdtv2.m3u8?id=hncsxw&usign=tnO5JvE7EOUNT8al6DLMiw
长沙政法频道,http://38.75.136.137:82/live1/hntv.m3u8?id=hncszf&usign=tnO5JvE7EOUNT8al6DLMiw
长沙政法频道,http://phonetx.qing.mgtv.com/live/0.0&/CXZFMPP360.m3u8
长沙政法频道,http://38.75.136.137:82/live1/jdtv2.m3u8?id=hncszf&usign=tnO5JvE7EOUNT8al6DLMiw
长沙嘉丽购物,http://38.75.136.137:82/live1/hoge.m3u8?ip=hnldtv&id=29&usign=tnO5JvE7EOUNT8al6DLMiw
湘潭新闻综合,http://live.hnxttv.com:9601/live/xwzh/800K/tzwj_video.m3u8
怀化新闻综合,http://zhonghe1.cdn.dingtoo.com/AppName/StreamName.m3u8?auth_key=2052528437-0-0-751357f267dc37033da592dca1009229
怀化新闻综合,http://38.75.136.137:82/live1/hnhhtv.m3u8?id=hnhhtv1&usign=tnO5JvE7EOUNT8al6DLMiw
怀化经济生活,http://gonggong1.cdn.dingtoo.com/AppName/StreamName.m3u8?auth_key=2052528449-0-0-06418993adb02cddc222d503db944489
怀化经济生活,http://38.75.136.137:82/live1/hnhhtv.m3u8?id=hnhhtv2&usign=tnO5JvE7EOUNT8al6DLMiw
常德新闻综合,http://38.75.136.137:82/live1/jdtv2.m3u8?id=hncdtv1&usign=tnO5JvE7EOUNT8al6DLMiw
常德公共频道,http://38.75.136.137:82/live1/jdtv2.m3u8?id=hncdtv2&usign=tnO5JvE7EOUNT8al6DLMiw
邵阳新闻综合,http://38.75.136.137:82/live1/hoge.m3u8?ip=hnsytv&id=33&usign=tnO5JvE7EOUNT8al6DLMiw
邵阳文旅民生,http://38.75.136.137:82/live1/hoge.m3u8?ip=hnsytv&id=34&usign=tnO5JvE7EOUNT8al6DLMiw
邵阳文旅民生,http://38.75.136.137:82/live1/jdtv2.m3u8?id=hnsytv2&usign=tnO5JvE7EOUNT8al6DLMiw
邵阳文旅民生,http://38.75.136.137:82/live1/jdtv2.m3u8?id=hnsytv2&usign=tnO5JvE7EOUNT8al6DLMiw
娄底综合频道,http://38.75.136.137:82/live1/jdtv2.m3u8?id=hnldtv1&usign=tnO5JvE7EOUNT8al6DLMiw
娄底公共频道,http://38.75.136.137:82/live1/jdtv2.m3u8?id=hnldtv2&usign=tnO5JvE7EOUNT8al6DLMiw
江西新闻频道,http://107.150.60.122/live/jxtv7.m3u8
成龙电影,http://107.150.60.122/live/lbcl.m3u8
周润发电影,http://107.150.60.122/live/lbzrf.m3u8
周星驰电影,http://107.150.60.122/live/lbzxc.m3u8
林正英影院,http://107.150.60.122/live/lblzy.m3u8
CCTV-4K超高清,http://192.151.150.154/live/cctv4k.m3u8
CCTV-8K超高清,http://192.151.150.154/live/cctv8k.m3u8
CHC影迷电影,http://192.151.150.154/live/chchd.m3u8
重温经典,http://192.151.150.154/live/cwjd.m3u8
CCTV-电视指南,http://192.151.150.154/live/dszn.m3u8
中央新影-老故事,http://192.151.150.154/live/lgs.m3u8
中央新影-发现之旅,http://192.151.150.154/live/fxzl.m3u8
国学频道,http://192.151.150.154/live/gxpd.m3u8
优漫卡通,http://192.151.150.154/live/ymkt.m3u8
北京纪实科教,http://192.151.150.154/live/btv3.m3u8
北京卡酷少儿,http://192.151.150.154/live/btvkk.m3u8
安徽卫视HD,http://192.151.150.154/live/ahwshd.m3u8
重庆卫视HD,http://192.151.150.154/live/cqwshd.m3u8
大湾区卫视(国际版),http://192.151.150.154/live/gdgj.m3u8
东方卫视HD,http://192.151.150.154/live/dfwshd.m3u8
东南卫视HD,http://192.151.150.154/live/dnwshd.m3u8
广东卫视HD,http://192.151.150.154/live/gdwshd.m3u8
甘肃卫视HD,http://192.151.150.154/live/gswshd.m3u8
广西卫视HD,http://192.151.150.154/live/gxwshd.m3u8
贵州卫视HD,http://192.151.150.154/live/gzwshd.m3u8
河南卫视HD,http://192.151.150.154/live/hawshd.m3u8
湖北卫视HD,http://192.151.150.154/live/hbwshd.m3u8
河北卫视HD,http://192.151.150.154/live/hewshd.m3u8
黑龙江卫视HD,http://192.151.150.154/live/hljwshd.m3u8
吉林卫视HD,http://192.151.150.154/live/jlwshd.m3u8
江苏卫视HD,http://192.151.150.154/live/jswshd.m3u8
江西卫视HD,http://192.151.150.154/live/jxwshd.m3u8
辽宁卫视HD,http://192.151.150.154/live/lnwshd.m3u8
大湾区卫视,http://192.151.150.154/live/nfws.m3u8
山东卫视HD,http://192.151.150.154/live/sdwshd.m3u8
陕西卫视HD,http://192.151.150.154/live/snwshd.m3u8
山西卫视HD,http://192.151.150.154/live/sxwshd.m3u8
深圳卫视HD,http://192.151.150.154/live/szwshd.m3u8
天津卫视HD,http://192.151.150.154/live/tjwshd.m3u8
厦门卫视,http://192.151.150.154/live/xmws.m3u8
云南卫视HD,http://192.151.150.154/live/ynwshd.m3u8
浙江卫视HD,http://192.151.150.154/live/zjwshd.m3u8
CCTV-卫生健康,http://192.151.150.154/live/wsjk.m3u8
北京卡酷少儿,http://192.151.150.154/live/btvkk.m3u8
中央新影-发现之旅,http://192.151.150.154/live/fxzl.m3u8
中央新影-老故事,http://192.151.150.154/live/lgs.m3u8
广东新闻,http://192.151.150.154/live/gdxw.m3u8
广东新闻,http://192.151.150.154/live/gdxwa.m3u8
广东移动,http://192.151.150.154/live/gdyd.m3u8
嘉佳卡通,http://192.151.150.154/live/gdjjkt.m3u8
岭南戏曲,http://192.151.150.154/live/gdlnxq.m3u8
广东4K超高清,http://192.151.150.154/live/gdtvs3.m3u8
广东少儿,http://192.151.150.154/live/gdtvs5.m3u8
广东民生,http://192.151.150.154/live/gdgg.m3u8
广西影视,http://192.151.150.154/live/gxys.m3u8
广西综艺旅游,http://192.151.150.154/live/gxzy.m3u8
广西都市,http://192.151.150.154/live/gxds.m3u8
娄底教育频道,http://38.75.136.137:82/live1/jdtv2.m3u8?id=hnldtv3&usign=tnO5JvE7EOUNT8al6DLMiw
益阳新闻综合,http://38.75.136.137:82/live1/hnyitv.m3u8?id=hnyitv1&usign=tnO5JvE7EOUNT8al6DLMiw
益阳公共频道,http://38.75.136.137:82/live1/hnyitv.m3u8?id=hnyitv3&usign=tnO5JvE7EOUNT8al6DLMiw
郴州新闻综合,http://38.75.136.137:82/live1/hoge.m3u8?ip=hncztv&id=33&usign=tnO5JvE7EOUNT8al6DLMiw
郴州公共都市,http://38.75.136.137:82/live1/hoge.m3u8?ip=hncztv&id=30&usign=tnO5JvE7EOUNT8al6DLMiw
衡阳新闻综合,http://38.75.136.137:82/live1/hnhytv.m3u8?id=hnhytv1&usign=tnO5JvE7EOUNT8al6DLMiw
衡阳文旅法治,http://38.75.136.137:82/live1/hnhytv.m3u8?id=hnhytv2&usign=tnO5JvE7EOUNT8al6DLMiw
长沙县新闻综合,https://liveplay-srs.voc.com.cn/hls/tv/203_10cdf5.m3u8
长沙县新闻综合,http://xsds.b.dingtoo.com/AppName/StreamName.m3u8
宁乡综合频道,http://b.ds.ch.dingtoo.com/AppName/StreamName.m3u8
古丈综合频道,https://liveplay-srs.voc.com.cn/hls/tv/144_4efb38.m3u8
花垣综合频道,https://liveplay-srs.voc.com.cn/hls/tv/134_d590ee.m3u8
吉首综合频道,https://liveplay-srs.voc.com.cn/hls/tv/143_70175b.m3u8
龙山综合频道,https://liveplay-srs.voc.com.cn/hls/tv/146_f067fe.m3u8
永顺综合频道,https://liveplay-yongshun.rednet.cn/live/yongshun2023_DST.m3u8
韶山综合频道,https://liveplay-shaoshan.rednet.cn/live/shaoshan-tv.m3u8
湘潭县综合,https://liveplay-xupu.rednet.cn/live/xiangtanxian_tv.m3u8
汨罗新闻综合,https://liveplay-srs.voc.com.cn/hls/tv/166_a4ad1b.m3u8
平江新闻频道,https://liveplay-srs.voc.com.cn/hls/tv/168_ce2a0c.m3u8
湘阴综合频道,https://liveplay-srs.voc.com.cn/hls/tv/165_13506b.m3u8
云溪新闻综合,http://liveplay-yxq.rednet.cn/live/yxq2024tv.m3u8
桂东综合频道,https://liveplay-srs.voc.com.cn/hls/tv/174_6ab9f8.m3u8
桂阳新闻综合,https://liveplay-srs.voc.com.cn/hls/tv/7_7c833e.m3u8
嘉禾新闻综合,https://liveplay-srs.voc.com.cn/hls/tv/184_e3af1a.m3u8
临武综合频道,https://liveplay-srs.voc.com.cn/hls/tv/148_feda2f.m3u8
汝城综合频道,https://liveplay-srs.voc.com.cn/hls/tv/149_40cf24.m3u8
永兴综合频道,https://liveplay-srs.voc.com.cn/hls/tv/40_1d0ed0.m3u8
资兴综合频道,https://liveplay-zixing.rednet.cn/live/zixin_tv_00676b.m3u8
茶陵新闻综合,https://liveplay-xupu.rednet.cn/live/chaling-telev.m3u8
渌口综合频道,http://vod.zzlknews.cn:40731/live/_definst_/lxzh/playlist.m3u8
广西新闻,http://192.151.150.154/live/gxxw.m3u8
广西国际,http://192.151.150.154/live/gxgj.m3u8
湖南娱乐,http://192.151.150.154/live/hnyl.m3u8
湖南教育,http://192.151.150.154/live/hnjy.m3u8
吉林都市,http://192.151.150.154/live/jlds.m3u8
吉林综艺文化,http://192.151.150.154/live/jlfz.m3u8
吉林生活,http://192.151.150.154/live/jlsh.m3u8
新疆汉语影视,http://192.151.150.154/live/xjtv6.m3u8
新疆汉语体育健康,http://192.151.150.154/live/xjtv7.m3u8
江西少儿家庭,http://192.151.150.154/live/jxtv6.m3u8
江西新闻频道,http://192.151.150.154/live/jxtv7.m3u8
成龙电影,http://192.151.150.154/live/lbcl.m3u8
周润发电影,http://192.151.150.154/live/lbzrf.m3u8
周星驰电影,http://192.151.150.154/live/lbzxc.m3u8
林正英影院,http://192.151.150.154/live/lblzy.m3u8
CCTV-4K超高清,http://198.204.228.26/live/cctv4k.m3u8
CCTV-8K超高清,http://198.204.228.26/live/cctv8k.m3u8
CHC影迷电影,http://198.204.228.26/live/chchd.m3u8
重温经典,http://198.204.228.26/live/cwjd.m3u8
CCTV-电视指南,http://198.204.228.26/live/dszn.m3u8
中央新影-老故事,http://198.204.228.26/live/lgs.m3u8
中央新影-发现之旅,http://198.204.228.26/live/fxzl.m3u8
国学频道,http://198.204.228.26/live/gxpd.m3u8
优漫卡通,http://198.204.228.26/live/ymkt.m3u8
北京纪实科教,http://198.204.228.26/live/btv3.m3u8
北京卡酷少儿,http://198.204.228.26/live/btvkk.m3u8
安徽卫视HD,http://198.204.228.26/live/ahwshd.m3u8
重庆卫视HD,http://198.204.228.26/live/cqwshd.m3u8
大湾区卫视(国际版),http://198.204.228.26/live/gdgj.m3u8
东方卫视HD,http://198.204.228.26/live/dfwshd.m3u8
东南卫视HD,http://198.204.228.26/live/dnwshd.m3u8
广东卫视HD,http://198.204.228.26/live/gdwshd.m3u8
甘肃卫视HD,http://198.204.228.26/live/gswshd.m3u8
广西卫视HD,http://198.204.228.26/live/gxwshd.m3u8
贵州卫视HD,http://198.204.228.26/live/gzwshd.m3u8
河南卫视HD,http://198.204.228.26/live/hawshd.m3u8
湖北卫视HD,http://198.204.228.26/live/hbwshd.m3u8
河北卫视HD,http://198.204.228.26/live/hewshd.m3u8
黑龙江卫视HD,http://198.204.228.26/live/hljwshd.m3u8
吉林卫视HD,http://198.204.228.26/live/jlwshd.m3u8
江苏卫视HD,http://198.204.228.26/live/jswshd.m3u8
江西卫视HD,http://198.204.228.26/live/jxwshd.m3u8
辽宁卫视HD,http://198.204.228.26/live/lnwshd.m3u8
大湾区卫视,http://198.204.228.26/live/nfws.m3u8
山东卫视HD,http://198.204.228.26/live/sdwshd.m3u8
陕西卫视HD,http://198.204.228.26/live/snwshd.m3u8
山西卫视HD,http://198.204.228.26/live/sxwshd.m3u8
深圳卫视HD,http://198.204.228.26/live/szwshd.m3u8
天津卫视HD,http://198.204.228.26/live/tjwshd.m3u8
厦门卫视,http://198.204.228.26/live/xmws.m3u8
云南卫视HD,http://198.204.228.26/live/ynwshd.m3u8
浙江卫视HD,http://198.204.228.26/live/zjwshd.m3u8
CCTV-卫生健康,http://198.204.228.26/live/wsjk.m3u8
攸县新闻综合,https://liveplay-srs.voc.com.cn/hls/tv/158_423c80.m3u8
衡东综合频道,https://liveplay-srs.voc.com.cn/hls/tv/180_60f888.m3u8
衡南综合频道,https://liveplay-hengnan.rednet.cn/live/hengnan_tv.m3u8
衡阳县时政综合,https://liveplay-srs.voc.com.cn/hls/tv/183_554704.m3u8
耒阳时政综合,kdsvod://rtmphtml://http://v.91kds.com/b7/shydyst.m3u8?id=cctv13hd&usign=tnO5JvE7EOUNT8al6DLMiw
耒阳时政综合,https://liveplay-srs.voc.com.cn/hls/tv/27_e9e1e5.m3u8
南岳综合频道,https://liveplay-nanyue.rednet.cn/live/nanyue_03f74.m3u8
安乡新闻综合,http://38.75.136.137:82/live1/jdtv2.m3u8?id=hncdax1&usign=tnO5JvE7EOUNT8al6DLMiw
汉寿综合频道,https://liveplay-srs.voc.com.cn/hls/tv/31_226756.m3u8
津市新闻频道,https://liveplay-srs.voc.com.cn/hls/tv/187_2abf84.m3u8
桃源综合频道,https://liveplay-srs.voc.com.cn/hls/tv/157_66df9e.m3u8#6#1
城步电视,https://liveplay-srs.voc.com.cn/hls/tv/169_b4d7a4.m3u8
绥宁综合频道,https://liveplay-srs.voc.com.cn/hls/tv/182_3c0dc6.m3u8
邵阳县电视台,http://38.75.136.137:82/live1/jdtv2.m3u8?id=hnsysy1&usign=tnO5JvE7EOUNT8al6DLMiw
邵阳县电视台,http://38.75.136.137:82/live1/jdtv2.m3u8?id=hnsysy1&usign=tnO5JvE7EOUNT8al6DLMiw
新邵电视台,https://liveplay-srs.voc.com.cn/hls/tv/171_daca67.m3u8
安化综合频道,https://liveplay-srs.voc.com.cn/hls/tv/204_16cb0f.m3u8
南县综合频道,http://hnstnx.chinashadt.com:2037/live/10001.stream/playlist.m3u8
南县综合频道,http://hnstnx.chinashadt.com:2037/live/10001.stream_360p/playlist.m3u8
沅江电视台,https://liveplay-srs.voc.com.cn/hls/tv/163_2c7011.m3u8
蓝山综合,https://liveplay-srs.voc.com.cn/hls/tv/26_370917.m3u8
新田电视台,https://liveplay-xintian.rednet.cn/live/xintian_tv.m3u8
双峰电视一套,https://liveplay-srs.voc.com.cn/hls/tv/131_acfb72.m3u8
双峰电视一套,http://38.75.136.137:82/live1/jdtv2.m3u8?id=hnldsf1&usign=tnO5JvE7EOUNT8al6DLMiw
新化新闻综合,https://liveplay-srs.voc.com.cn/hls/tv/170_49c556.m3u8
桑植新闻综合,https://liveplay-srs.voc.com.cn/hls/tv/185_938292.m3u8
洪江市综合,http://liveplay-hongjiang.rednet.cn/live/hongjiang_tv_ced5a7.m3u8
靖州综合,https://liveplay-srs.voc.com.cn/hls/tv/34_5156ed.m3u8
麻阳综合,https://liveplay-srs.voc.com.cn/hls/tv/38_6f397d.m3u8
通道时政,http://live.tongdaotv.com:10086/hls/1e8t0gkHR/playlist.m3u8
新晃时政,https://liveplay-srs.voc.com.cn/hls/tv/23_5d556a.m3u8
北京卡酷少儿,http://198.204.228.26/live/btvkk.m3u8
中央新影-发现之旅,http://198.204.228.26/live/fxzl.m3u8
中央新影-老故事,http://198.204.228.26/live/lgs.m3u8
广东新闻,http://198.204.228.26/live/gdxw.m3u8
广东新闻,http://198.204.228.26/live/gdxwa.m3u8
广东移动,http://198.204.228.26/live/gdyd.m3u8
嘉佳卡通,http://198.204.228.26/live/gdjjkt.m3u8
岭南戏曲,http://198.204.228.26/live/gdlnxq.m3u8
广东4K超高清,http://198.204.228.26/live/gdtvs3.m3u8
广东少儿,http://198.204.228.26/live/gdtvs5.m3u8
广东民生,http://198.204.228.26/live/gdgg.m3u8
广西影视,http://198.204.228.26/live/gxys.m3u8
广西综艺旅游,http://198.204.228.26/live/gxzy.m3u8
广西都市,http://198.204.228.26/live/gxds.m3u8
广西新闻,http://198.204.228.26/live/gxxw.m3u8
广西国际,http://198.204.228.26/live/gxgj.m3u8
湖南娱乐,http://198.204.228.26/live/hnyl.m3u8
湖南教育,http://198.204.228.26/live/hnjy.m3u8
吉林都市,http://198.204.228.26/live/jlds.m3u8
吉林综艺文化,http://198.204.228.26/live/jlfz.m3u8
吉林生活,http://198.204.228.26/live/jlsh.m3u8
新疆汉语影视,http://198.204.228.26/live/xjtv6.m3u8
新疆汉语体育健康,http://198.204.228.26/live/xjtv7.m3u8
江西少儿家庭,http://198.204.228.26/live/jxtv6.m3u8
江西新闻频道,http://198.204.228.26/live/jxtv7.m3u8
成龙电影,http://198.204.228.26/live/lbcl.m3u8
周润发电影,http://198.204.228.26/live/lbzrf.m3u8
周星驰电影,http://198.204.228.26/live/lbzxc.m3u8
林正英影院,http://198.204.228.26/live/lblzy.m3u8
CCTV-电视指南,http://bztv.tvbus.cc:8081/cdnlive/dszn.m3u8
溆浦综合,https://liveplay-xupu.rednet.cn/live/Xupu2024_DsT.m3u8
沅陵新闻综合,http://113.245.166.13:8235/hls/hd-live.m3u8
中方综合,https://liveplay-srs.voc.com.cn/hls/tv/18_3aa230.m3u8
芷江综合,https://liveplay-srs.voc.com.cn/hls/tv/20_68acda.m3u8
江苏综艺,http://38.75.136.137:82/live1/jstv2.m3u8?id=jszy&usign=tnO5JvE7EOUNT8al6DLMiw
江苏综艺,https://zjcn-live-play.jstv.com/live.m3u8/jszypro.m3u8
江苏综艺,http://38.75.136.137:82/live1/jstv1.m3u8?id=jszy&usign=tnO5JvE7EOUNT8al6DLMiw
江苏综艺,https://hlsbkmgsplive.miguvideo.com/wd_r2/jstv/jszongyi/600/01.m3u8?&HlsSubType=&encrypt=
江苏综艺,http://38.75.136.137:82/live2/jstv.m3u8?id=jszy&usign=tnO5JvE7EOUNT8al6DLMiw
江苏综艺,http://38.75.136.137:82/live2/jsqx1.m3u8?id=jszy&usign=tnO5JvE7EOUNT8al6DLMiw
江苏综艺,https://zjcn-live-play.jstv.com/live.m3u8/jszy_live.m3u8
江苏综艺,http://38.75.136.137:82/live2/jsqx.m3u8?id=jszy&usign=tnO5JvE7EOUNT8al6DLMiw
江苏综艺,http://38.75.136.137:82/live1/jdtv2.m3u8?id=jszy&usign=tnO5JvE7EOUNT8al6DLMiw
江苏城市,http://38.75.136.137:82/live1/jstv2.m3u8?id=jscs&usign=tnO5JvE7EOUNT8al6DLMiw
江苏城市,https://zjcn-live-play.jstv.com/live.m3u8/jscspro.m3u8
江苏城市,http://38.75.136.137:82/live1/jstv1.m3u8?id=jscs&usign=tnO5JvE7EOUNT8al6DLMiw
江苏城市,https://hlsbkmgsplive.miguvideo.com/wd_r2/jstv/jschengshi/600/01.m3u8?&HlsSubType=&encrypt=
江苏城市,http://38.75.136.137:82/live2/jstv.m3u8?id=jscs&usign=tnO5JvE7EOUNT8al6DLMiw
江苏城市,http://38.75.136.137:82/live2/jsqx1.m3u8?id=jscs&usign=tnO5JvE7EOUNT8al6DLMiw
江苏城市,https://zjcn-live-play.jstv.com/live.m3u8/jscs_live.m3u8
江苏城市,http://38.75.136.137:82/live2/jsqx.m3u8?id=jscs&usign=tnO5JvE7EOUNT8al6DLMiw
江苏影视,http://38.75.136.137:82/live1/jstv2.m3u8?id=jsys&usign=tnO5JvE7EOUNT8al6DLMiw
江苏影视,https://zjcn-live-play.jstv.com/live.m3u8/jsyspro.m3u8
江苏影视,http://38.75.136.137:82/live1/jstv1.m3u8?id=jsys&usign=tnO5JvE7EOUNT8al6DLMiw
江苏影视,https://hlsbkmgsplive.miguvideo.com/wd_r2/jstv/jsyingshi/600/01.m3u8?&HlsSubType=&encrypt=
江苏影视,http://38.75.136.137:82/live2/jstv.m3u8?id=jsys&usign=tnO5JvE7EOUNT8al6DLMiw
江苏影视,http://38.75.136.137:82/live2/jsqx1.m3u8?id=jsys&usign=tnO5JvE7EOUNT8al6DLMiw
江苏影视,https://zjcn-live-play.jstv.com/live.m3u8/jsys_live.m3u8
江苏影视,http://38.75.136.137:82/live2/jsqx.m3u8?id=jsys&usign=tnO5JvE7EOUNT8al6DLMiw
江苏影视,http://38.75.136.137:82/live1/jdtv2.m3u8?id=jsys&usign=tnO5JvE7EOUNT8al6DLMiw
江苏体育休闲,http://38.75.136.137:82/live1/jstv2.m3u8?id=jsty&usign=tnO5JvE7EOUNT8al6DLMiw
江苏体育休闲,https://zjcn-live-play.jstv.com/live.m3u8/jsxxpro.m3u8
江苏体育休闲,http://38.75.136.137:82/live1/jstv1.m3u8?id=jsty&usign=tnO5JvE7EOUNT8al6DLMiw
江苏体育休闲,https://hlsbkmgsplive.miguvideo.com/wd_r2/jstv/jstiyu/600/01.m3u8?&HlsSubType=&encrypt=
江苏体育休闲,http://38.75.136.137:82/live2/jstv.m3u8?id=jsty&usign=tnO5JvE7EOUNT8al6DLMiw
江苏体育休闲,http://38.75.136.137:82/live2/jsqx1.m3u8?id=jsty&usign=tnO5JvE7EOUNT8al6DLMiw
江苏体育休闲,https://zjcn-live-play.jstv.com/live.m3u8/jsxx_live.m3u8
江苏体育休闲,http://38.75.136.137:82/live2/jsqx.m3u8?id=jsty&usign=tnO5JvE7EOUNT8al6DLMiw
江苏新闻,http://38.75.136.137:82/live1/jstv2.m3u8?id=jsgg&usign=tnO5JvE7EOUNT8al6DLMiw
江苏新闻,https://zjcn-live-play.jstv.com/live.m3u8/jsxwpro.m3u8
江苏新闻,http://38.75.136.137:82/live1/jstv1.m3u8?id=jsgg&usign=tnO5JvE7EOUNT8al6DLMiw
江苏新闻,https://hlsbkmgsplive.miguvideo.com/wd_r2/jstv/jsgonggong/600/01.m3u8?&HlsSubType=&encrypt=
江苏新闻,http://38.75.136.137:82/live2/jstv.m3u8?id=jsgg&usign=tnO5JvE7EOUNT8al6DLMiw
江苏新闻,http://38.75.136.137:82/live2/jsqx1.m3u8?id=jsgg&usign=tnO5JvE7EOUNT8al6DLMiw
江苏新闻,https://zhibo-hls.jstv.com/litchi/zhibo-jsgg.m3u8
江苏新闻,https://zjcn-live-play.jstv.com/live.m3u8/jsxw_live.m3u8
江苏新闻,http://38.75.136.137:82/live2/jsqx.m3u8?id=jsgg&usign=tnO5JvE7EOUNT8al6DLMiw
江苏教育,http://38.75.136.137:82/live1/jstv2.m3u8?id=jsjy&usign=tnO5JvE7EOUNT8al6DLMiw
江苏教育,https://zjcn-live-play.jstv.com/live.m3u8/jsjypro.m3u8
江苏教育,http://38.75.136.137:82/live1/jstv1.m3u8?id=jsjy&usign=tnO5JvE7EOUNT8al6DLMiw
江苏教育,https://hlsbkmgsplive.miguvideo.com/wd_r2/jstv/jsjiaoyu/600/01.m3u8?&HlsSubType=&encrypt=
CCTV-卫生健康,http://bztv.tvbus.cc:8081/cdnlive/wsjk.m3u8
大湾区卫视,http://bztv.tvbus.cc:8081/cdnlive/nfws.m3u8
厦门卫视,http://bztv.tvbus.cc:8081/cdnlive/xmws.m3u8
CCTV-4K超高清,http://173.208.212.130:8181/720p/cctv4k.m3u8
CCTV-8K超高清,http://173.208.212.130:8181/720p/cctv8k.m3u8
CCTV-卫生健康,http://173.208.212.130:8181/720p/wsjk.m3u8
CCTV-4K超高清,https://live.264788.xyz/channel/cctv4k?streamid=ddf7c8a2b9355fd0327077c06958bd0f&livekey=01WgOR41rriMmMkzNsd0UoaxJRwetZdxIvtVk
江苏教育,http://38.75.136.137:82/live2/jstv.m3u8?id=jsjy&usign=tnO5JvE7EOUNT8al6DLMiw
江苏教育,http://38.75.136.137:82/live2/jsqx1.m3u8?id=jsjy&usign=tnO5JvE7EOUNT8al6DLMiw
江苏教育,https://zjcn-live-play.jstv.com/live.m3u8/jsjy_live.m3u8
江苏教育,http://38.75.136.137:82/live2/jsqx.m3u8?id=jsjy&usign=tnO5JvE7EOUNT8al6DLMiw
江苏国际,http://38.75.136.137:82/live1/jstv2.m3u8?id=jsgj&usign=tnO5JvE7EOUNT8al6DLMiw
江苏国际,https://zjcn-live-play.jstv.com/live.m3u8/jsgjpro.m3u8
江苏国际,http://38.75.136.137:82/live1/jstv1.m3u8?id=jsgj&usign=tnO5JvE7EOUNT8al6DLMiw
江苏国际,https://hlsbkmgsplive.miguvideo.com/wd_r2/jstv/jsguoji/600/01.m3u8?&HlsSubType=&encrypt=
江苏国际,http://38.75.136.137:82/live2/jstv.m3u8?id=jsgj&usign=tnO5JvE7EOUNT8al6DLMiw
江苏国际,http://38.75.136.137:82/live2/jsqx1.m3u8?id=jsgj&usign=tnO5JvE7EOUNT8al6DLMiw
江苏国际,https://zjcn-live-play.jstv.com/live.m3u8/jsgj_live.m3u8
江苏国际,http://38.75.136.137:82/live2/jsqx.m3u8?id=jsgj&usign=tnO5JvE7EOUNT8al6DLMiw
江苏国际,http://38.75.136.137:82/live1/jdtv2.m3u8?id=jsgj&usign=tnO5JvE7EOUNT8al6DLMiw
财富天下,http://38.75.136.137:82/live2/bfgd.m3u8?id=4200000231&usign=tnO5JvE7EOUNT8al6DLMiw
财富天下,http://38.75.136.137:82/live1/jdtv2.m3u8?id=jscftx&usign=tnO5JvE7EOUNT8al6DLMiw
财富天下,http://38.75.136.137:82/live1/jdtv2.m3u8?id=jscftx&usign=tnO5JvE7EOUNT8al6DLMiw
优漫卡通,http://38.75.136.137:82/live1/jstv2.m3u8?id=ymkt&usign=tnO5JvE7EOUNT8al6DLMiw
优漫卡通,https://zjcn-live-play.jstv.com/live.m3u8/ymktpro.m3u8
优漫卡通,http://38.75.136.137:82/live1/jstv1.m3u8?id=ymkt&usign=tnO5JvE7EOUNT8al6DLMiw
优漫卡通,http://38.75.136.137:82/live1/jsb.m3u8?id=ymkt&usign=tnO5JvE7EOUNT8al6DLMiw
优漫卡通,https://hlsbkmgsplive.miguvideo.com/wd_r2/jstv/ymkt/600/01.m3u8?&HlsSubType=&encrypt=
优漫卡通,http://38.75.136.137:82/live2/jstv.m3u8?id=ymkt&usign=tnO5JvE7EOUNT8al6DLMiw
优漫卡通,http://38.75.136.137:82/live1/jsb1.m3u8?id=ymkt&usign=tnO5JvE7EOUNT8al6DLMiw
优漫卡通,http://38.75.136.137:82/live2/jsqx1.m3u8?id=ymkt&usign=tnO5JvE7EOUNT8al6DLMiw
优漫卡通,https://zjcn-live-play.jstv.com/live.m3u8/ymkt_live.m3u8
优漫卡通,http://38.75.136.137:82/live1/jsb.m3u8?id=ymkt&ip=whus17&usign=tnO5JvE7EOUNT8al6DLMiw
优漫卡通,http://38.75.136.137:82/live2/jsqx.m3u8?id=ymkt&usign=tnO5JvE7EOUNT8al6DLMiw
优漫卡通,http://38.75.136.137:82/live1/jdtv2.m3u8?id=ymkt&usign=tnO5JvE7EOUNT8al6DLMiw
优漫卡通,http://38.75.136.137:82/live1/jdtv2.m3u8?id=ymkt&usign=tnO5JvE7EOUNT8al6DLMiw
好享购物,http://38.75.136.137:82/live1/jdtv2.m3u8?id=jshxgw&usign=tnO5JvE7EOUNT8al6DLMiw
好享购物,http://38.75.136.137:82/live1/jdtv2.m3u8?id=jshxgw&usign=tnO5JvE7EOUNT8al6DLMiw
南京新闻综合,http://38.75.136.137:82/live1/jstv1.m3u8?id=jsnjxw&usign=tnO5JvE7EOUNT8al6DLMiw
南京新闻综合,https://hlsbkmgsplive.miguvideo.com/migu/kailu/nanjingxwzh/50/20230719/01.m3u8?&HlsSubType=&encrypt=
南京新闻综合,http://38.75.136.137:82/live2/jsqx1.m3u8?id=jsnjxw&usign=tnO5JvE7EOUNT8al6DLMiw
南京新闻综合,https://live.nbs.cn/channels/njtv/xwzh/nbs06.m3u8
南京新闻综合,http://live.nbs.cn/channels/njtv/xwpdb/nbs06.m3u8
南京新闻综合,https://zjcn-live-play.jstv.com/live.m3u8/nanjing.m3u8
南京新闻综合,http://38.75.136.137:82/live2/jsqx.m3u8?id=jsnjxw&usign=tnO5JvE7EOUNT8al6DLMiw
南京教科,https://hlsbkmgsplive.miguvideo.com/migu/kailu/nanjingkj/50/20230719/01.m3u8?&HlsSubType=&encrypt=
南京教科,https://live.nbs.cn/channels/njtv/jkpd/nbs06.m3u8
南京文旅纪录,http://live.nbs.cn/channels/njtv/wljl/nbs24.m3u8
CCTV-4K超高清,https://live.264788.xyz/channel/cctv4k?streamid=69b8ad870d6e6b638349a2eb5d3c6e98&livekey=01WgOR41rriMmMkzNsd0UoaxJRwetZdxIvtVk
CCTV-4K超高清,https://live.264788.xyz/channel/cctv4k?streamid=dc08cf9ff7243e2392ad3c40024e31b8&livekey=01WgOR41rriMmMkzNsd0UoaxJRwetZdxIvtVk
CCTV-4K超高清,https://live.264788.xyz/channel/cctv4k?streamid=84c255985963e0e411a18999189b14c8&livekey=01WgOR41rriMmMkzNsd0UoaxJRwetZdxIvtVk
CCTV-4K超高清,https://live.264788.xyz/channel/cctv4k?streamid=e391578b03c29555c8769f7b6c4bf02f&livekey=01WgOR41rriMmMkzNsd0UoaxJRwetZdxIvtVk
CCTV-4K超高清,https://live.264788.xyz/channel/cctv4k?streamid=731a9cde3c22193d8a16a5ae7c5ffddd&livekey=01WgOR41rriMmMkzNsd0UoaxJRwetZdxIvtVk
CGTN新闻,https://live.264788.xyz/channel/cgtn?streamid=7184e7d2198478ebe4505b02e490522d&livekey=01WgOR41rriMmMkzNsd0UoaxJRwetZdxIvtVk
CGTN新闻,https://live.264788.xyz/channel/cgtn?streamid=36226196c651187b6e80ba8ecb4b2552&livekey=01WgOR41rriMmMkzNsd0UoaxJRwetZdxIvtVk
CGTN新闻,https://live.264788.xyz/channel/cgtn?streamid=adfd5ae77f362d2987040e974b56ee88&livekey=01WgOR41rriMmMkzNsd0UoaxJRwetZdxIvtVk
CGTN新闻,https://live.264788.xyz/channel/cgtn?streamid=b3bff97fe63b849ac854fbd02181ac36&livekey=01WgOR41rriMmMkzNsd0UoaxJRwetZdxIvtVk
CGTN新闻,https://live.264788.xyz/channel/cgtn?streamid=449ceee2276fb50f7fa3c15d86686ead&livekey=01WgOR41rriMmMkzNsd0UoaxJRwetZdxIvtVk
CGTN新闻,https://live.264788.xyz/channel/cgtn?streamid=8be8d91572831eb6faabd0addc70f444&livekey=01WgOR41rriMmMkzNsd0UoaxJRwetZdxIvtVk
CGTN纪录,https://live.264788.xyz/channel/cgtndocumentary?streamid=ec5fb324cab2d33b91ca40cdb80755ec&livekey=01WgOR41rriMmMkzNsd0UoaxJRwetZdxIvtVk
CGTN纪录,https://live.264788.xyz/channel/cgtndocumentary?streamid=d27e00e9e046013bee3262d4988a9c4c&livekey=01WgOR41rriMmMkzNsd0UoaxJRwetZdxIvtVk
CGTN纪录,https://live.264788.xyz/channel/cgtndocumentary?streamid=4fd47dad71848ae9ff3b569dd7336d7e&livekey=01WgOR41rriMmMkzNsd0UoaxJRwetZdxIvtVk
CGTN纪录,https://live.264788.xyz/channel/cgtndocumentary?streamid=fc6368d8ced98e7ccf7524d8779abe43&livekey=01WgOR41rriMmMkzNsd0UoaxJRwetZdxIvtVk
CGTN西班牙语,https://live.264788.xyz/channel/cgtnspanish?streamid=f42b1c67e54d893e2ff973c283ad0adb&livekey=01WgOR41rriMmMkzNsd0UoaxJRwetZdxIvtVk
CGTN西班牙语,https://live.264788.xyz/channel/cgtnspanish?streamid=05c35a6b306860c750fe6879b3fca13f&livekey=01WgOR41rriMmMkzNsd0UoaxJRwetZdxIvtVk
CGTN阿拉伯语,https://live.264788.xyz/channel/cgtnarabic?streamid=370d2ee7d998e60b5ed9b89591686314&livekey=01WgOR41rriMmMkzNsd0UoaxJRwetZdxIvtVk
CGTN阿拉伯语,https://live.264788.xyz/channel/cgtnarabic?streamid=d9f761f511d773f6e23ada2999b70c15&livekey=01WgOR41rriMmMkzNsd0UoaxJRwetZdxIvtVk
CGTN俄语,https://live.264788.xyz/channel/cgtnrussian?streamid=d63b1fb2ddd42fcc7fabef6caf24564f&livekey=01WgOR41rriMmMkzNsd0UoaxJRwetZdxIvtVk
CGTN俄语,https://live.264788.xyz/channel/cgtnrussian?streamid=21ca2ce8eb779d8a11cf6cce3956b006&livekey=01WgOR41rriMmMkzNsd0UoaxJRwetZdxIvtVk
延边卫视,https://live.264788.xyz/channel/yanbianweishi?streamid=5bef9ef3217ab33bd448f25dce2f2aa6&livekey=01WgOR41rriMmMkzNsd0UoaxJRwetZdxIvtVk
南京文旅纪录,http://38.75.136.137:82/live1/jdtv2.m3u8?id=jsnjyl&usign=tnO5JvE7EOUNT8al6DLMiw
南京十八生活,https://hlsbkmgsplive.miguvideo.com/migu/kailu/nanjingsb/50/20230719/01.m3u8?&HlsSubType=&encrypt=
南京十八生活,http://live.nbs.cn/channels/njtv/sbsh/nbs24.m3u8
南京少儿,https://live.nbs.cn/channels/njtv/sepd/nbs23.m3u8
苏州新闻综合,http://38.75.136.137:82/live1/jstv1.m3u8?id=jssztv1&usign=tnO5JvE7EOUNT8al6DLMiw
苏州新闻综合,https://live-auth.51kandianshi.com/szgd/csztv1.m3u8
苏州新闻综合,http://38.75.136.137:82/live2/jsqx1.m3u8?id=jssztv1&usign=tnO5JvE7EOUNT8al6DLMiw
苏州新闻综合,https://zjcn-live-play.jstv.com/live.m3u8/suzhou.m3u8
苏州新闻综合,http://36.137.190.15:5021/live_hls/1/playlist.m3u8
苏州新闻综合,http://38.75.136.137:82/live2/jsqx.m3u8?id=jssztv1&usign=tnO5JvE7EOUNT8al6DLMiw
苏州新闻综合,rtmp://36.137.190.15:1935/live/c01
苏州社会经济,https://live-auth.51kandianshi.com/szgd/csztv2.m3u8
苏州社会经济,http://36.137.190.15:5021/live_hls/2/playlist.m3u8
苏州社会经济,rtmp://36.137.190.15:1935/live/c02
苏州文化生活,https://live-auth.51kandianshi.com/szgd/csztv3.m3u8
苏州文化生活,http://36.137.190.15:5021/live_hls/3/playlist.m3u8
苏州文化生活,rtmp://36.137.190.15:1935/live/c03
苏州电影娱乐信息,https://live-auth.51kandianshi.com/szgd/csztv4.m3u8
苏州生活资讯,https://live-auth.51kandianshi.com/szgd/csztv5.m3u8
苏州生活资讯,http://36.137.190.15:5021/live_hls/4/playlist.m3u8
苏州生活资讯,rtmp://36.137.190.15:1935/live/c04
苏州4K频道,https://tylive.kan0512.com/norecord/csztv4k_fhd.m3u8
南通新闻综合,http://38.75.136.137:82/live1/jstv1.m3u8?id=jsnttv1&usign=tnO5JvE7EOUNT8al6DLMiw
南通新闻综合,https://cm-live.ntjoy.com/live/4f1.flv
南通新闻综合,http://38.75.136.137:82/live2/jsqx1.m3u8?id=jsnttv1&usign=tnO5JvE7EOUNT8al6DLMiw
南通新闻综合,https://cm-live.ntjoy.com/live/4f1.m3u8
南通新闻综合,https://zjcn-live-play.jstv.com/live.m3u8/nantong.m3u8
南通新闻综合,http://38.75.136.137:82/live2/jsqx.m3u8?id=jsnttv1&usign=tnO5JvE7EOUNT8al6DLMiw
南通新闻综合,http://38.75.136.137:82/live1/jsnttv.m3u8?fmt=hls&id=jsnttv1&usign=tnO5JvE7EOUNT8al6DLMiw
南通新闻综合,http://38.75.136.137:82/live1/jsnttv.m3u8?fmt=flv&id=jsnttv1&usign=tnO5JvE7EOUNT8al6DLMiw
南通都市生活,https://cm-live.ntjoy.com/live/4f3.flv
南通都市生活,https://cm-live.ntjoy.com/live/4f3.m3u8
南通都市生活,http://38.75.136.137:82/live1/jsnttv.m3u8?fmt=hls&id=jsnttv2&usign=tnO5JvE7EOUNT8al6DLMiw
南通都市生活,http://38.75.136.137:82/live1/jsnttv.m3u8?fmt=flv&id=jsnttv2&usign=tnO5JvE7EOUNT8al6DLMiw
南通公共崇川,https://cm-live.ntjoy.com/live/4f5.flv
南通公共崇川,https://cm-live.ntjoy.com/live/4f5.m3u8
南通公共崇川,http://38.75.136.137:82/live1/jsnttv.m3u8?fmt=hls&id=jsnttv3&usign=tnO5JvE7EOUNT8al6DLMiw
南通公共崇川,http://38.75.136.137:82/live1/jsnttv.m3u8?fmt=flv&id=jsnttv3&usign=tnO5JvE7EOUNT8al6DLMiw
常州新闻,http://38.75.136.137:82/live1/jstv1.m3u8?id=jscztv1&usign=tnO5JvE7EOUNT8al6DLMiw
常州新闻,http://38.75.136.137:82/live1/jscztv.m3u8?id=jscztv1&usign=tnO5JvE7EOUNT8al6DLMiw
常州新闻,http://38.75.136.137:82/live2/jsqx1.m3u8?id=jscztv1&usign=tnO5JvE7EOUNT8al6DLMiw
常州新闻,https://zjcn-live-play.jstv.com/live.m3u8/changzhou.m3u8
常州新闻,http://38.75.136.137:82/live2/jsqx.m3u8?id=jscztv1&usign=tnO5JvE7EOUNT8al6DLMiw
常州都市,http://38.75.136.137:82/live1/jscztv.m3u8?id=jscztv2&usign=tnO5JvE7EOUNT8al6DLMiw
常州生活,http://38.75.136.137:82/live1/jscztv.m3u8?id=jscztv3&usign=tnO5JvE7EOUNT8al6DLMiw
常州公共,http://38.75.136.137:82/live1/jscztv.m3u8?id=jscztv4&usign=tnO5JvE7EOUNT8al6DLMiw
盐城新闻综合,http://38.75.136.137:82/live1/jstv1.m3u8?id=jsyctv1&usign=tnO5JvE7EOUNT8al6DLMiw
盐城新闻综合,http://38.75.136.137:82/live2/jsqx1.m3u8?id=jsyctv1&usign=tnO5JvE7EOUNT8al6DLMiw
盐城新闻综合,https://zjcn-live-play.jstv.com/live.m3u8/yancheng.m3u8
盐城新闻综合,https://live1yc.0515yc.cn/yctv1/sd/live.m3u8
盐城新闻综合,http://38.75.136.137:82/live2/jsqx.m3u8?id=jsyctv1&usign=tnO5JvE7EOUNT8al6DLMiw
盐城法制生活,https://live1yc.0515yc.cn/yctv2/sd/live.m3u8
盐城城市公共,https://live1yc.0515yc.cn/yctv3/sd/live.m3u8
扬州新闻频道,http://38.75.136.137:82/live1/jstv1.m3u8?id=jsyztv1&usign=tnO5JvE7EOUNT8al6DLMiw
扬州新闻频道,http://38.75.136.137:82/live2/jsqx1.m3u8?id=jsyztv1&usign=tnO5JvE7EOUNT8al6DLMiw
扬州新闻频道,https://zjcn-live-play.jstv.com/live.m3u8/yangzhou.m3u8
扬州新闻频道,http://38.75.136.137:82/live2/jsqx.m3u8?id=jsyztv1&usign=tnO5JvE7EOUNT8al6DLMiw
扬州邗江频道,http://38.75.136.137:82/live1/jstv1.m3u8?id=jsyztv5&usign=tnO5JvE7EOUNT8al6DLMiw
扬州邗江频道,http://38.75.136.137:82/live2/jsqx1.m3u8?id=jsyztv5&usign=tnO5JvE7EOUNT8al6DLMiw
扬州邗江频道,https://zjcn-live-play.jstv.com/live.m3u8/hanjiang.m3u8
扬州邗江频道,http://38.75.136.137:82/live2/jsqx.m3u8?id=jsyztv5&usign=tnO5JvE7EOUNT8al6DLMiw
延边卫视,https://live.264788.xyz/channel/yanbianweishi?streamid=2af361ac8ba5e870d104cc59390cf845&livekey=01WgOR41rriMmMkzNsd0UoaxJRwetZdxIvtVk
海峡卫视,https://live.264788.xyz/channel/haixiaweishi?streamid=be23d18302e75af7b2388988938fa934&livekey=01WgOR41rriMmMkzNsd0UoaxJRwetZdxIvtVk
海峡卫视,https://live.264788.xyz/channel/haixiaweishi?streamid=52e5e5fac4d6b6e3631011c8ee8ee1ad&livekey=01WgOR41rriMmMkzNsd0UoaxJRwetZdxIvtVk
海峡卫视,https://live.264788.xyz/channel/haixiaweishi?streamid=f495ed8625aedd9e72c64fb11e6d68f2&livekey=01WgOR41rriMmMkzNsd0UoaxJRwetZdxIvtVk
海峡卫视,https://live.264788.xyz/channel/haixiaweishi?streamid=f11f5897802881420f37cc2b50976510&livekey=01WgOR41rriMmMkzNsd0UoaxJRwetZdxIvtVk
厦门卫视,https://live.264788.xyz/channel/xiamenweishi?streamid=2803b9c896a2dce42019b197d39226ec&livekey=01WgOR41rriMmMkzNsd0UoaxJRwetZdxIvtVk
厦门卫视,https://live.264788.xyz/channel/xiamenweishi?streamid=59b4bebbc553075be2ddecfe210b863a&livekey=01WgOR41rriMmMkzNsd0UoaxJRwetZdxIvtVk
康巴卫视,https://live.264788.xyz/channel/kangbaweishi?streamid=a027d1f4a2a0dda912f250b1fcb80223&livekey=01WgOR41rriMmMkzNsd0UoaxJRwetZdxIvtVk
徐州新闻综合,http://38.75.136.137:82/live1/jstv1.m3u8?id=jsxztv1&usign=tnO5JvE7EOUNT8al6DLMiw
徐州新闻综合,https://hlsbkmgsplive.miguvideo.com/wd_r2/jstv/xzxinwenzonghe/600/01.m3u8?&HlsSubType=&encrypt=
徐州新闻综合,http://38.75.136.137:82/live2/jsqx1.m3u8?id=jsxztv1&usign=tnO5JvE7EOUNT8al6DLMiw
徐州新闻综合,https://zjcn-live-play.jstv.com/live.m3u8/xuzhou.m3u8
徐州新闻综合,http://38.75.136.137:82/live2/jsqx.m3u8?id=jsxztv1&usign=tnO5JvE7EOUNT8al6DLMiw
徐州新闻综合,http://stream3.huaihai.tv/xwzh1t/sd/live.m3u8
徐州经济生活,http://stream3.huaihai.tv/xz2t/sd/live.m3u8
徐州文艺影视,http://stream3.huaihai.tv/xz3t/sd/live.m3u8
徐州公共频道,http://stream3.huaihai.tv/xz4t/sd/live.m3u8
淮安综合频道,http://38.75.136.137:82/live1/jstv1.m3u8?id=jshatv1&usign=tnO5JvE7EOUNT8al6DLMiw
淮安综合频道,https://hlsbkmgsplive.miguvideo.com/wd_r2/jstv/haxinwenzonghe/600/01.m3u8?&HlsSubType=&encrypt=
淮安综合频道,http://38.75.136.137:82/live2/jsqx1.m3u8?id=jshatv1&usign=tnO5JvE7EOUNT8al6DLMiw
淮安综合频道,https://zjcn-live-play.jstv.com/live.m3u8/huaian.m3u8
淮安综合频道,http://38.75.136.137:82/live2/jsqx.m3u8?id=jshatv1&usign=tnO5JvE7EOUNT8al6DLMiw
淮安综合频道,http://live1.habctv.com/zhpdsl/sd/live.m3u8
淮安公共频道,http://live1.habctv.com/ggpdsl/sd/live.m3u8
淮安影视娱乐,http://live1.habctv.com/ysylsl/sd/live.m3u8
无锡新闻综合,http://38.75.136.137:82/live1/jstv1.m3u8?id=jswxtv1&usign=tnO5JvE7EOUNT8al6DLMiw
无锡新闻综合,http://38.75.136.137:82/live1/jswxtv.m3u8?id=jswxtv1&usign=tnO5JvE7EOUNT8al6DLMiw
无锡新闻综合,http://38.75.136.137:82/live2/jsqx1.m3u8?id=jswxtv1&usign=tnO5JvE7EOUNT8al6DLMiw
无锡新闻综合,https://zjcn-live-play.jstv.com/live.m3u8/wuxi.m3u8
无锡新闻综合,http://m.m3u8.wifiwx.com/live/wifiwx-239.m3u8
无锡新闻综合,http://38.75.136.137:82/live2/jsqx.m3u8?id=jswxtv1&usign=tnO5JvE7EOUNT8al6DLMiw
无锡娱乐,http://38.75.136.137:82/live1/jswxtv.m3u8?id=jswxtv2&usign=tnO5JvE7EOUNT8al6DLMiw
无锡都市资讯,http://38.75.136.137:82/live1/jswxtv.m3u8?id=jswxtv3&usign=tnO5JvE7EOUNT8al6DLMiw
无锡生活,http://38.75.136.137:82/live1/jswxtv.m3u8?id=jswxtv4&usign=tnO5JvE7EOUNT8al6DLMiw
无锡经济,http://38.75.136.137:82/live1/jswxtv.m3u8?id=jswxtv5&usign=tnO5JvE7EOUNT8al6DLMiw
无锡移动电视,http://m.m3u8.wifiwx.com/live/wifiwx-494.m3u8
无锡教育频道,https://tv.wxjy.com.cn:9001/tvwebstream/tv_channel_1359/index.m3u8
泰州新闻综合,http://38.75.136.137:82/live1/jstv1.m3u8?id=jstztv1&usign=tnO5JvE7EOUNT8al6DLMiw
泰州新闻综合,https://hlsbkmgsplive.miguvideo.com/wd_r2/jstv/tzxinwenzonghe/600/01.m3u8?&HlsSubType=&encrypt=
泰州新闻综合,http://38.75.136.137:82/live2/jsqx1.m3u8?id=jstztv1&usign=tnO5JvE7EOUNT8al6DLMiw
泰州新闻综合,https://zjcn-live-play.jstv.com/live.m3u8/taizhou.m3u8
康巴卫视,https://live.264788.xyz/channel/kangbaweishi?streamid=2e281c42f6125b5ffeacab24e4dd551d&livekey=01WgOR41rriMmMkzNsd0UoaxJRwetZdxIvtVk
北京纪实科教,https://live.264788.xyz/channel/beijingjishikejiao?streamid=df464c64af62853da71f951b2ed3228f&livekey=01WgOR41rriMmMkzNsd0UoaxJRwetZdxIvtVk
北京纪实科教,https://live.264788.xyz/channel/beijingjishikejiao?streamid=2f052390b23a1d26ae24a90626086577&livekey=01WgOR41rriMmMkzNsd0UoaxJRwetZdxIvtVk
金鹰纪实,https://live.264788.xyz/channel/jinyingjishi?streamid=39c14c1420dbb152d037b2b1cc17c175&livekey=01WgOR41rriMmMkzNsd0UoaxJRwetZdxIvtVk
金鹰纪实,https://live.264788.xyz/channel/jinyingjishi?streamid=4e14722244f78fc9c49bf260b10b3cad&livekey=01WgOR41rriMmMkzNsd0UoaxJRwetZdxIvtVk
金鹰纪实,https://live.264788.xyz/channel/jinyingjishi?streamid=8613f04bbb24163ffa946e8e078454b3&livekey=01WgOR41rriMmMkzNsd0UoaxJRwetZdxIvtVk
金鹰纪实,https://live.264788.xyz/channel/jinyingjishi?streamid=b33f7690b2ce36708f54588c53a20742&livekey=01WgOR41rriMmMkzNsd0UoaxJRwetZdxIvtVk
金鹰纪实,https://live.264788.xyz/channel/jinyingjishi?streamid=3680a1c0ad58417e29641bb984685a5b&livekey=01WgOR41rriMmMkzNsd0UoaxJRwetZdxIvtVk
金鹰纪实,https://live.264788.xyz/channel/jinyingjishi?streamid=bcfd639f6519faa0373873f93c140821&livekey=01WgOR41rriMmMkzNsd0UoaxJRwetZdxIvtVk
CETV-1综合教育,https://live.264788.xyz/channel/cetv1?streamid=f1777f794d92011bba4f6796c0573287&livekey=01WgOR41rriMmMkzNsd0UoaxJRwetZdxIvtVk
CETV-1综合教育,https://live.264788.xyz/channel/cetv1?streamid=5499155e72ecb123c418911e60349380&livekey=01WgOR41rriMmMkzNsd0UoaxJRwetZdxIvtVk
CETV-1综合教育,https://live.264788.xyz/channel/cetv1?streamid=1f850088bff0214dd9589e27a3aa3223&livekey=01WgOR41rriMmMkzNsd0UoaxJRwetZdxIvtVk
CETV-1综合教育,https://live.264788.xyz/channel/cetv1?streamid=f4b36de9e0ed50412e1fe3fbed4262a8&livekey=01WgOR41rriMmMkzNsd0UoaxJRwetZdxIvtVk
CETV-1综合教育,https://live.264788.xyz/channel/cetv1?streamid=fef40e80f1c448ad9436af5c51205214&livekey=01WgOR41rriMmMkzNsd0UoaxJRwetZdxIvtVk
CETV-1综合教育,https://live.264788.xyz/channel/cetv1?streamid=6f38a40b62d3bae8479798da57db209f&livekey=01WgOR41rriMmMkzNsd0UoaxJRwetZdxIvtVk
CETV-1综合教育,https://live.264788.xyz/channel/cetv1?streamid=e4449d4019bb90f9055fdb8b3c7dd755&livekey=01WgOR41rriMmMkzNsd0UoaxJRwetZdxIvtVk
CETV-1综合教育,https://live.264788.xyz/channel/cetv1?streamid=b9c651805509ff91a3a42a6bc81e22df&livekey=01WgOR41rriMmMkzNsd0UoaxJRwetZdxIvtVk
CETV-1综合教育,https://live.264788.xyz/channel/cetv1?streamid=6e67c7cdc5f94ba4b224cf1b9e931feb&livekey=01WgOR41rriMmMkzNsd0UoaxJRwetZdxIvtVk
CETV-1综合教育,https://live.264788.xyz/channel/cetv1?streamid=dedc96e3bc3a461b92ccfc071786345a&livekey=01WgOR41rriMmMkzNsd0UoaxJRwetZdxIvtVk
CETV-2教育教学,https://live.264788.xyz/channel/cetv2?streamid=ebf5462131d3e76e622e46655e76f647&livekey=01WgOR41rriMmMkzNsd0UoaxJRwetZdxIvtVk
CETV-2教育教学,https://live.264788.xyz/channel/cetv2?streamid=54effc2c015b2dc5a4c21e27f9482b50&livekey=01WgOR41rriMmMkzNsd0UoaxJRwetZdxIvtVk
CETV-2教育教学,https://live.264788.xyz/channel/cetv2?streamid=7cbdbef730b7cea2dc987da3b582f87a&livekey=01WgOR41rriMmMkzNsd0UoaxJRwetZdxIvtVk
CETV-2教育教学,https://live.264788.xyz/channel/cetv2?streamid=3b151aac648be5cd3b1ecfaa8a5b112e&livekey=01WgOR41rriMmMkzNsd0UoaxJRwetZdxIvtVk
CETV-2教育教学,https://live.264788.xyz/channel/cetv2?streamid=156ca9117d83b0d5a87b70c68b170784&livekey=01WgOR41rriMmMkzNsd0UoaxJRwetZdxIvtVk
CETV-2教育教学,https://live.264788.xyz/channel/cetv2?streamid=e3c639a9c0417b3859ab24d19854970d&livekey=01WgOR41rriMmMkzNsd0UoaxJRwetZdxIvtVk
CETV-4职业教育,https://live.264788.xyz/channel/cetv4?streamid=6bf23a89936db0d5196397a59a385599&livekey=01WgOR41rriMmMkzNsd0UoaxJRwetZdxIvtVk
CETV-4职业教育,https://live.264788.xyz/channel/cetv4?streamid=e59a87051a23e70196026588f9469050&livekey=01WgOR41rriMmMkzNsd0UoaxJRwetZdxIvtVk
CETV-4职业教育,https://live.264788.xyz/channel/cetv4?streamid=37d60172a2bbb0d41f072d29213e6264&livekey=01WgOR41rriMmMkzNsd0UoaxJRwetZdxIvtVk
泰州新闻综合,http://38.75.136.137:82/live2/jsqx.m3u8?id=jstztv1&usign=tnO5JvE7EOUNT8al6DLMiw
泰州新闻综合,http://stream1.mytaizhou.net/xwzhnew/sd/live.m3u8
泰州经济生活,http://stream1.mytaizhou.net/jjshnew/playlist.m3u8
泰州影视娱乐,http://stream1.mytaizhou.net/ysylnew/playlist.m3u8
镇江新闻时政,http://38.75.136.137:82/live1/jstv1.m3u8?id=jszjtv1&usign=tnO5JvE7EOUNT8al6DLMiw
镇江新闻时政,http://38.75.136.137:82/live2/jsqx1.m3u8?id=jszjtv1&usign=tnO5JvE7EOUNT8al6DLMiw
镇江新闻时政,https://zjcn-live-play.jstv.com/live.m3u8/zhenjiang.m3u8
镇江新闻时政,http://zjtv-wshls.homecdn.com/live/2aa50.m3u8
镇江新闻时政,http://38.75.136.137:82/live2/jsqx.m3u8?id=jszjtv1&usign=tnO5JvE7EOUNT8al6DLMiw
镇江民生频道,http://zjtv-wshls.homecdn.com/live/2aa16.m3u8
宿迁新闻综合,http://38.75.136.137:82/live1/jssqtv.m3u8?id=jssqtv1&usign=tnO5JvE7EOUNT8al6DLMiw
宿迁新闻综合,http://38.75.136.137:82/live1/jstv1.m3u8?id=jssqtv1&usign=tnO5JvE7EOUNT8al6DLMiw
宿迁新闻综合,https://hlsbkmgsplive.miguvideo.com/wd_r2/jstv/sqxinwenzonghe/600/01.m3u8?&HlsSubType=&encrypt=
宿迁新闻综合,http://38.75.136.137:82/live2/jsqx1.m3u8?id=jssqtv1&usign=tnO5JvE7EOUNT8al6DLMiw
宿迁新闻综合,https://zjcn-live-play.jstv.com/live.m3u8/suqian.m3u8
宿迁新闻综合,http://38.75.136.137:82/live2/jsqx.m3u8?id=jssqtv1&usign=tnO5JvE7EOUNT8al6DLMiw
连云港新闻综合,http://38.75.136.137:82/live1/jstv1.m3u8?id=jslyg1&usign=tnO5JvE7EOUNT8al6DLMiw
连云港新闻综合,https://hlsbkmgsplive.miguvideo.com/wd_r2/jstv/lygxinwenzonghe/600/01.m3u8?&HlsSubType=&encrypt=
连云港新闻综合,http://38.75.136.137:82/live2/jsqx1.m3u8?id=jslyg1&usign=tnO5JvE7EOUNT8al6DLMiw
连云港新闻综合,https://zjcn-live-play.jstv.com/live.m3u8/lianyungang.m3u8
连云港新闻综合,http://38.75.136.137:82/live2/jsqx.m3u8?id=jslyg1&usign=tnO5JvE7EOUNT8al6DLMiw
连云港新闻综合,http://live.lyg1.com/zhpd/sd/live.m3u8
连云港生活频道,http://live.lyg1.com/ggpd/sd/live.m3u8
张家港新闻综合,http://38.75.136.137:82/live2/jsqx1.m3u8?id=jszjg1&usign=tnO5JvE7EOUNT8al6DLMiw
张家港新闻综合,http://3gvod.zjgonline.com.cn:1935/live/_definst_/xinwenzonghe_app/chunklist.m3u8
张家港新闻综合,https://zjcn-live-play.jstv.com/live.m3u8/zhangjiagang.m3u8
张家港新闻综合,http://38.75.136.137:82/live2/jsqx.m3u8?id=jszjg1&usign=tnO5JvE7EOUNT8al6DLMiw
张家港新闻综合,http://38.75.136.137:82/live1/jstv1.m3u8?id=jszjg1&usign=tnO5JvE7EOUNT8al6DLMiw
张家港民生频道,http://3gvod.zjgonline.com.cn:1935/live/_definst_/shehuishenghuo_app/chunklist.m3u8
滨海新闻综合,https://binhai-tv-hls.cm.jstv.com/binhai-tv/news.m3u8
滨海新闻综合,http://jsbh.chinashadt.com:2036/live/bh11.stream/playlist.m3u8
大丰新闻综合,http://dafeng-tv-hls.cm.jstv.com/dafeng-tv/dafengyt.m3u8
大丰新闻综合,http://dafeng-tv-replay.cm.jstv.com/dafeng-tv/dafengyt.m3u8
大丰公共频道,http://dafeng-tv-hls.cm.jstv.com/dafeng-tv/dafenget.m3u8
大丰公共频道,http://dafeng-tv-replay.cm.jstv.com/dafeng-tv/dafenget.m3u8
东台综合频道,http://dongtai-tv-hls.cm.jstv.com/dongtai-tv/dongtaizonghe.m3u8
东台综合频道,http://dongtai-tv-replay.cm.jstv.com/dongtai-tv/dongtaizonghe.m3u8
响水综合频道,http://38.75.136.137:82/live1/jstv1.m3u8?id=jsycxs1&usign=tnO5JvE7EOUNT8al6DLMiw
响水综合频道,http://38.75.136.137:82/live2/jsqx1.m3u8?id=jsycxs1&usign=tnO5JvE7EOUNT8al6DLMiw
响水综合频道,http://xiangshui-tv-hls.cm.jstv.com/xiangshui-tv/xiangshuizh.m3u8
响水综合频道,http://xiangshui-tv-replay.cm.jstv.com/xiangshui-tv/xiangshuizh.m3u8
响水综合频道,https://zjcn-live-play.jstv.com/live.m3u8/xiangshui.m3u8
响水综合频道,http://38.75.136.137:82/live2/jsqx.m3u8?id=jsycxs1&usign=tnO5JvE7EOUNT8al6DLMiw
盐都综合频道,http://yandu-tv-hls.cm.jstv.com/yandu-tv/yanduzh.m3u8
盐都综合频道,http://yandu-tv-replay.cm.jstv.com/yandu-tv/yanduzh.m3u8
江阴新闻综合,http://38.75.136.137:82/live1/jstv1.m3u8?id=jsjytv1&usign=tnO5JvE7EOUNT8al6DLMiw
江阴新闻综合,http://38.75.136.137:82/live2/jsqx1.m3u8?id=jsjytv1&usign=tnO5JvE7EOUNT8al6DLMiw
CETV-4职业教育,https://live.264788.xyz/channel/cetv4?streamid=b6b18c83a0faf28406aa00620a3a5cc4&livekey=01WgOR41rriMmMkzNsd0UoaxJRwetZdxIvtVk
山东教育卫视,https://live.264788.xyz/channel/shandongjiaoyuweishi?streamid=f43e528c02ddd9062ade5f0c8619acaa&livekey=01WgOR41rriMmMkzNsd0UoaxJRwetZdxIvtVk
山东教育卫视,https://live.264788.xyz/channel/shandongjiaoyuweishi?streamid=16a8df8a9d3abf67efc9f918e135c41d&livekey=01WgOR41rriMmMkzNsd0UoaxJRwetZdxIvtVk
卡酷少儿,https://live.264788.xyz/channel/kakushaoer?streamid=f6f34f478523a4a98d075253b716da80&livekey=01WgOR41rriMmMkzNsd0UoaxJRwetZdxIvtVk
卡酷少儿,https://live.264788.xyz/channel/kakushaoer?streamid=b995c77c74609af63686e0fc4b5688c4&livekey=01WgOR41rriMmMkzNsd0UoaxJRwetZdxIvtVk
卡酷少儿,https://live.264788.xyz/channel/kakushaoer?streamid=e3c5e2aec1f1cf295a1323602a0ed8dd&livekey=01WgOR41rriMmMkzNsd0UoaxJRwetZdxIvtVk
卡酷少儿,https://live.264788.xyz/channel/kakushaoer?streamid=f069028f0dff385fda42852ff102b4b9&livekey=01WgOR41rriMmMkzNsd0UoaxJRwetZdxIvtVk
卡酷少儿,https://live.264788.xyz/channel/kakushaoer?streamid=9790024c634b5633ec893d56dad34a74&livekey=01WgOR41rriMmMkzNsd0UoaxJRwetZdxIvtVk
卡酷少儿,https://live.264788.xyz/channel/kakushaoer?streamid=075590d5ea37c60bf4e538a074cd094d&livekey=01WgOR41rriMmMkzNsd0UoaxJRwetZdxIvtVk
卡酷少儿,https://live.264788.xyz/channel/kakushaoer?streamid=04894ea6b243c57dfbb535da040373c8&livekey=01WgOR41rriMmMkzNsd0UoaxJRwetZdxIvtVk
卡酷少儿,https://live.264788.xyz/channel/kakushaoer?streamid=213fa3c42c397943bc8305af3f5025e7&livekey=01WgOR41rriMmMkzNsd0UoaxJRwetZdxIvtVk
金鹰卡通,https://live.264788.xyz/channel/jinyingkatong?streamid=790415358c6e852c799a2352d86cd719&livekey=01WgOR41rriMmMkzNsd0UoaxJRwetZdxIvtVk
金鹰卡通,https://live.264788.xyz/channel/jinyingkatong?streamid=e103b40dd8fffaa99fd552f76e03ee0a&livekey=01WgOR41rriMmMkzNsd0UoaxJRwetZdxIvtVk
金鹰卡通,https://live.264788.xyz/channel/jinyingkatong?streamid=6bd8e7571b60048f177f05de68f25f68&livekey=01WgOR41rriMmMkzNsd0UoaxJRwetZdxIvtVk
金鹰卡通,https://live.264788.xyz/channel/jinyingkatong?streamid=7ef6d435b0f2d9b2c0873eb1b403436f&livekey=01WgOR41rriMmMkzNsd0UoaxJRwetZdxIvtVk
金鹰卡通,https://live.264788.xyz/channel/jinyingkatong?streamid=d742f1e8432ab3ccc91e53b4c712de12&livekey=01WgOR41rriMmMkzNsd0UoaxJRwetZdxIvtVk
金鹰卡通,https://live.264788.xyz/channel/jinyingkatong?streamid=df19588f986fb1a623be21b3582008fe&livekey=01WgOR41rriMmMkzNsd0UoaxJRwetZdxIvtVk
哈哈炫动,https://live.264788.xyz/channel/hahaxuandong?streamid=6100bab85a3b9605a4f901169bd71a71&livekey=01WgOR41rriMmMkzNsd0UoaxJRwetZdxIvtVk
哈哈炫动,https://live.264788.xyz/channel/hahaxuandong?streamid=a6d62b84ef0ba02ea4216286b3e49b2c&livekey=01WgOR41rriMmMkzNsd0UoaxJRwetZdxIvtVk
哈哈炫动,https://live.264788.xyz/channel/hahaxuandong?streamid=94a24c95f2c7dadd327e0e79d7876e07&livekey=01WgOR41rriMmMkzNsd0UoaxJRwetZdxIvtVk
哈哈炫动,https://live.264788.xyz/channel/hahaxuandong?streamid=9e1a0076f34fffba73e294c40d74a445&livekey=01WgOR41rriMmMkzNsd0UoaxJRwetZdxIvtVk
哈哈炫动,https://live.264788.xyz/channel/hahaxuandong?streamid=c55a3d1bf2300814cb8fafabd059fb47&livekey=01WgOR41rriMmMkzNsd0UoaxJRwetZdxIvtVk
哈哈炫动,https://live.264788.xyz/channel/hahaxuandong?streamid=0dcc11256eb6013f27057b21e14e5cc2&livekey=01WgOR41rriMmMkzNsd0UoaxJRwetZdxIvtVk
嘉佳卡通,https://live.264788.xyz/channel/jiajiakatong?streamid=00b33f4a088fcdd22c70c34804e14af9&livekey=01WgOR41rriMmMkzNsd0UoaxJRwetZdxIvtVk
嘉佳卡通,https://live.264788.xyz/channel/jiajiakatong?streamid=2e19573c33e64f4445953b1dbf438af0&livekey=01WgOR41rriMmMkzNsd0UoaxJRwetZdxIvtVk
嘉佳卡通,https://live.264788.xyz/channel/jiajiakatong?streamid=a446df3c67205baa441dcecf71b59b08&livekey=01WgOR41rriMmMkzNsd0UoaxJRwetZdxIvtVk
嘉佳卡通,https://live.264788.xyz/channel/jiajiakatong?streamid=31e624f674607f4735a58b4c46996a48&livekey=01WgOR41rriMmMkzNsd0UoaxJRwetZdxIvtVk
优漫卡通,https://live.264788.xyz/channel/youmankatong?streamid=33925d2dac220a3337be0f8302f6f290&livekey=01WgOR41rriMmMkzNsd0UoaxJRwetZdxIvtVk
优漫卡通,https://live.264788.xyz/channel/youmankatong?streamid=206ebfa84b6cb4c35bec09920b86f4bf&livekey=01WgOR41rriMmMkzNsd0UoaxJRwetZdxIvtVk
凤凰卫视资讯台,https://live.264788.xyz/channel/fenghuangweishizixun?streamid=7fb13f400476e75ce6c34d1f40c28473&livekey=01WgOR41rriMmMkzNsd0UoaxJRwetZdxIvtVk
凤凰卫视资讯台,https://live.264788.xyz/channel/fenghuangweishizixun?streamid=77bd953dbf073e11b80bba0a8aca92c5&livekey=01WgOR41rriMmMkzNsd0UoaxJRwetZdxIvtVk
CCTV-4K超高清,https://live.264788.xyz/channel/cctv4k?streamid=ddf7c8a2b9355fd0327077c06958bd0f&livekey=01WgOR41rriMmMkzNsd0UoaxJRwetZdxIvtVk
CCTV-4K超高清,https://live.264788.xyz/channel/cctv4k?streamid=69b8ad870d6e6b638349a2eb5d3c6e98&livekey=01WgOR41rriMmMkzNsd0UoaxJRwetZdxIvtVk
CCTV-4K超高清,https://live.264788.xyz/channel/cctv4k?streamid=dc08cf9ff7243e2392ad3c40024e31b8&livekey=01WgOR41rriMmMkzNsd0UoaxJRwetZdxIvtVk
CCTV-4K超高清,https://live.264788.xyz/channel/cctv4k?streamid=84c255985963e0e411a18999189b14c8&livekey=01WgOR41rriMmMkzNsd0UoaxJRwetZdxIvtVk
CCTV-4K超高清,https://live.264788.xyz/channel/cctv4k?streamid=e391578b03c29555c8769f7b6c4bf02f&livekey=01WgOR41rriMmMkzNsd0UoaxJRwetZdxIvtVk
CCTV-4K超高清,https://live.264788.xyz/channel/cctv4k?streamid=731a9cde3c22193d8a16a5ae7c5ffddd&livekey=01WgOR41rriMmMkzNsd0UoaxJRwetZdxIvtVk
东方卫视4K,https://live.264788.xyz/channel/dongfangweishi4k?streamid=ac7357572df3296592eeaee3c55edac6&livekey=01WgOR41rriMmMkzNsd0UoaxJRwetZdxIvtVk
东方卫视4K,https://live.264788.xyz/channel/dongfangweishi4k?streamid=b8c707e2ca95b85511f6c50c9638128b&livekey=01WgOR41rriMmMkzNsd0UoaxJRwetZdxIvtVk
江苏卫视4K,https://live.264788.xyz/channel/jiangsuweishi4k?streamid=306fa7c5a3bb1b091331de3a638c01b0&livekey=01WgOR41rriMmMkzNsd0UoaxJRwetZdxIvtVk
江苏卫视4K,https://live.264788.xyz/channel/jiangsuweishi4k?streamid=375dbc290331f86f70689c85cd16e1eb&livekey=01WgOR41rriMmMkzNsd0UoaxJRwetZdxIvtVk
浙江卫视4K,https://live.264788.xyz/channel/zhejiangweishi4k?streamid=664bb2d3ef43cf06ccb52c01a226593d&livekey=01WgOR41rriMmMkzNsd0UoaxJRwetZdxIvtVk
浙江卫视4K,https://live.264788.xyz/channel/zhejiangweishi4k?streamid=a5b6e60170ee8c69290def1c2fe00cc8&livekey=01WgOR41rriMmMkzNsd0UoaxJRwetZdxIvtVk
山东卫视4K,https://live.264788.xyz/channel/shandongweishi4k?streamid=89b04153333adc0894ea0c2a3527347d&livekey=01WgOR41rriMmMkzNsd0UoaxJRwetZdxIvtVk
山东卫视4K,https://live.264788.xyz/channel/shandongweishi4k?streamid=94f01afe37551c1ea2aa8e32b1d80c9e&livekey=01WgOR41rriMmMkzNsd0UoaxJRwetZdxIvtVk
广东卫视4K,https://live.264788.xyz/channel/guangdongweishi4k?streamid=e0289cccc782400e932e5d3b2830db4d&livekey=01WgOR41rriMmMkzNsd0UoaxJRwetZdxIvtVk
广东卫视4K,https://live.264788.xyz/channel/guangdongweishi4k?streamid=33aeafbb59f2bcb1877c3a8229c0135b&livekey=01WgOR41rriMmMkzNsd0UoaxJRwetZdxIvtVk
广东卫视4K,https://live.264788.xyz/channel/guangdongweishi4k?streamid=8dcdf34f2fa7ccf51c7d93cd359d414c&livekey=01WgOR41rriMmMkzNsd0UoaxJRwetZdxIvtVk
广东卫视4K,https://live.264788.xyz/channel/guangdongweishi4k?streamid=6a50ede91d38c74ee3789122e267fec1&livekey=01WgOR41rriMmMkzNsd0UoaxJRwetZdxIvtVk
江阴新闻综合,https://zjcn-live-play.jstv.com/live.m3u8/jiangyin.m3u8
江阴新闻综合,http://38.75.136.137:82/live2/jsqx.m3u8?id=jsjytv1&usign=tnO5JvE7EOUNT8al6DLMiw
江阴新闻综合,http://221.228.70.101:8080/live/xinwen.m3u8
如东新闻综合,http://rudong-tv-hls.cm.jstv.com/rudong-tv/rdxwzh.m3u8
如东新闻综合,http://rudong-tv-replay.cm.jstv.com/rudong-tv/rdxwzh.m3u8
江宁综合频道,https://jiangning-tv-hls.cm.jstv.com/jiangning-tv/jnxwzh.m3u8
江宁综合频道,https://jiangning-tv-replay.cm.jstv.com/jiangning-tv/jnxwzh.m3u8
江宁综合频道,http://38.75.136.137:82/live1/ady.m3u8?id=jsnjjn1&usign=tnO5JvE7EOUNT8al6DLMiw
六合新闻综合,http://38.75.136.137:82/live1/jstv1.m3u8?id=jsnjlh1&usign=tnO5JvE7EOUNT8al6DLMiw
六合新闻综合,http://38.75.136.137:82/live2/jsqx1.m3u8?id=jsnjlh1&usign=tnO5JvE7EOUNT8al6DLMiw
六合新闻综合,https://zjcn-live-play.jstv.com/live.m3u8/luhe.m3u8
六合新闻综合,http://p2hs.vzan.com/720020/432453820030502236/live.m3u8
六合新闻综合,https://play-hsbj.vzan.com/720020/432453820030502236/live.m3u8?vzsign=205194afe268354dc45ed243aa31fc6d&uid=0&uuid=e7a2b309e09e420f816cfa782a34397e&vzsign2=16fa47d8b2ee6d8afa64439400dbda1b
六合新闻综合,http://38.75.136.137:82/live2/jsqx.m3u8?id=jsnjlh1&usign=tnO5JvE7EOUNT8al6DLMiw
六合影视生活,http://p2hs.vzan.com/720020/925821766717429565/live.m3u8
六合影视生活,https://play-hsbj.vzan.com/720020/925821766717429565/live.m3u8?vzsign=7c3b0b912eca7813f90a0ebd84c089d7&uid=0&uuid=cdd57c9337db483db6855fecacaafa67&vzsign2=34833edb7430e44160c12bc3ebe36cd9
溧水新闻综合,https://lishui-tv-hls.cm.jstv.com/lishui-tv/lsxwzh.m3u8
溧水新闻综合,https://lishui-tv-replay.cm.jstv.com/lishui-tv/lsxwzh.m3u8
溧水新闻综合,http://live.lsrmw.cn/zhpd/sd/live.m3u8
溧水影视娱乐,http://live.lsrmw.cn/ysyl/sd/live.m3u8
栖霞区新闻频道,http://pili-live-rtmp.140.i2863.com/i2863-140/live_140_236499.m3u8
栖霞区新闻频道,http://pili-live-hls.140.i2863.com/i2863-140/live_140_236499.m3u8
铜山综合频道,http://38.75.136.137:82/live1/jstv1.m3u8?id=jsxzts1&usign=tnO5JvE7EOUNT8al6DLMiw
铜山综合频道,http://38.75.136.137:82/live2/jsqx1.m3u8?id=jsxzts1&usign=tnO5JvE7EOUNT8al6DLMiw
铜山综合频道,https://zjcn-live-play.jstv.com/live.m3u8/tongshan.m3u8
铜山综合频道,http://38.75.136.137:82/live2/jsqx.m3u8?id=jsxzts1&usign=tnO5JvE7EOUNT8al6DLMiw
铜山综合频道,http://38.75.136.137:82/live1/hoge.m3u8?ip=jsxzts&id=10&usign=tnO5JvE7EOUNT8al6DLMiw
铜山三农频道,http://38.75.136.137:82/live1/hoge.m3u8?ip=jsxzts&id=9&usign=tnO5JvE7EOUNT8al6DLMiw
宜兴新闻频道,http://yixing-tv-ori-hls.jstv.com/yixing-tv-ori/yixing_xw.m3u8
宜兴紫砂频道,http://yixing-tv-ori-hls.jstv.com/yixing-tv-ori/yixing_zs.m3u8
淮阴综合频道,http://huaiyin-tv-hls.cm.jstv.com/huaiyin-tv/huaiyinf.m3u8
淮阴综合频道,http://huaiyin-tv-replay.cm.jstv.com/huaiyin-tv/huaiyinf.m3u8
洪泽综合频道,http://38.75.136.137:82/live1/jstv1.m3u8?id=jshahz1&usign=tnO5JvE7EOUNT8al6DLMiw
洪泽综合频道,http://38.75.136.137:82/live2/jsqx1.m3u8?id=jshahz1&usign=tnO5JvE7EOUNT8al6DLMiw
洪泽综合频道,https://zjcn-live-play.jstv.com/live.m3u8/hongze.m3u8
洪泽综合频道,http://38.75.136.137:82/live2/jsqx.m3u8?id=jshahz1&usign=tnO5JvE7EOUNT8al6DLMiw
金湖新闻综合,http://jinhu-tv-hls.cm.jstv.com/jinhu-tv/jinhuzh.m3u8
金湖新闻综合,http://jinhu-tv-replay.cm.jstv.com/jinhu-tv/jinhuzh.m3u8
涟水综合频道,http://lianshui-tv-hls.cm.jstv.com/lianshui-tv/lsxw.m3u8
涟水综合频道,http://lianshui-tv-replay.cm.jstv.com/lianshui-tv/lsxw.m3u8
盱眙新闻频道,http://38.75.136.137:82/live1/jstv1.m3u8?id=jshaxy1&usign=tnO5JvE7EOUNT8al6DLMiw
盱眙新闻频道,http://38.75.136.137:82/live2/jsqx1.m3u8?id=jshaxy1&usign=tnO5JvE7EOUNT8al6DLMiw
盱眙新闻频道,https://zjcn-live-play.jstv.com/live.m3u8/xuyi.m3u8
盱眙新闻频道,http://38.75.136.137:82/live2/jsqx.m3u8?id=jshaxy1&usign=tnO5JvE7EOUNT8al6DLMiw
金坛新闻频道,http://jintan-tv-ori-hls.jstv.com/jintan-tv-ori/jintan_xw.m3u8
溧阳新闻综合,http://tvlive.cxzly.com/live/tv.m3u8
武进新闻频道,https://live.wjyanghu.com/live/CH1.m3u8
武进生活频道,https://live.wjyanghu.com/live/CH2.m3u8
海安新闻综合,http://haian-tv-replay.cm.jstv.com/haian-tv/haaxwzh.m3u8
海安新闻综合,http://haian-tv-hls.cm.jstv.com/haian-tv/haaxwzh.m3u8
如皋综合频道,http://38.75.136.137:82/live1/ady.m3u8?id=jsntrg1&usign=tnO5JvE7EOUNT8al6DLMiw
海门新闻综合,http://haimen-tv-replay.cm.jstv.com/haimen-tv/haimenxwzh.m3u8
海门新闻综合,http://haimen-tv-rtmp.cm.jstv.com/haimen-tv/haimenxwzh.m3u8
海门新闻综合,http://haimen-tv-hls.cm.jstv.com/haimen-tv/haimenxwzh.m3u8
海门经济生活,http://haimen-tv-replay.cm.jstv.com/haimen-tv/haimenjjzh.m3u8
海门经济生活,http://haimen-tv-rtmp.cm.jstv.com/haimen-tv/haimenjjzh.m3u8
海门经济生活,http://haimen-tv-hls.cm.jstv.com/haimen-tv/haimenjjzh.m3u8
广东卫视4K,https://live.264788.xyz/channel/guangdongweishi4k?streamid=0508c0316aedc9152adcf323fa95c2c0&livekey=01WgOR41rriMmMkzNsd0UoaxJRwetZdxIvtVk
广东卫视4K,https://live.264788.xyz/channel/guangdongweishi4k?streamid=277bdd07ffb8e58b78afb1b04ae49cad&livekey=01WgOR41rriMmMkzNsd0UoaxJRwetZdxIvtVk
深圳卫视4K,https://live.264788.xyz/channel/shenzhenweishi4k?streamid=9ab6d3b3de9ba337e79eaf9d0722fbef&livekey=01WgOR41rriMmMkzNsd0UoaxJRwetZdxIvtVk
深圳卫视4K,https://live.264788.xyz/channel/shenzhenweishi4k?streamid=2af9bbae55f64f373a94440b8bb0a0bd&livekey=01WgOR41rriMmMkzNsd0UoaxJRwetZdxIvtVk
深圳卫视4K,https://live.264788.xyz/channel/shenzhenweishi4k?streamid=bd2b8b72c89dd9fff893c0f3bcab3a6d&livekey=01WgOR41rriMmMkzNsd0UoaxJRwetZdxIvtVk
深圳卫视4K,https://live.264788.xyz/channel/shenzhenweishi4k?streamid=9828b90c3948bae63cb8de76cdccd646&livekey=01WgOR41rriMmMkzNsd0UoaxJRwetZdxIvtVk
深圳卫视4K,https://live.264788.xyz/channel/shenzhenweishi4k?streamid=9358bae96a5b72f372b4f3c502acaf2d&livekey=01WgOR41rriMmMkzNsd0UoaxJRwetZdxIvtVk
深圳卫视4K,https://live.264788.xyz/channel/shenzhenweishi4k?streamid=6a514a5cfdaa120248fe2cdbd96284bc&livekey=01WgOR41rriMmMkzNsd0UoaxJRwetZdxIvtVk
欢笑剧场4K,https://live.264788.xyz/channel/huanxiaojuchang4k?streamid=c74f322efa6c238fc535a83f14f86677&livekey=01WgOR41rriMmMkzNsd0UoaxJRwetZdxIvtVk
欢笑剧场4K,https://live.264788.xyz/channel/huanxiaojuchang4k?streamid=9ca725ba158e786e5bc6f2bbdcc209bf&livekey=01WgOR41rriMmMkzNsd0UoaxJRwetZdxIvtVk
欢笑剧场4K,https://live.264788.xyz/channel/huanxiaojuchang4k?streamid=3f4d4c40dbf41fd4a37dfa73878e39e1&livekey=01WgOR41rriMmMkzNsd0UoaxJRwetZdxIvtVk
欢笑剧场4K,https://live.264788.xyz/channel/huanxiaojuchang4k?streamid=cbedb39bb41035264ac140fba7a43073&livekey=01WgOR41rriMmMkzNsd0UoaxJRwetZdxIvtVk
纯享4K,https://live.264788.xyz/channel/chunxiang4k?streamid=c162e99191441b46592808f7f1afe8b0&livekey=01WgOR41rriMmMkzNsd0UoaxJRwetZdxIvtVk
纯享4K,https://live.264788.xyz/channel/chunxiang4k?streamid=a12e69928ae928860407d7ec7bfe4ac8&livekey=01WgOR41rriMmMkzNsd0UoaxJRwetZdxIvtVk
央广购物,https://live.264788.xyz/channel/yangguanggouwu?streamid=67d73f545a6f04fec1d7db6065e13b28&livekey=01WgOR41rriMmMkzNsd0UoaxJRwetZdxIvtVk
央广购物,https://live.264788.xyz/channel/yangguanggouwu?streamid=aa4b073c8ac1af1c0eccf0eba8c10b48&livekey=01WgOR41rriMmMkzNsd0UoaxJRwetZdxIvtVk
央广购物,https://live.264788.xyz/channel/yangguanggouwu?streamid=e35e8c1f093c2a132d0463e9eebf1fd4&livekey=01WgOR41rriMmMkzNsd0UoaxJRwetZdxIvtVk
央广购物,https://live.264788.xyz/channel/yangguanggouwu?streamid=48691acaca580ae2f75be80db77a49f2&livekey=01WgOR41rriMmMkzNsd0UoaxJRwetZdxIvtVk
环球奇观,https://live.264788.xyz/channel/huanqiuqiguan?streamid=2a5adf81cc449399033ff6726e061c48&livekey=01WgOR41rriMmMkzNsd0UoaxJRwetZdxIvtVk
环球奇观,https://live.264788.xyz/channel/huanqiuqiguan?streamid=690b1f3980a87d552c34efa7497e9718&livekey=01WgOR41rriMmMkzNsd0UoaxJRwetZdxIvtVk
高尔夫·网球,https://live.264788.xyz/channel/gaoerfuwangqiu?streamid=c07b1362684a220cb0bc619ae869b75f&livekey=01WgOR41rriMmMkzNsd0UoaxJRwetZdxIvtVk
高尔夫·网球,https://live.264788.xyz/channel/gaoerfuwangqiu?streamid=451d321c7d5df14c154d41bfc36818ba&livekey=01WgOR41rriMmMkzNsd0UoaxJRwetZdxIvtVk
CHC影迷电影,https://live.264788.xyz/channel/chcyingmidianying?streamid=cba6f50f29e98905aa48ac42cd5864c8&livekey=01WgOR41rriMmMkzNsd0UoaxJRwetZdxIvtVk
CHC影迷电影,https://live.264788.xyz/channel/chcyingmidianying?streamid=af62547c4c8be0ef4a658f4b4853388f&livekey=01WgOR41rriMmMkzNsd0UoaxJRwetZdxIvtVk
早期教育,https://live.264788.xyz/channel/cetvcece?streamid=6c11a112236acfa38832be78da543294&livekey=01WgOR41rriMmMkzNsd0UoaxJRwetZdxIvtVk
早期教育,https://live.264788.xyz/channel/cetvcece?streamid=2c224135515a11c735f7351c17434a62&livekey=01WgOR41rriMmMkzNsd0UoaxJRwetZdxIvtVk
中国天气,https://live.264788.xyz/channel/zhongguotianqi?streamid=4a1e900ecad5a3bbb14a1f5986ac5e2e&livekey=01WgOR41rriMmMkzNsd0UoaxJRwetZdxIvtVk
中国天气,https://live.264788.xyz/channel/zhongguotianqi?streamid=2b80b236ece26b0e3f158d681b2d146a&livekey=01WgOR41rriMmMkzNsd0UoaxJRwetZdxIvtVk
海门教育人文,http://haimen-tv-replay.cm.jstv.com/haimen-tv/haimenjyrw.m3u8
海门教育人文,http://haimen-tv-rtmp.cm.jstv.com/haimen-tv/haimenjyrw.m3u8
海门教育人文,http://haimen-tv-hls.cm.jstv.com/haimen-tv/haimenjyrw.m3u8
新沂新闻频道,http://38.75.136.137:82/live1/jstv1.m3u8?id=jsxzxy1&usign=tnO5JvE7EOUNT8al6DLMiw
新沂新闻频道,http://38.75.136.137:82/live2/jsqx1.m3u8?id=jsxzxy1&usign=tnO5JvE7EOUNT8al6DLMiw
新沂新闻频道,https://zjcn-live-play.jstv.com/live.m3u8/xinyi.m3u8
新沂新闻频道,http://38.75.136.137:82/live2/jsqx.m3u8?id=jsxzxy1&usign=tnO5JvE7EOUNT8al6DLMiw
泗洪综合频道,http://sihong-tv-hls.cm.jstv.com/sihong-tv/sihongxinwenzonghe.m3u8
泗洪综合频道,http://sihong-tv-replay.cm.jstv.com/sihong-tv/sihongxinwenzonghe.m3u8
邳州综合频道,http://38.75.136.137:82/live1/jstv1.m3u8?id=jsxzpz1&usign=tnO5JvE7EOUNT8al6DLMiw
邳州综合频道,http://38.75.136.137:82/live2/jsqx1.m3u8?id=jsxzpz1&usign=tnO5JvE7EOUNT8al6DLMiw
邳州综合频道,http://38.75.136.137:82/live1/hoge.m3u8?ip=jsxzpz&id=7&usign=tnO5JvE7EOUNT8al6DLMiw
邳州综合频道,https://liveplus.pznews.com/pzzhpd/sd/live.m3u8
邳州综合频道,https://zjcn-live-play.jstv.com/live.m3u8/pizhou.m3u8
邳州综合频道,http://38.75.136.137:82/live2/jsqx.m3u8?id=jsxzpz1&usign=tnO5JvE7EOUNT8al6DLMiw
句容新闻综合,http://38.75.136.137:82/live1/jstv1.m3u8?id=jszjjr1&usign=tnO5JvE7EOUNT8al6DLMiw
句容新闻综合,http://38.75.136.137:82/live2/jsqx1.m3u8?id=jszjjr1&usign=tnO5JvE7EOUNT8al6DLMiw
句容新闻综合,https://zjcn-live-play.jstv.com/live.m3u8/jurong.m3u8
句容新闻综合,http://38.75.136.137:82/live2/jsqx.m3u8?id=jszjjr1&usign=tnO5JvE7EOUNT8al6DLMiw
句容新闻综合,http://jrlive.jrntv.com/live/_definst_/jrxwzhs/playlist.m3u8
句容生活频道,http://jrlive.jrntv.com/live/_definst_/shenghuos/playlist.m3u8
句容影视频道,http://jrlive.jrntv.com/live/_definst_/yingshis/playlist.m3u8
句容党建频道,http://jrlive.jrntv.com/live/_definst_/dangjians/playlist.m3u8
常熟新闻频道,http://38.75.136.137:82/live1/jstv1.m3u8?id=jsszcs1&usign=tnO5JvE7EOUNT8al6DLMiw
常熟新闻频道,http://38.75.136.137:82/live2/jsqx1.m3u8?id=jsszcs1&usign=tnO5JvE7EOUNT8al6DLMiw
常熟新闻频道,https://zjcn-live-play.jstv.com/live.m3u8/changshu.m3u8
常熟新闻频道,http://cstvplay.21cs.cn/cstv1/cstv1.m3u8
常熟新闻频道,http://38.75.136.137:82/live2/jsqx.m3u8?id=jsszcs1&usign=tnO5JvE7EOUNT8al6DLMiw
常熟民生频道,http://cstvplay.21cs.cn/cstv2/cstv2.m3u8
睢宁综合频道,http://suining-tv-hls.cm.jstv.com/suining-tv/suiningzh.m3u8
睢宁综合频道,http://suining-tv-replay.cm.jstv.com/suining-tv/suiningzh.m3u8
睢宁综合频道,http://tv.jrsncn.com:9001/hls/live/live1/stream.m3u8
睢宁综合频道,http://jssn.chinashadt.com:2036/live/1002.stream/playlist.m3u8
睢宁生活教育,http://suining-tv-hls.cm.jstv.com/suining-tv/suiningsh.m3u8
睢宁生活教育,http://suining-tv-replay.cm.jstv.com/suining-tv/suiningsh.m3u8
睢宁生活教育,http://tv.jrsncn.com:9001/hls/live/live2/stream.m3u8
睢宁生活教育,http://jssn.chinashadt.com:2036/live/1003.stream/playlist.m3u8
睢宁三农频道,http://suining-tv-hls.cm.jstv.com/suining-tv/suiningsn.m3u8
睢宁三农频道,http://suining-tv-replay.cm.jstv.com/suining-tv/suiningsn.m3u8
睢宁三农频道,http://tv.jrsncn.com:9001/hls/live/live3/stream.m3u8
睢宁三农频道,http://jssn.chinashadt.com:2036/live/1004.stream/playlist.m3u8
睢宁资讯频道,http://suining-tv-hls.cm.jstv.com/suining-tv/suiningys.m3u8
睢宁资讯频道,http://suining-tv-replay.cm.jstv.com/suining-tv/suiningys.m3u8
睢宁资讯频道,http://tv.jrsncn.com:9001/hls/live/live4/stream.m3u8
睢宁资讯频道,http://jssn.chinashadt.com:2036/live/1005.stream/playlist.m3u8
靖江新闻综合,http://38.75.136.137:82/live1/jstv1.m3u8?id=jstzjj1&usign=tnO5JvE7EOUNT8al6DLMiw
靖江新闻综合,http://38.75.136.137:82/live2/jsqx1.m3u8?id=jstzjj1&usign=tnO5JvE7EOUNT8al6DLMiw
靖江新闻综合,https://zjcn-live-play.jstv.com/live.m3u8/jingjiang.m3u8
中国天气,https://live.264788.xyz/channel/zhongguotianqi?streamid=3c26e5448ae7d17e8ca0e64999d90b3d&livekey=01WgOR41rriMmMkzNsd0UoaxJRwetZdxIvtVk
中国天气,https://live.264788.xyz/channel/zhongguotianqi?streamid=62ca0c10dd4f73e95aace02515600178&livekey=01WgOR41rriMmMkzNsd0UoaxJRwetZdxIvtVk
优优宝贝,https://live.264788.xyz/channel/youyoubaobei?streamid=edaff35b43f38fdaa202556c09bf75cc&livekey=01WgOR41rriMmMkzNsd0UoaxJRwetZdxIvtVk
优优宝贝,https://live.264788.xyz/channel/youyoubaobei?streamid=d5609bf82cbe2686897ae744037848fa&livekey=01WgOR41rriMmMkzNsd0UoaxJRwetZdxIvtVk
中华特产,https://live.264788.xyz/channel/zhonghuatechan?streamid=178ebb028731ddfaac7e4443ad000566&livekey=01WgOR41rriMmMkzNsd0UoaxJRwetZdxIvtVk
中华特产,https://live.264788.xyz/channel/zhonghuatechan?streamid=b469f191f722702a0120a523eca2eb11&livekey=01WgOR41rriMmMkzNsd0UoaxJRwetZdxIvtVk
生态环境,https://live.264788.xyz/channel/eetv?streamid=8c8e7e151ca1e1f8a210378787ad8420&livekey=01WgOR41rriMmMkzNsd0UoaxJRwetZdxIvtVk
生态环境,https://live.264788.xyz/channel/eetv?streamid=f91fa52a458d1c964d645e445f9d7ca5&livekey=01WgOR41rriMmMkzNsd0UoaxJRwetZdxIvtVk
新动漫,https://live.264788.xyz/channel/xindongman?streamid=c6c62aab419afb0b56149d04d3e5f4cc&livekey=01WgOR41rriMmMkzNsd0UoaxJRwetZdxIvtVk
新动漫,https://live.264788.xyz/channel/xindongman?streamid=85b0ac7f41afc70514c88a2805ac0dc3&livekey=01WgOR41rriMmMkzNsd0UoaxJRwetZdxIvtVk
家庭理财,https://live.264788.xyz/channel/jiatinglicai?streamid=f808a1a79d27c5329fd98f4bdc93c6d0&livekey=01WgOR41rriMmMkzNsd0UoaxJRwetZdxIvtVk
家庭理财,https://live.264788.xyz/channel/jiatinglicai?streamid=d75327b38d0feaa9d36963bae802195d&livekey=01WgOR41rriMmMkzNsd0UoaxJRwetZdxIvtVk
东方财经,https://live.264788.xyz/channel/dongfangcaijing?streamid=82d4a4e6dd7add9e6d65efc2d7658b04&livekey=01WgOR41rriMmMkzNsd0UoaxJRwetZdxIvtVk
东方财经,https://live.264788.xyz/channel/dongfangcaijing?streamid=a031f2386ada4bc1264edce79c80dd18&livekey=01WgOR41rriMmMkzNsd0UoaxJRwetZdxIvtVk
动漫秀场,https://live.264788.xyz/channel/dongmanxiuchang?streamid=9a3a773615d02ce7ac7649350e957cf8&livekey=01WgOR41rriMmMkzNsd0UoaxJRwetZdxIvtVk
动漫秀场,https://live.264788.xyz/channel/dongmanxiuchang?streamid=a928725eedc3bcd4c7b321edbf6bdac7&livekey=01WgOR41rriMmMkzNsd0UoaxJRwetZdxIvtVk
动漫秀场,https://live.264788.xyz/channel/dongmanxiuchang?streamid=27aaba95be137dfaffb73052f4ced277&livekey=01WgOR41rriMmMkzNsd0UoaxJRwetZdxIvtVk
动漫秀场,https://live.264788.xyz/channel/dongmanxiuchang?streamid=03e61bd70c969d8c285a59c0b6dbab87&livekey=01WgOR41rriMmMkzNsd0UoaxJRwetZdxIvtVk
游戏风云,https://live.264788.xyz/channel/youxifengyun?streamid=07e90ddeb9e01a72addf4dd310ebe1cf&livekey=01WgOR41rriMmMkzNsd0UoaxJRwetZdxIvtVk
游戏风云,https://live.264788.xyz/channel/youxifengyun?streamid=6e817b754189d2c8f7b32e7bff61ac7b&livekey=01WgOR41rriMmMkzNsd0UoaxJRwetZdxIvtVk
游戏风云,https://live.264788.xyz/channel/youxifengyun?streamid=49dcecc843de685ba1f6337febacc78e&livekey=01WgOR41rriMmMkzNsd0UoaxJRwetZdxIvtVk
游戏风云,https://live.264788.xyz/channel/youxifengyun?streamid=9d151740f57f6bd412bb6f101204b7bd&livekey=01WgOR41rriMmMkzNsd0UoaxJRwetZdxIvtVk
乐游,https://live.264788.xyz/channel/leyou?streamid=c42280fbd7acfcf92be4a818db2c4677&livekey=01WgOR41rriMmMkzNsd0UoaxJRwetZdxIvtVk
乐游,https://live.264788.xyz/channel/leyou?streamid=f76a46c986423a63fe578de127ff4e1e&livekey=01WgOR41rriMmMkzNsd0UoaxJRwetZdxIvtVk
乐游,https://live.264788.xyz/channel/leyou?streamid=a78c3be5e442f08c68188705bea4f11f&livekey=01WgOR41rriMmMkzNsd0UoaxJRwetZdxIvtVk
乐游,https://live.264788.xyz/channel/leyou?streamid=ae6266003901f07c1ab6d3a717078d4e&livekey=01WgOR41rriMmMkzNsd0UoaxJRwetZdxIvtVk
法治天地,https://live.264788.xyz/channel/fazhitiandi?streamid=f97ae69ae237e5fed46fc31c7f75ac14&livekey=01WgOR41rriMmMkzNsd0UoaxJRwetZdxIvtVk
法治天地,https://live.264788.xyz/channel/fazhitiandi?streamid=fe165cb56510151228c7f1f898f9cc2d&livekey=01WgOR41rriMmMkzNsd0UoaxJRwetZdxIvtVk
法治天地,https://live.264788.xyz/channel/fazhitiandi?streamid=48bdb4889e76ecd8fec232fa135a2403&livekey=01WgOR41rriMmMkzNsd0UoaxJRwetZdxIvtVk
法治天地,https://live.264788.xyz/channel/fazhitiandi?streamid=0039922a529780d5b2709e5ccd146683&livekey=01WgOR41rriMmMkzNsd0UoaxJRwetZdxIvtVk
都市剧场,https://live.264788.xyz/channel/dushijuchang?streamid=087bbd865ae84d7fe5c566127ffad8ee&livekey=01WgOR41rriMmMkzNsd0UoaxJRwetZdxIvtVk
都市剧场,https://live.264788.xyz/channel/dushijuchang?streamid=fd36352c039198fe0978687774e97e59&livekey=01WgOR41rriMmMkzNsd0UoaxJRwetZdxIvtVk
都市剧场,https://live.264788.xyz/channel/dushijuchang?streamid=703d0752c54f22baa433be41c2f9d236&livekey=01WgOR41rriMmMkzNsd0UoaxJRwetZdxIvtVk
都市剧场,https://live.264788.xyz/channel/dushijuchang?streamid=aa27adea6b26826f34c83402fb0465ca&livekey=01WgOR41rriMmMkzNsd0UoaxJRwetZdxIvtVk
欢笑剧场4K,https://live.264788.xyz/channel/huanxiaojuchang4k?streamid=c74f322efa6c238fc535a83f14f86677&livekey=01WgOR41rriMmMkzNsd0UoaxJRwetZdxIvtVk
欢笑剧场4K,https://live.264788.xyz/channel/huanxiaojuchang4k?streamid=9ca725ba158e786e5bc6f2bbdcc209bf&livekey=01WgOR41rriMmMkzNsd0UoaxJRwetZdxIvtVk
欢笑剧场4K,https://live.264788.xyz/channel/huanxiaojuchang4k?streamid=3f4d4c40dbf41fd4a37dfa73878e39e1&livekey=01WgOR41rriMmMkzNsd0UoaxJRwetZdxIvtVk
欢笑剧场4K,https://live.264788.xyz/channel/huanxiaojuchang4k?streamid=cbedb39bb41035264ac140fba7a43073&livekey=01WgOR41rriMmMkzNsd0UoaxJRwetZdxIvtVk
金色学堂,https://live.264788.xyz/channel/jinsexuetang?streamid=8e1564b76e5c4ab65d4c22b0c526b632&livekey=01WgOR41rriMmMkzNsd0UoaxJRwetZdxIvtVk
金色学堂,https://live.264788.xyz/channel/jinsexuetang?streamid=8fe38ffb53d3c3577b984f950e723bb1&livekey=01WgOR41rriMmMkzNsd0UoaxJRwetZdxIvtVk
金色学堂,https://live.264788.xyz/channel/jinsexuetang?streamid=9eafd5f816b2df2d9ec2b69bcfb152f5&livekey=01WgOR41rriMmMkzNsd0UoaxJRwetZdxIvtVk
金色学堂,https://live.264788.xyz/channel/jinsexuetang?streamid=cb091d25c0de55e14e3e620f52da7c6d&livekey=01WgOR41rriMmMkzNsd0UoaxJRwetZdxIvtVk
生活时尚,https://live.264788.xyz/channel/shenghuoshishang?streamid=a68e3d707863ac829eed4aed0aff6625&livekey=01WgOR41rriMmMkzNsd0UoaxJRwetZdxIvtVk
生活时尚,https://live.264788.xyz/channel/shenghuoshishang?streamid=cb8f820b65576198b4e792f919fe8a43&livekey=01WgOR41rriMmMkzNsd0UoaxJRwetZdxIvtVk
生活时尚,https://live.264788.xyz/channel/shenghuoshishang?streamid=df8acfed0e19ec27634d668faa0861a6&livekey=01WgOR41rriMmMkzNsd0UoaxJRwetZdxIvtVk
生活时尚,https://live.264788.xyz/channel/shenghuoshishang?streamid=b8d540e24d2545bc5082dcf7414eb836&livekey=01WgOR41rriMmMkzNsd0UoaxJRwetZdxIvtVk
财富天下,https://live.264788.xyz/channel/caifutianxia?streamid=dd75ff3ba48b4c24b89591eddf099cc0&livekey=01WgOR41rriMmMkzNsd0UoaxJRwetZdxIvtVk
财富天下,https://live.264788.xyz/channel/caifutianxia?streamid=b451c7c6fde3d1b517f4d1e42e3c6f31&livekey=01WgOR41rriMmMkzNsd0UoaxJRwetZdxIvtVk
茶,https://live.264788.xyz/channel/cha?streamid=d31aac22d95c47177f3740d90b85384e&livekey=01WgOR41rriMmMkzNsd0UoaxJRwetZdxIvtVk
茶,https://live.264788.xyz/channel/cha?streamid=66f1829851f8c2069b262b1ce7836d7e&livekey=01WgOR41rriMmMkzNsd0UoaxJRwetZdxIvtVk
茶,https://live.264788.xyz/channel/cha?streamid=4a3408aefc8602e03c003a7223ca040f&livekey=01WgOR41rriMmMkzNsd0UoaxJRwetZdxIvtVk
茶,https://live.264788.xyz/channel/cha?streamid=2ddcf6b87b47538fdc3d1a2d02e7984c&livekey=01WgOR41rriMmMkzNsd0UoaxJRwetZdxIvtVk
先锋乒羽,https://live.264788.xyz/channel/xianfengpingyu?streamid=572af951fd5aad7b29bf0f63ae075991&livekey=01WgOR41rriMmMkzNsd0UoaxJRwetZdxIvtVk
先锋乒羽,https://live.264788.xyz/channel/xianfengpingyu?streamid=9d89001802521e3145543837c4ebb717&livekey=01WgOR41rriMmMkzNsd0UoaxJRwetZdxIvtVk
爱情喜剧,https://live.264788.xyz/channel/newtvaiqingxiju?streamid=cc6c6d48be7d2bd5b0be57ea1aacb942&livekey=01WgOR41rriMmMkzNsd0UoaxJRwetZdxIvtVk
爱情喜剧,https://live.264788.xyz/channel/newtvaiqingxiju?streamid=c18dcc43a2802676f0972d97aa54382f&livekey=01WgOR41rriMmMkzNsd0UoaxJRwetZdxIvtVk
潮妈辣婆,https://live.264788.xyz/channel/newtvchaomalapo?streamid=7acab07f042247a4bb92a5cb6064c925&livekey=01WgOR41rriMmMkzNsd0UoaxJRwetZdxIvtVk
靖江新闻综合,http://38.75.136.137:82/live2/jsqx.m3u8?id=jstzjj1&usign=tnO5JvE7EOUNT8al6DLMiw
靖江新闻综合,http://visit.jjbctv.com:1935/live/xwzhpc/playlist.m3u8
靖江新闻综合,rtmp://visit.jjbctv.com:1935/live/xwzhpc
靖江新闻综合,http://visit.jjbctv.com:1935/live/xwzhmb/playlist.m3u8
靖江新闻综合,rtmp://visit.jjbctv.com:1935/live/xwzhmb
姜堰新闻综合,https://jiangyan-tv-hls.cm.jstv.com/jiangyan-tv/jiangyanzh.m3u8
姜堰新闻综合,https://jiangyan-tv-replay.cm.jstv.com/jiangyan-tv/jiangyanzh.m3u8
泰兴新闻频道,http://38.75.136.137:82/live1/jstv1.m3u8?id=jstztx1&usign=tnO5JvE7EOUNT8al6DLMiw
泰兴新闻频道,http://38.75.136.137:82/live2/jsqx1.m3u8?id=jstztx1&usign=tnO5JvE7EOUNT8al6DLMiw
泰兴新闻频道,https://zjcn-live-play.jstv.com/live.m3u8/taixing.m3u8
泰兴新闻频道,http://38.75.136.137:82/live2/jsqx.m3u8?id=jstztx1&usign=tnO5JvE7EOUNT8al6DLMiw
泰兴新闻频道,http://sj.smarttaixing.com:1935/live/_definst_/txzb/playlist.m3u8
泰兴新闻频道,rtmp://sj.smarttaixing.com:1935/live/txzb
兴化新闻综合,http://38.75.136.137:82/live1/jstv1.m3u8?id=jstzxh1&usign=tnO5JvE7EOUNT8al6DLMiw
兴化新闻综合,http://38.75.136.137:82/live2/jsqx1.m3u8?id=jstzxh1&usign=tnO5JvE7EOUNT8al6DLMiw
兴化新闻综合,https://zjcn-live-play.jstv.com/live.m3u8/xinghua.m3u8
兴化新闻综合,http://38.75.136.137:82/live2/jsqx.m3u8?id=jstzxh1&usign=tnO5JvE7EOUNT8al6DLMiw
沭阳综合频道,http://shuyang-tv-hls.cm.jstv.com/shuyang-tv/shuyangzh.m3u8
沭阳综合频道,http://shuyang-tv-replay.cm.jstv.com/shuyang-tv/shuyangzh.m3u8
沭阳综合频道,http://live.myshuyang.cn/zhpd/playlist.m3u8
扬中新闻频道,http://yangzhong-tv-hls.cm.jstv.com/yangzhong-tv/xwzh.m3u8
扬中党建民生,http://yangzhong-tv-hls.cm.jstv.com/yangzhong-tv/yzdj.m3u8
东海新闻频道,http://38.75.136.137:82/live1/jstv1.m3u8?id=jslygdh1&usign=tnO5JvE7EOUNT8al6DLMiw
东海新闻频道,http://donghai-tv-hls.cm.jstv.com/donghai-tv/donghaixinwensp.m3u8
东海新闻频道,http://38.75.136.137:82/live2/jsqx1.m3u8?id=jslygdh1&usign=tnO5JvE7EOUNT8al6DLMiw
东海新闻频道,http://donghai-tv-replay.cm.jstv.com/donghai-tv/donghaixinwensp.m3u8
东海新闻频道,https://zjcn-live-play.jstv.com/live.m3u8/donghai.m3u8
东海新闻频道,http://38.75.136.137:82/live2/jsqx.m3u8?id=jslygdh1&usign=tnO5JvE7EOUNT8al6DLMiw
吴江新闻综合,http://38.75.136.137:82/live1/jstv1.m3u8?id=jsszwj1&usign=tnO5JvE7EOUNT8al6DLMiw
吴江新闻综合,http://38.75.136.137:82/live2/jsqx1.m3u8?id=jsszwj1&usign=tnO5JvE7EOUNT8al6DLMiw
吴江新闻综合,https://ctlive2.wjdaily.com/wjtv/ch1.m3u8
吴江新闻综合,https://zjcn-live-play.jstv.com/live.m3u8/wujiang.m3u8
吴江新闻综合,http://38.75.136.137:82/live2/jsqx.m3u8?id=jsszwj1&usign=tnO5JvE7EOUNT8al6DLMiw
高邮综合频道,http://gaoyou-tv-hls.cm.jstv.com/gaoyou-tv/gaoyouxw.m3u8
高邮综合频道,http://gaoyou-tv-replay.cm.jstv.com/gaoyou-tv/gaoyouxw.m3u8
宿豫综合频道,https://suyu-tv-hls.cm.jstv.com/suyu-tv/syzhpd.m3u8
宿豫综合频道,https://suyu-tv-replay.cm.jstv.com/suyu-tv/syzhpd.m3u8
贾汪新闻频道,http://38.75.136.137:82/live1/jstv1.m3u8?id=jsxzjw1&usign=tnO5JvE7EOUNT8al6DLMiw
贾汪新闻频道,http://38.75.136.137:82/live2/jsqx1.m3u8?id=jsxzjw1&usign=tnO5JvE7EOUNT8al6DLMiw
贾汪新闻频道,http://jiawang-tv-hls.cm.jstv.com/jiawang-tv/jwxw.m3u8
贾汪新闻频道,http://jiawang-tv-replay.cm.jstv.com/jiawang-tv/jwxw.m3u8
贾汪新闻频道,https://zjcn-live-play.jstv.com/live.m3u8/jiawang.m3u8
贾汪新闻频道,http://38.75.136.137:82/live2/jsqx.m3u8?id=jsxzjw1&usign=tnO5JvE7EOUNT8al6DLMiw
贾汪旅游频道,http://jiawang-tv-replay.cm.jstv.com/jiawang-tv/jwly.m3u8
贾汪旅游频道,http://jiawang-tv-hls.cm.jstv.com/jiawang-tv/jwly.m3u8
沛县新闻综合,http://peixian-tv-replay.cm.jstv.com/peixian-tv/pxzh.m3u8
沛县新闻综合,http://peixian-tv-hls.cm.jstv.com/peixian-tv/pxzh.m3u8
泗阳综合频道,http://38.75.136.137:82/live1/jstv1.m3u8?id=jssqsy1&usign=tnO5JvE7EOUNT8al6DLMiw
潮妈辣婆,https://live.264788.xyz/channel/newtvchaomalapo?streamid=5094631cd54e12ad81bfe8b910e60de2&livekey=01WgOR41rriMmMkzNsd0UoaxJRwetZdxIvtVk
动作电影,https://live.264788.xyz/channel/newtvdongzuodianying?streamid=dc4df8b22f3ce9e79832bdd91cd7ea76&livekey=01WgOR41rriMmMkzNsd0UoaxJRwetZdxIvtVk
动作电影,https://live.264788.xyz/channel/newtvdongzuodianying?streamid=05ad887268adec6763cb8eafd1c0b6ec&livekey=01WgOR41rriMmMkzNsd0UoaxJRwetZdxIvtVk
古装剧场,https://live.264788.xyz/channel/newtvguzhuangjuchang?streamid=76dbf3773411d57d7236af83e63839d8&livekey=01WgOR41rriMmMkzNsd0UoaxJRwetZdxIvtVk
古装剧场,https://live.264788.xyz/channel/newtvguzhuangjuchang?streamid=3dffafcb0b9381eebfa771aa183eb4fc&livekey=01WgOR41rriMmMkzNsd0UoaxJRwetZdxIvtVk
家庭剧场,https://live.264788.xyz/channel/newtvjiatingjuchang?streamid=f6762adfbdae66825782e47139e220c8&livekey=01WgOR41rriMmMkzNsd0UoaxJRwetZdxIvtVk
家庭剧场,https://live.264788.xyz/channel/newtvjiatingjuchang?streamid=d77adead2e6dfd2780d2217da5f0fc5b&livekey=01WgOR41rriMmMkzNsd0UoaxJRwetZdxIvtVk
金牌综艺,https://live.264788.xyz/channel/newtvjinpaizongyi?streamid=89d02e4874ce2908ec94af857b71cdf4&livekey=01WgOR41rriMmMkzNsd0UoaxJRwetZdxIvtVk
金牌综艺,https://live.264788.xyz/channel/newtvjinpaizongyi?streamid=5304acf01d4e44a0b4a5ad985a8a42d9&livekey=01WgOR41rriMmMkzNsd0UoaxJRwetZdxIvtVk
精彩轮播,https://live.264788.xyz/channel/newtvjingcailunbo?streamid=252a60acdef75c6a8da14dcce3c02fa4&livekey=01WgOR41rriMmMkzNsd0UoaxJRwetZdxIvtVk
精彩轮播,https://live.264788.xyz/channel/newtvjingcailunbo?streamid=23dce572198ae9f43507405ef3775fa8&livekey=01WgOR41rriMmMkzNsd0UoaxJRwetZdxIvtVk
精品大剧,https://live.264788.xyz/channel/newtvjingpindaju?streamid=6228da129fd2717d509c0e8a1bdd55b2&livekey=01WgOR41rriMmMkzNsd0UoaxJRwetZdxIvtVk
精品大剧,https://live.264788.xyz/channel/newtvjingpindaju?streamid=2be57502b2550ccb31be511efc6d2bf9&livekey=01WgOR41rriMmMkzNsd0UoaxJRwetZdxIvtVk
精品纪录,https://live.264788.xyz/channel/newtvjingpinjilu?streamid=adb6baa6affda84bb7f000dab58142c8&livekey=01WgOR41rriMmMkzNsd0UoaxJRwetZdxIvtVk
精品纪录,https://live.264788.xyz/channel/newtvjingpinjilu?streamid=18bf2cec23459fe727373f1a24862761&livekey=01WgOR41rriMmMkzNsd0UoaxJRwetZdxIvtVk
精品萌宠,https://live.264788.xyz/channel/newtvjingpinmengchong?streamid=7d4e9e384de5bda750e25e5d6bb40777&livekey=01WgOR41rriMmMkzNsd0UoaxJRwetZdxIvtVk
精品萌宠,https://live.264788.xyz/channel/newtvjingpinmengchong?streamid=a268aaeeceaeb51360c032eb16e82ec8&livekey=01WgOR41rriMmMkzNsd0UoaxJRwetZdxIvtVk
军旅剧场,https://live.264788.xyz/channel/newtvjunlvjuchang?streamid=8cb70ede8ef4de9494a179510bac142f&livekey=01WgOR41rriMmMkzNsd0UoaxJRwetZdxIvtVk
军旅剧场,https://live.264788.xyz/channel/newtvjunlvjuchang?streamid=c7ab677d5b32950014da19424a5bc4d7&livekey=01WgOR41rriMmMkzNsd0UoaxJRwetZdxIvtVk
军事评论,https://live.264788.xyz/channel/newtvjunshipinglun?streamid=1565e8796d369163825e529dc1e57897&livekey=01WgOR41rriMmMkzNsd0UoaxJRwetZdxIvtVk
军事评论,https://live.264788.xyz/channel/newtvjunshipinglun?streamid=f8657b448a27a3baa87797bca0c33e41&livekey=01WgOR41rriMmMkzNsd0UoaxJRwetZdxIvtVk
热播精选,https://live.264788.xyz/channel/newtvrebojingxuan?streamid=35ba212a4650c064d44554046de45d0c&livekey=01WgOR41rriMmMkzNsd0UoaxJRwetZdxIvtVk
热播精选,https://live.264788.xyz/channel/newtvrebojingxuan?streamid=c0a0801eee0e5ba96ac5d47b4d70f87f&livekey=01WgOR41rriMmMkzNsd0UoaxJRwetZdxIvtVk
炫舞未来,https://live.264788.xyz/channel/newtvxuanwuweilai?streamid=eb8ff971ab3cb4fd6b4352548dd05b44&livekey=01WgOR41rriMmMkzNsd0UoaxJRwetZdxIvtVk
炫舞未来,https://live.264788.xyz/channel/newtvxuanwuweilai?streamid=5a841c808d813604ff9195cad9e21670&livekey=01WgOR41rriMmMkzNsd0UoaxJRwetZdxIvtVk
怡伴健康,https://live.264788.xyz/channel/newtvyibanjiankang?streamid=5990850b9b220b7d8e4cf76721656456&livekey=01WgOR41rriMmMkzNsd0UoaxJRwetZdxIvtVk
怡伴健康,https://live.264788.xyz/channel/newtvyibanjiankang?streamid=1653b6c493db9c9059c09fcb8b3d4e17&livekey=01WgOR41rriMmMkzNsd0UoaxJRwetZdxIvtVk
中国功夫,https://live.264788.xyz/channel/newtvzhongguogongfu?streamid=040c1d7c6c3557336630fbe3a95dee34&livekey=01WgOR41rriMmMkzNsd0UoaxJRwetZdxIvtVk
中国功夫,https://live.264788.xyz/channel/newtvzhongguogongfu?streamid=2f7503d229753d3cf9c57e3a9d1882c0&livekey=01WgOR41rriMmMkzNsd0UoaxJRwetZdxIvtVk
哒啵电竞,https://live.264788.xyz/channel/newtvdabodianjing?streamid=f51847433df939602cde460cba4bd2b2&livekey=01WgOR41rriMmMkzNsd0UoaxJRwetZdxIvtVk
哒啵电竞,https://live.264788.xyz/channel/newtvdabodianjing?streamid=ffc7f934e1511c09e7dc9de621e9195d&livekey=01WgOR41rriMmMkzNsd0UoaxJRwetZdxIvtVk
哒啵赛事,https://live.264788.xyz/channel/newtvdabosaishi?streamid=78ca77e854da29a7d1a1aa2ebb45f3a9&livekey=01WgOR41rriMmMkzNsd0UoaxJRwetZdxIvtVk
哒啵赛事,https://live.264788.xyz/channel/newtvdabosaishi?streamid=efc3c188e305a136c6e67b544f0f1ca9&livekey=01WgOR41rriMmMkzNsd0UoaxJRwetZdxIvtVk
纯享4K,https://live.264788.xyz/channel/chunxiang4k?streamid=c162e99191441b46592808f7f1afe8b0&livekey=01WgOR41rriMmMkzNsd0UoaxJRwetZdxIvtVk
纯享4K,https://live.264788.xyz/channel/chunxiang4k?streamid=a12e69928ae928860407d7ec7bfe4ac8&livekey=01WgOR41rriMmMkzNsd0UoaxJRwetZdxIvtVk
黑莓动画,https://live.264788.xyz/channel/heimeidonghua?streamid=7e2280fb52eae0bc10c4fa7c703196ae&livekey=01WgOR41rriMmMkzNsd0UoaxJRwetZdxIvtVk
黑莓动画,https://live.264788.xyz/channel/heimeidonghua?streamid=e28cd42e24738c192f5bf90ad9b909da&livekey=01WgOR41rriMmMkzNsd0UoaxJRwetZdxIvtVk
天下足球,https://live.264788.xyz/channel/tianxiazuqiu?streamid=254a20dda2dfdefe48efcd6302f7157f&livekey=01WgOR41rriMmMkzNsd0UoaxJRwetZdxIvtVk
天下足球,https://live.264788.xyz/channel/tianxiazuqiu?streamid=17d33b43b067622afac79b2f4f9ecd29&livekey=01WgOR41rriMmMkzNsd0UoaxJRwetZdxIvtVk
好享购物,https://live.264788.xyz/channel/haoxianggouwu?streamid=0a88d51ada37971a1a1bc50ff08e69f9&livekey=01WgOR41rriMmMkzNsd0UoaxJRwetZdxIvtVk
好享购物,https://live.264788.xyz/channel/haoxianggouwu?streamid=9a3d98e729381542c62b5434bf09f4d6&livekey=01WgOR41rriMmMkzNsd0UoaxJRwetZdxIvtVk
上海新闻综合,https://live.264788.xyz/channel/shanghaixinwenzonghe?streamid=6f4b191d0930fafab8274665578e1df8&livekey=01WgOR41rriMmMkzNsd0UoaxJRwetZdxIvtVk
上海新闻综合,https://live.264788.xyz/channel/shanghaixinwenzonghe?streamid=b42305d47a7ea7de356f6b9953dd63fb&livekey=01WgOR41rriMmMkzNsd0UoaxJRwetZdxIvtVk
上海新闻综合,https://live.264788.xyz/channel/shanghaixinwenzonghe?streamid=c0bc623be007e5295d462465c7bd7bd7&livekey=01WgOR41rriMmMkzNsd0UoaxJRwetZdxIvtVk
上海新闻综合,https://live.264788.xyz/channel/shanghaixinwenzonghe?streamid=a064629942f561cf9f5a930648802197&livekey=01WgOR41rriMmMkzNsd0UoaxJRwetZdxIvtVk
东方影视,https://live.264788.xyz/channel/dongfangyingshi?streamid=6b0126f9b7bc4f48ba696eec5680e906&livekey=01WgOR41rriMmMkzNsd0UoaxJRwetZdxIvtVk
东方影视,https://live.264788.xyz/channel/dongfangyingshi?streamid=0995015e995fbffe5924ab43ff48f40f&livekey=01WgOR41rriMmMkzNsd0UoaxJRwetZdxIvtVk
东方影视,https://live.264788.xyz/channel/dongfangyingshi?streamid=4119308d25ef60295b2aa8f2898e3e31&livekey=01WgOR41rriMmMkzNsd0UoaxJRwetZdxIvtVk
东方影视,https://live.264788.xyz/channel/dongfangyingshi?streamid=c016ecf40cfad98bdb2f24dae2067863&livekey=01WgOR41rriMmMkzNsd0UoaxJRwetZdxIvtVk
第一财经,https://live.264788.xyz/channel/diyicaijing?streamid=50d4da670b986b3815f3797d1ffe0c6e&livekey=01WgOR41rriMmMkzNsd0UoaxJRwetZdxIvtVk
第一财经,https://live.264788.xyz/channel/diyicaijing?streamid=3c6cb6f00aa32febab803c0b2304d5d0&livekey=01WgOR41rriMmMkzNsd0UoaxJRwetZdxIvtVk
第一财经,https://live.264788.xyz/channel/diyicaijing?streamid=9c40de9ef5c8cdf9cc21d6ad9e6b9d76&livekey=01WgOR41rriMmMkzNsd0UoaxJRwetZdxIvtVk
第一财经,https://live.264788.xyz/channel/diyicaijing?streamid=c8db609722f9ed252559f883cc079200&livekey=01WgOR41rriMmMkzNsd0UoaxJRwetZdxIvtVk
上海都市,https://live.264788.xyz/channel/shanghaidushi?streamid=04d627efc64630bba0d2507513583a6f&livekey=01WgOR41rriMmMkzNsd0UoaxJRwetZdxIvtVk
上海都市,https://live.264788.xyz/channel/shanghaidushi?streamid=66feaac0153fda6d6dce43f793c0ae59&livekey=01WgOR41rriMmMkzNsd0UoaxJRwetZdxIvtVk
泗阳综合频道,http://siyang-tv-hls.cm.jstv.com/siyang-tv/siyangzh.m3u8
泗阳综合频道,http://38.75.136.137:82/live2/jsqx1.m3u8?id=jssqsy1&usign=tnO5JvE7EOUNT8al6DLMiw
泗阳综合频道,http://siyang-tv-replay.cm.jstv.com/siyang-tv/siyangzh.m3u8
泗阳综合频道,https://zjcn-live-play.jstv.com/live.m3u8/siyang.m3u8
泗阳综合频道,http://38.75.136.137:82/live2/jsqx.m3u8?id=jssqsy1&usign=tnO5JvE7EOUNT8al6DLMiw
泗阳资讯频道,http://siyang-tv-hls.cm.jstv.com/siyang-tv/siyangzx.m3u8
泗阳资讯频道,http://siyang-tv-replay.cm.jstv.com/siyang-tv/siyangzx.m3u8
丹阳新闻综合,http://danyang-tv-hls.cm.jstv.com/danyang-tv/danyangtv.m3u8
丹阳新闻综合,http://danyang-tv-replay.cm.jstv.com/danyang-tv/danyangtv.m3u8
昆山新闻综合,http://pili-publish.living.ksrmtzx.com/ksntv/ks-tv.m3u8
赣榆新闻综合,http://ganyu-tv-replay.cm.jstv.com/ganyu-tv/ganyutv.m3u8
赣榆新闻综合,http://ganyu-tv-hls.cm.jstv.com/ganyu-tv/ganyutv.m3u8
江西都市频道,http://38.75.136.137:82/live2/jxtv.m3u8?id=jxtv2&usign=tnO5JvE7EOUNT8al6DLMiw
江西都市频道,https://play-live-hls.jxtvcn.com.cn/live-city/tv_jxtv2.m3u8
江西都市频道,http://38.75.136.137:82/live2/jxqx.m3u8?id=jxtv2&usign=tnO5JvE7EOUNT8al6DLMiw
江西都市频道,http://38.75.136.137:82/live1/jdtv2.m3u8?id=jxtv2&usign=tnO5JvE7EOUNT8al6DLMiw
江西都市频道,http://38.75.136.137:82/live1/jdtv2.m3u8?id=jxtv2&usign=tnO5JvE7EOUNT8al6DLMiw
江西经济生活,http://38.75.136.137:82/live2/jxtv.m3u8?id=jxtv3&usign=tnO5JvE7EOUNT8al6DLMiw
江西经济生活,https://play-live-hls.jxtvcn.com.cn/live-city/tv_jxtv3.m3u8
江西经济生活,http://38.75.136.137:82/live2/jxqx.m3u8?id=jxtv3&usign=tnO5JvE7EOUNT8al6DLMiw
江西经济生活,http://38.75.136.137:82/live1/jdtv2.m3u8?id=jxtv3&usign=tnO5JvE7EOUNT8al6DLMiw
江西经济生活,http://38.75.136.137:82/live1/jdtv2.m3u8?id=jxtv3&usign=tnO5JvE7EOUNT8al6DLMiw
江西影视旅游,http://38.75.136.137:82/live2/jxtv.m3u8?id=jxtv4&usign=tnO5JvE7EOUNT8al6DLMiw
江西影视旅游,https://play-live-hls.jxtvcn.com.cn/live-city/tv_jxtv4.m3u8
江西影视旅游,http://38.75.136.137:82/live1/jdtv2.m3u8?id=jxtv4&usign=tnO5JvE7EOUNT8al6DLMiw
江西影视旅游,http://38.75.136.137:82/live1/jdtv2.m3u8?id=jxtv4&usign=tnO5JvE7EOUNT8al6DLMiw
江西公共农业,http://38.75.136.137:82/live2/jxtv.m3u8?id=jxtv5&usign=tnO5JvE7EOUNT8al6DLMiw
江西公共农业,https://play-live-hls.jxtvcn.com.cn/live-city/tv_jxtv5.m3u8
江西公共农业,http://38.75.136.137:82/live2/jxqx.m3u8?id=jxtv5&usign=tnO5JvE7EOUNT8al6DLMiw
江西公共农业,http://38.75.136.137:82/live1/jdtv2.m3u8?id=jxtv5&usign=tnO5JvE7EOUNT8al6DLMiw
江西公共农业,http://38.75.136.137:82/live1/jdtv2.m3u8?id=jxtv5&usign=tnO5JvE7EOUNT8al6DLMiw
江西少儿家庭,http://38.75.136.137:82/live2/jxtv.m3u8?id=jxtv6&usign=tnO5JvE7EOUNT8al6DLMiw
江西少儿家庭,https://play-live-hls.jxtvcn.com.cn/live-city/tv_jxtv6.m3u8
江西少儿家庭,http://38.75.136.137:82/live2/jxqx.m3u8?id=jxtv6&usign=tnO5JvE7EOUNT8al6DLMiw
江西少儿家庭,http://38.75.136.137:82/live1/jdtv2.m3u8?id=jxtv6&usign=tnO5JvE7EOUNT8al6DLMiw
江西少儿家庭,http://38.75.136.137:82/live1/jdtv2.m3u8?id=jxtv6&usign=tnO5JvE7EOUNT8al6DLMiw
江西新闻频道,http://38.75.136.137:82/live2/jxtv.m3u8?id=jxtv7&usign=tnO5JvE7EOUNT8al6DLMiw
江西新闻频道,https://play-live-hls.jxtvcn.com.cn/live-city/tv_jxtv7.m3u8
江西新闻频道,http://38.75.136.137:82/live2/jxqx.m3u8?id=jxtv7&usign=tnO5JvE7EOUNT8al6DLMiw
江西新闻频道,http://38.75.136.137:82/live1/jdtv2.m3u8?id=jxtv7&usign=tnO5JvE7EOUNT8al6DLMiw
江西新闻频道,http://38.75.136.137:82/live1/jdtv2.m3u8?id=jxtv7&usign=tnO5JvE7EOUNT8al6DLMiw
江西移动电视,http://38.75.136.137:82/live2/jxtv.m3u8?id=jxtv8&usign=tnO5JvE7EOUNT8al6DLMiw
江西移动电视,http://38.75.136.137:82/live1/jdtv2.m3u8?id=jxtv8&usign=tnO5JvE7EOUNT8al6DLMiw
江西风尚购物,http://38.75.136.137:82/live2/jxtv.m3u8?id=jxtv9&usign=tnO5JvE7EOUNT8al6DLMiw
上海都市,https://live.264788.xyz/channel/shanghaidushi?streamid=08cdaffbd7855272c1a4c37b75f53892&livekey=01WgOR41rriMmMkzNsd0UoaxJRwetZdxIvtVk
上海都市,https://live.264788.xyz/channel/shanghaidushi?streamid=d6aa1eedf2ffc5a88ee19737d90c28c6&livekey=01WgOR41rriMmMkzNsd0UoaxJRwetZdxIvtVk
东方购物,https://live.264788.xyz/channel/dongfanggouwu?streamid=eeaff1cd39e54df91b0c78a39177c49a&livekey=01WgOR41rriMmMkzNsd0UoaxJRwetZdxIvtVk
东方购物,https://live.264788.xyz/channel/dongfanggouwu?streamid=dcba68715ee4b61f9d03d23fe8cda368&livekey=01WgOR41rriMmMkzNsd0UoaxJRwetZdxIvtVk
东方购物,https://live.264788.xyz/channel/dongfanggouwu?streamid=6e1c8fcfd09faa555bf1a3f560c46d09&livekey=01WgOR41rriMmMkzNsd0UoaxJRwetZdxIvtVk
东方购物,https://live.264788.xyz/channel/dongfanggouwu?streamid=ae298b071395e7c4b8f5105ba9b22ef6&livekey=01WgOR41rriMmMkzNsd0UoaxJRwetZdxIvtVk
上海教育,https://live.264788.xyz/channel/shanghaijiaoyu?streamid=b02bea090da12acecb8361a581676210&livekey=01WgOR41rriMmMkzNsd0UoaxJRwetZdxIvtVk
上海教育,https://live.264788.xyz/channel/shanghaijiaoyu?streamid=23a01b2c8e8e22aa3bb7b227a129e2c4&livekey=01WgOR41rriMmMkzNsd0UoaxJRwetZdxIvtVk
上海教育,https://live.264788.xyz/channel/shanghaijiaoyu?streamid=7929616b4ed4f0398125e35ab1172c4a&livekey=01WgOR41rriMmMkzNsd0UoaxJRwetZdxIvtVk
上海教育,https://live.264788.xyz/channel/shanghaijiaoyu?streamid=8d167a5b0fdf668c0f442e838db5e410&livekey=01WgOR41rriMmMkzNsd0UoaxJRwetZdxIvtVk
福建综合,https://live.264788.xyz/channel/fujianzonghe?streamid=f614d92b7259456dde72c14924c6323a&livekey=01WgOR41rriMmMkzNsd0UoaxJRwetZdxIvtVk
福建综合,https://live.264788.xyz/channel/fujianzonghe?streamid=a8df03a67061b34e40ecb8863060a8fa&livekey=01WgOR41rriMmMkzNsd0UoaxJRwetZdxIvtVk
福建综合,https://live.264788.xyz/channel/fujianzonghe?streamid=6464f306ec4c0acd88d9a698fc2d699e&livekey=01WgOR41rriMmMkzNsd0UoaxJRwetZdxIvtVk
福建综合,https://live.264788.xyz/channel/fujianzonghe?streamid=4e7312db2a9e0b2effa6c08feab90786&livekey=01WgOR41rriMmMkzNsd0UoaxJRwetZdxIvtVk
福建公共,https://live.264788.xyz/channel/fujianxiangcungonggong?streamid=1cf7fc3a8f6d160c33b43c2f9507a0cc&livekey=01WgOR41rriMmMkzNsd0UoaxJRwetZdxIvtVk
福建公共,https://live.264788.xyz/channel/fujianxiangcungonggong?streamid=2987cc24bada6a8c25589409a6452d9e&livekey=01WgOR41rriMmMkzNsd0UoaxJRwetZdxIvtVk
福建新闻,https://live.264788.xyz/channel/fujianxinwen?streamid=1d7a4e8614e13d43791f381297047a1a&livekey=01WgOR41rriMmMkzNsd0UoaxJRwetZdxIvtVk
福建新闻,https://live.264788.xyz/channel/fujianxinwen?streamid=d8a3bcf60a1ed185e1456a00c9277485&livekey=01WgOR41rriMmMkzNsd0UoaxJRwetZdxIvtVk
福建新闻,https://live.264788.xyz/channel/fujianxinwen?streamid=3c0a220a2e444b45de5dbc40f99aa11b&livekey=01WgOR41rriMmMkzNsd0UoaxJRwetZdxIvtVk
福建新闻,https://live.264788.xyz/channel/fujianxinwen?streamid=12a259df7c10f9ab7fde3c0c3aa1ba60&livekey=01WgOR41rriMmMkzNsd0UoaxJRwetZdxIvtVk
福建电视剧,https://live.264788.xyz/channel/fujiandianshiju?streamid=71f9763d50865c64951321e69e83c6f8&livekey=01WgOR41rriMmMkzNsd0UoaxJRwetZdxIvtVk
福建电视剧,https://live.264788.xyz/channel/fujiandianshiju?streamid=a179dae6ca1718f987dd24134561ac27&livekey=01WgOR41rriMmMkzNsd0UoaxJRwetZdxIvtVk
福建电视剧,https://live.264788.xyz/channel/fujiandianshiju?streamid=c26b66c59ee4773061c78154e5877244&livekey=01WgOR41rriMmMkzNsd0UoaxJRwetZdxIvtVk
福建电视剧,https://live.264788.xyz/channel/fujiandianshiju?streamid=b352b4dff13dc95a2ab310f90faec19f&livekey=01WgOR41rriMmMkzNsd0UoaxJRwetZdxIvtVk
福建旅游,https://live.264788.xyz/channel/fujianlvyou?streamid=221239fcf3c7edb274f2f0760fe47f96&livekey=01WgOR41rriMmMkzNsd0UoaxJRwetZdxIvtVk
福建旅游,https://live.264788.xyz/channel/fujianlvyou?streamid=599c11c8b284751261b165f4d5765b36&livekey=01WgOR41rriMmMkzNsd0UoaxJRwetZdxIvtVk
福建旅游,https://live.264788.xyz/channel/fujianlvyou?streamid=8f26765ebf367079cef58c6b7752da1e&livekey=01WgOR41rriMmMkzNsd0UoaxJRwetZdxIvtVk
福建旅游,https://live.264788.xyz/channel/fujianlvyou?streamid=fc58882de71ce4575b66002f2475226b&livekey=01WgOR41rriMmMkzNsd0UoaxJRwetZdxIvtVk
福建生活,https://live.264788.xyz/channel/fujianjingji?streamid=ad4071bd733962e10d9f4a76600a28c0&livekey=01WgOR41rriMmMkzNsd0UoaxJRwetZdxIvtVk
福建生活,https://live.264788.xyz/channel/fujianjingji?streamid=3d2ec9af12e769a54d735fc805192594&livekey=01WgOR41rriMmMkzNsd0UoaxJRwetZdxIvtVk
福建少儿,https://live.264788.xyz/channel/fujianshaoer?streamid=98ccc174671e43f0e307e3445e59e2b5&livekey=01WgOR41rriMmMkzNsd0UoaxJRwetZdxIvtVk
福建少儿,https://live.264788.xyz/channel/fujianshaoer?streamid=e835a9456b847a72e1a0b8d64b585300&livekey=01WgOR41rriMmMkzNsd0UoaxJRwetZdxIvtVk
福建教育,https://live.264788.xyz/channel/fujianjiaoyu?streamid=250b5a0e97980f68e40f3f91ab10ac74&livekey=01WgOR41rriMmMkzNsd0UoaxJRwetZdxIvtVk
福建教育,https://live.264788.xyz/channel/fujianjiaoyu?streamid=506de4ec9af969dd23f9c901b53d9582&livekey=01WgOR41rriMmMkzNsd0UoaxJRwetZdxIvtVk
盗源狗si全家 全家下地狱
名侦探柯南剧场版,http://cfss.cc/cdn/huya/30080236.flv
火影忍者,http://cfss.cc/cdn/huya/29465866.flv
海贼王,http://cfss.cc/cdn/huya/29982634.flv
宫崎骏系列,http://cfss.cc/cdn/huya/21059614.flv
黑子的篮球,http://cfss.cc/cdn/huya/30080253.flv
瑞克与莫蒂,http://cfss.cc/cdn/huya/29982655.flv
星辰变,http://cfss.cc/cdn/huya/24514506.flv
成龙历险记,http://cfss.cc/cdn/huya/11352946.flv
江西陶瓷频道,http://38.75.136.137:82/live2/jxtv.m3u8?id=jxtv10&usign=tnO5JvE7EOUNT8al6DLMiw
江西教育频道,https://cdn-live.jxeduyun.com/streams/640f79857ff58.m3u8
江西教育频道,http://38.75.136.137:82/live1/jdtv2.m3u8?id=jxjy&usign=tnO5JvE7EOUNT8al6DLMiw
江西教育频道,http://38.75.136.137:82/live1/jdtv2.m3u8?id=jxjy&usign=tnO5JvE7EOUNT8al6DLMiw
南昌新闻综合,https://play-live-hls.jxtvcn.com.cn/live-city/tv_nanchang.m3u8
南昌新闻综合,http://38.75.136.137:82/live2/jxqx.m3u8?id=jxnctv1&usign=tnO5JvE7EOUNT8al6DLMiw
南昌新闻综合,http://38.75.136.137:82/live1/jxnctv.m3u8?fmt=flv&id=jxnctv1&usign=tnO5JvE7EOUNT8al6DLMiw
南昌新闻综合,http://38.75.136.137:82/live1/jxnctv.m3u8?id=jxnctv1&usign=tnO5JvE7EOUNT8al6DLMiw
南昌新闻综合,http://38.75.136.137:82/live1/jxnctv1.m3u8?id=jxnctv1&usign=tnO5JvE7EOUNT8al6DLMiw
南昌都市频道,http://38.75.136.137:82/live1/jxnctv.m3u8?fmt=flv&id=jxnctv2&usign=tnO5JvE7EOUNT8al6DLMiw
南昌都市频道,http://38.75.136.137:82/live1/jxnctv.m3u8?id=jxnctv2&usign=tnO5JvE7EOUNT8al6DLMiw
南昌都市频道,http://38.75.136.137:82/live1/jxnctv1.m3u8?id=jxnctv2&usign=tnO5JvE7EOUNT8al6DLMiw
南昌资讯频道,http://38.75.136.137:82/live1/jxnctv.m3u8?fmt=flv&id=jxnctv3&usign=tnO5JvE7EOUNT8al6DLMiw
南昌资讯频道,http://38.75.136.137:82/live1/jxnctv.m3u8?id=jxnctv3&usign=tnO5JvE7EOUNT8al6DLMiw
南昌资讯频道,http://38.75.136.137:82/live1/jxnctv1.m3u8?id=jxnctv3&usign=tnO5JvE7EOUNT8al6DLMiw
新余新闻综合,https://play-live-hls.jxtvcn.com.cn/live-city/tv_xinyu.m3u8
新余新闻综合,http://38.75.136.137:82/live2/jxqx.m3u8?id=jxxytv1&usign=tnO5JvE7EOUNT8al6DLMiw
新余新闻综合,http://43.138.192.238:19008/hls/tvb/playlist.m3u8
新余公共频道,http://43.138.192.238:19008/hls/tvc/playlist.m3u8
新余教育频道,http://43.138.192.238:19008/hls/tva/playlist.m3u8
吉安新闻综合,https://play-live-hls.jxtvcn.com.cn/live-city/tv_jian.m3u8
吉安新闻综合,http://38.75.136.137:82/live2/jxqx.m3u8?id=jxjatv1&usign=tnO5JvE7EOUNT8al6DLMiw
吉安新闻综合,http://stream.ijatv.com/jatv1/hd/live.m3u8
吉安新闻综合,http://38.75.136.137:82/live1/jxjatv.m3u8?id=jxjatv1&usign=tnO5JvE7EOUNT8al6DLMiw
吉安公共频道,http://stream.ijatv.com/jatv2/hd/live.m3u8
吉安公共频道,http://38.75.136.137:82/live1/jxjatv.m3u8?id=jxjatv2&usign=tnO5JvE7EOUNT8al6DLMiw
九江新闻综合,https://play-live-hls.jxtvcn.com.cn/live-city/tv_jiujiang.m3u8
九江新闻综合,http://38.75.136.137:82/live2/jxqx.m3u8?id=jxjjtv1&usign=tnO5JvE7EOUNT8al6DLMiw
九江新闻综合,http://38.75.136.137:82/live1/jxjjtv.m3u8?id=jxjjtv1&usign=tnO5JvE7EOUNT8al6DLMiw
九江新闻综合,https://live02.jxtvcn.com.cn/live-jxtvcn/ganyun_jiujiang1.m3u8
九江公共频道,http://38.75.136.137:82/live1/jxjjtv.m3u8?id=jxjjtv2&usign=tnO5JvE7EOUNT8al6DLMiw
九江公共频道,https://live02.jxtvcn.com.cn/live-jxtvcn/ganyun_jiujiang2.m3u8
九江教育频道,http://38.75.136.137:82/live1/jxjjtv.m3u8?id=jxjjtv3&usign=tnO5JvE7EOUNT8al6DLMiw
九江教育频道,https://live02.jxtvcn.com.cn/live-jxtvcn/ganyun_jiujiang3.m3u8
上饶新闻综合,https://play-live-hls.jxtvcn.com.cn/live-city/tv_shangrao.m3u8
上饶新闻综合,http://38.75.136.137:82/live2/jxqx.m3u8?id=jxsrtv1&usign=tnO5JvE7EOUNT8al6DLMiw
上饶新闻综合,http://live02.jxtvcn.com.cn/live-jxtvcn/ganyun_shangrao1.m3u8?t=&token=1
上饶经济旅游,http://live02.jxtvcn.com.cn/live-jxtvcn/ganyun_shangrao2.m3u8?t=&token=1
抚州综合频道,https://play-live-hls.jxtvcn.com.cn/live-city/tv_fuzhou.m3u8
抚州综合频道,http://38.75.136.137:82/live2/jxqx.m3u8?id=jxfztv1&usign=tnO5JvE7EOUNT8al6DLMiw
抚州综合频道,rtmp://tv.live.fgtxnews.com/fztv/zonghe
抚州综合频道,http://tv.live.fgtxnews.com/fztv/zonghe.m3u8
抚州公共频道,rtmp://tv.live.fgtxnews.com/fztv/gonggong
抚州公共频道,http://tv.live.fgtxnews.com/fztv/gonggong.m3u8
赣州新闻综合,https://play-live-hls.jxtvcn.com.cn/live-city/tv_ganzhou.m3u8
赣州新闻综合,http://38.75.136.137:82/live2/jxqx.m3u8?id=jxgztv1&usign=tnO5JvE7EOUNT8al6DLMiw
赣州新闻综合,http://pili-live-hls-sjxgz2024.sobeylive.com/jxgz2024/396_q_live172526329228525.m3u8
赣州公共频道,http://pili-live-hls-sjxgz2024.sobeylive.com/jxgz2024/396_q_live172526334096251.m3u8
赣州教育频道,http://pili-live-hls-sjxgz2024.sobeylive.com/jxgz2024/396_q_live172526335287668.m3u8
鹰潭新闻综合,https://play-live-hls.jxtvcn.com.cn/live-city/tv_yingtan.m3u8
鹰潭新闻综合,http://38.75.136.137:82/live2/jxqx.m3u8?id=jxyttv1&usign=tnO5JvE7EOUNT8al6DLMiw
宜春综合频道,https://play-live-hls.jxtvcn.com.cn/live-city/tv_yichun.m3u8
宜春综合频道,http://38.75.136.137:82/live2/jxqx.m3u8?id=jxyctv1&usign=tnO5JvE7EOUNT8al6DLMiw
宜春综合频道,https://live-yc.newsyc.com/wetef/sd/live.m3u8
宜春公共频道,https://live-yc.newsyc.com/two/sd/live.m3u8
萍乡新闻综合,https://live02.jxtvcn.com.cn/live-jxtvcn/ganyun_px_xwzh.m3u8
萍乡新闻综合,https://play-live-hls.jxtvcn.com.cn/live-city/tv_pingxiang.m3u8
萍乡新闻综合,http://38.75.136.137:82/live2/jxqx.m3u8?id=jxpxtv1&usign=tnO5JvE7EOUNT8al6DLMiw
萍乡公共频道,https://live02.jxtvcn.com.cn/live-jxtvcn/ganyun_px_ggpd.m3u8
萍乡公共频道,http://117.169.95.173:8099/hls-live/livepkgr/_definst_/pxitvevent/pxtv3stream.m3u8
景德镇综合,https://play-live-hls.jxtvcn.com.cn/live-city/tv_jingdezhen.m3u8
景德镇综合,http://38.75.136.137:82/live2/jxqx.m3u8?id=jxjdz1&usign=tnO5JvE7EOUNT8al6DLMiw
景德镇综合,http://38.75.136.137:82/live1/jdtv2.m3u8?id=jxjdz1&usign=tnO5JvE7EOUNT8al6DLMiw
安义综合频道,http://38.75.136.137:82/live1/jxnctv.m3u8?fmt=flv&id=jxncay1&usign=tnO5JvE7EOUNT8al6DLMiw
安义综合频道,http://38.75.136.137:82/live1/jxnctv.m3u8?id=jxncay1&usign=tnO5JvE7EOUNT8al6DLMiw
进贤新闻综合,http://38.75.136.137:82/live1/jxnctv.m3u8?fmt=flv&id=jxncjx1&usign=tnO5JvE7EOUNT8al6DLMiw
进贤新闻综合,http://38.75.136.137:82/live1/jxnctv.m3u8?id=jxncjx1&usign=tnO5JvE7EOUNT8al6DLMiw
南昌县综合,http://38.75.136.137:82/live1/jxnctv.m3u8?fmt=flv&id=jxncnc1&usign=tnO5JvE7EOUNT8al6DLMiw
南昌县综合,http://38.75.136.137:82/live1/jxnctv.m3u8?id=jxncnc1&usign=tnO5JvE7EOUNT8al6DLMiw
湾里综合频道,http://38.75.136.137:82/live1/jxnctv.m3u8?fmt=flv&id=jxncwl1&usign=tnO5JvE7EOUNT8al6DLMiw
湾里综合频道,http://38.75.136.137:82/live1/jxnctv.m3u8?id=jxncwl1&usign=tnO5JvE7EOUNT8al6DLMiw
新建综合频道,http://38.75.136.137:82/live1/jxnctv.m3u8?fmt=flv&id=jxncxj1&usign=tnO5JvE7EOUNT8al6DLMiw
新建综合频道,http://38.75.136.137:82/live1/jxnctv.m3u8?id=jxncxj1&usign=tnO5JvE7EOUNT8al6DLMiw
定南综合频道,http://zhibo.jxxw.com.cn/live/chingytv.m3u8?txSecret=7d9f0a4680022a48521b10ac449d7f05&txTime=6A1BF750
赣县综合频道,http://zhibo.jxxw.com.cn/live/ganxtv.m3u8?txSecret=5de6c9d1b218f12d37fafef4b49b8fc9&txTime=69F30AD9
飞天小女警,http://cfss.cc/cdn/huya/11601958.flv
樱桃小丸子,http://cfss.cc/cdn/huya/11342394.flv
猫和老鼠,http://cfss.cc/cdn/huya/11352879.flv
龙珠,http://cfss.cc/cdn/huya/11601966.flv
哆啦A梦,http://cfss.cc/cdn/huya/11601963.flv
魔法少女,http://cfss.cc/cdn/huya/21059587.flv
全职猎人,http://cfss.cc/cdn/huya/30080254.flv
四驱兄弟,http://cfss.cc/cdn/huya/11352922.flv
一人之上,http://cfss.cc/cdn/huya/11602065.flv
头文字D,http://cfss.cc/cdn/huya/11352889.flv
网球王子,http://cfss.cc/cdn/huya/11352882.flv
王晶电影,http://cfss.cc/cdn/huya/11602058.flv
功夫电影,http://cfss.cc/cdn/huya/11352941.flv
猫和老鼠,http://cfss.cc/cdn/huya/11352879.flv
强森电影,http://cfss.cc/cdn/huya/21059581.flv
永夜星河,http://cfss.cc/cdn/huya/23734169.flv
电影_武侠,http://cfss.cc/cdn/huya/11342427.flv
电影_玄幻,http://cfss.cc/cdn/huya/11342414.flv
电影_国产,http://cfss.cc/cdn/huya/11352973.flv
电影_洪金宝,http://cfss.cc/cdn/huya/11279251.flv
电影_斯坦森,http://cfss.cc/cdn/huya/21059588.flv
电影_功夫片,http://cfss.cc/cdn/huya/11352941.flv
剧集_老三国,http://cfss.cc/cdn/huya/11602081.flv
电影_不挤影院,http://cfss.cc/cdn/huya/11352897.flv
电影_许氏三杰,http://cfss.cc/cdn/huya/11602033.flv
电影_高分动作,http://cfss.cc/cdn/huya/11352884.flv
电影_欢笑影院,http://cfss.cc/cdn/huya/11352894.flv
电影_国产悬疑,http://cfss.cc/cdn/huya/11342395.flv
电影_黑帮斗争,http://cfss.cc/cdn/huya/11342419.flv
电影_喜乐影院,http://cfss.cc/cdn/huya/21059580.flv
亮剑,http://cfss.cc/cdn/huya/30080238.flv
雪豹,http://cfss.cc/cdn/huya/29580970.flv
埋堆堆 𝟙,https://live.iill.top/huya/23740156
龙南电视台,https://p2hs.vzan.com/1670294060/707321619705783642/live.m3u8
龙南电视台,https://play-hsbj.vzan.com/1670294060/707321619705783642/live.m3u8
宁都综合频道,http://live02.jxtvcn.com.cn/live-jxtvcn/ganyun_ningdu.m3u8?t=&token=1
南康综合频道,https://play-a2.quklive.com/live/1758525653004384.m3u8
瑞金综合频道,https://play-a2.quklive.com/live/1760408109205119.m3u8
上犹综合频道,https://play-a2.quklive.com/live/1761893154602099.m3u8
信丰综合频道,https://play-a2.quklive.com/live/1761874123034214.m3u8
德兴新闻综合,http://218.64.164.152:5021/live_hls/2/playlist.m3u8
广丰综合,https://play-a2.quklive.com/live/1754033359790055.m3u8
余干综合频道,http://live02.jxtvcn.com.cn/live-jxtvcn/ganyun_yugan.m3u8?t=&token=1
玉山新闻综合,https://play-a2.quklive.com/live/1744269699236128.m3u8
崇仁综合频道,https://play-a2.quklive.com/live/1744277411242065.m3u8
东乡区综合频道,http://zhibo.jxxw.com.cn/live/dongxtv.m3u8?txSecret=f6fa6e2ad5a6ac2fa3acf1a6ea2280a0&txTime=69F30A71
广昌新闻综合,http://live02.jxtvcn.com.cn/live-jxtvcn/ganyun_guangchuangTV.m3u8?t=&token=1
乐安综合频道,https://play-a2.quklive.com/live/1752744744088073.m3u8
丰城综合频道,http://38.75.136.137:82/live1/jxycfc.m3u8?id=jxycfc1&usign=tnO5JvE7EOUNT8al6DLMiw
铜鼓综合频道,https://play-a2.quklive.com/live/1742531118997158.m3u8
万载综合频道,https://play-a2.quklive.com/live/1739162440932308.m3u8
樟树综合频道,http://zhibo.jxxw.com.cn/live/zhangshu.m3u8?txSecret=41754ab12093b64a20bc936a60715eb0&txTime=ba70b8fd
吉州新闻综合,http://218.204.153.158/10.m3u8
吉州新闻综合,rtmp://live.jxjztv.com/livepkgr/jxjztv_l
遂川综合频道,http://zhibo.jxxw.com.cn/live/suictv.m3u8?txSecret=503246d22e9f803743d8f64cdd8ec303&txTime=69F2AD12
永新电视一套,http://jxyx.chinashadt.com:2036/live/1002.stream/playlist.m3u8
井冈山综合,https://play-a2.quklive.com/live/1743498103845328.m3u8
都昌综合频道,http://live02.jxtvcn.com.cn/live-jxtvcn/ganyun_duchang.m3u8?t=&token=1
庐山综合频道,http://live02.jxtvcn.com.cn/live-jxtvcn/ganyun_lushan.m3u8?t=&token=1
彭泽综合频道,http://play-a2.quklive.com/live/1740970999257207.m3u8
武宁新闻综合,http://live02.jxtvcn.com.cn/live-jxtvcn/ganyun_wuning.m3u8?t=&token=1
修水新闻综合,http://live02.jxtvcn.com.cn/live-jxtvcn/ganyun_xiushui01.m3u8?t=&token=1
永修电视一套,http://live02.jxtvcn.com.cn/live-jxtvcn/ganyun_yongxiu.m3u8?t=&token=1
莲花综合频道,http://live02.jxtvcn.com.cn/live-jxtvcn/ganyun_lianhua.m3u8
贵溪综合频道,http://guixibc.jxshiju.com/live/guixi.m3u8
吉林都市,http://38.75.136.137:82/live2/jltv.m3u8?id=jlds&usign=tnO5JvE7EOUNT8al6DLMiw
吉林都市,http://38.75.136.137:82/live1/jdtv2.m3u8?id=jlds&usign=tnO5JvE7EOUNT8al6DLMiw
吉林都市,http://38.75.136.137:82/live1/jdtv2.m3u8?id=jlds&usign=tnO5JvE7EOUNT8al6DLMiw
吉林都市,http://38.75.136.137:82/live1/hoge.m3u8?ip=jltv&id=317&usign=tnO5JvE7EOUNT8al6DLMiw
吉林生活,http://38.75.136.137:82/live2/jltv.m3u8?id=jlsg&usign=tnO5JvE7EOUNT8al6DLMiw
吉林生活,http://38.75.136.137:82/live1/jdtv2.m3u8?id=jlsh&usign=tnO5JvE7EOUNT8al6DLMiw
吉林生活,http://38.75.136.137:82/live1/jdtv2.m3u8?id=jlsh&usign=tnO5JvE7EOUNT8al6DLMiw
吉林生活,http://38.75.136.137:82/live1/hoge.m3u8?ip=jltv&id=354&usign=tnO5JvE7EOUNT8al6DLMiw
吉林影视,http://38.75.136.137:82/live2/jltv.m3u8?id=jlys&usign=tnO5JvE7EOUNT8al6DLMiw
吉林影视,http://38.75.136.137:82/live1/jdtv2.m3u8?id=jlys&usign=tnO5JvE7EOUNT8al6DLMiw
吉林影视,http://38.75.136.137:82/live1/jdtv2.m3u8?id=jlys&usign=tnO5JvE7EOUNT8al6DLMiw
吉林影视,http://38.75.136.137:82/live1/hoge.m3u8?ip=jltv&id=352&usign=tnO5JvE7EOUNT8al6DLMiw
吉林综艺文化,http://38.75.136.137:82/live2/jltv.m3u8?id=jlfz&usign=tnO5JvE7EOUNT8al6DLMiw
吉林综艺文化,http://38.75.136.137:82/live1/jdtv2.m3u8?id=jlfz&usign=tnO5JvE7EOUNT8al6DLMiw
吉林综艺文化,http://38.75.136.137:82/live1/jdtv2.m3u8?id=jlfz&usign=tnO5JvE7EOUNT8al6DLMiw
吉林综艺文化,http://38.75.136.137:82/live1/hoge.m3u8?ip=jltv&id=362&usign=tnO5JvE7EOUNT8al6DLMiw
吉林乡村,http://38.75.136.137:82/live2/jltv.m3u8?id=jlxc&usign=tnO5JvE7EOUNT8al6DLMiw
吉林乡村,http://stream12.jlntv.cn/xqpdhd/sd/live.m3u8
吉林乡村,http://38.75.136.137:82/live1/jdtv2.m3u8?id=jlxc&usign=tnO5JvE7EOUNT8al6DLMiw
吉林乡村,http://38.75.136.137:82/live1/jdtv2.m3u8?id=jlxc&usign=tnO5JvE7EOUNT8al6DLMiw
吉林乡村,http://38.75.136.137:82/live1/hoge.m3u8?ip=jltv&id=356&usign=tnO5JvE7EOUNT8al6DLMiw
家有购物,http://38.75.136.137:82/live1/hoge.m3u8?ip=jltv&id=14&usign=tnO5JvE7EOUNT8al6DLMiw
中国交通吉林,http://38.75.136.137:82/live1/jdtv2.m3u8?id=jlzgjt&usign=tnO5JvE7EOUNT8al6DLMiw
中国交通吉林,http://38.75.136.137:82/live1/jdtv2.m3u8?id=jlzgjt&usign=tnO5JvE7EOUNT8al6DLMiw
吉林教育,http://38.75.136.137:82/live1/jdtv2.m3u8?id=jljy&usign=tnO5JvE7EOUNT8al6DLMiw
吉林教育,http://139.212.251.230:8088/flv0
长影频道,http://38.75.136.137:82/live1/jdtv2.m3u8?id=jlcypd&usign=tnO5JvE7EOUNT8al6DLMiw
长影频道,http://38.75.136.137:82/live1/jdtv2.m3u8?id=jlcypd&usign=tnO5JvE7EOUNT8al6DLMiw
长春综合,http://stream2.jlntv.cn/jlcc/sd/live.m3u8
长春文旅体育,http://p2hssh.vzan.com/slowlive/560770486431346909/live.m3u8
长春市民生活,https://p2hssh.vzan.com/slowlive/759031291491421605/live.m3u8?zbid=1484002802&tpid=1641057309
延边朝鲜语综合,http://live.ybtvyun.com/video/s10006-b571c289a478/index.m3u8
埋堆堆 𝟚,https://live.iill.top/huya/23749096
埋堆堆 𝟛,https://live.iill.top/huya/23735126
埋堆堆 𝟜,https://live.iill.top/huya/23903123
埋堆堆 𝟝,https://live.iill.top/huya/23734169
埋堆堆 𝟞,https://live.iill.top/huya/23863804
埋堆堆 𝟟,https://live.iill.top/huya/23865080
埋堆堆 𝟠,https://live.iill.top/huya/23864973
埋堆堆 𝟡,https://live.iill.top/huya/23903130
埋堆堆 𝟙𝟘,https://live.iill.top/huya/23860039
埋堆堆 𝟙𝟙,https://live.iill.top/huya/23903183
埋堆堆 𝟙𝟚,https://live.iill.top/huya/23903196
埋堆堆 𝟙𝟛,https://live.iill.top/huya/23728674
埋堆堆 𝟙𝟜,https://live.iill.top/huya/23865036
埋堆堆 𝟙𝟝,https://live.iill.top/huya/23829543
埋堆堆 𝟙𝟞,https://live.iill.top/huya/23865161
埋堆堆 𝟙𝟟,https://live.iill.top/huya/23865058
埋堆堆 𝟙𝟠,https://live.iill.top/huya/23824164
埋堆堆 𝟙𝟡,https://live.iill.top/huya/23863796
埋堆堆 𝟚𝟘,https://live.iill.top/huya/23734183
埋堆堆 𝟚𝟙,https://live.iill.top/huya/23728660
埋堆堆 𝟚𝟚,https://live.iill.top/huya/23865142
埋堆堆 𝟚𝟛,https://live.iill.top/huya/23734246
埋堆堆 𝟚𝟜,https://live.iill.top/huya/23865171
埋堆堆 𝟚𝟝,https://live.iill.top/huya/23734256
埋堆堆 𝟚𝟞,https://live.iill.top/huya/23749083
荒野求生其他,https://live.iill.top/huya/593667
野行者其他,https://live.iill.top/huya/20072663
跳舞其他,https://live.iill.top/huya/24634408
茶啊二中动画,https://live.iill.top/huya/11213191
哆啦A梦动漫,https://live.iill.top/huya/11601963
航海王动漫,https://live.iill.top/huya/16913382
七龙珠动漫,https://live.iill.top/huya/11601966
中华小当家动漫,https://live.iill.top/huya/11342413
新水浒传,http://live.metshop.top/huya/11342384
神探狄仁杰第一部,http://live.metshop.top/huya/11352958
神探狄仁杰第三部,http://live.metshop.top/huya/11342425
爱情公寓,http://live.metshop.top/huya/11336726
倚天屠龙记,http://live.metshop.top/huya/11342403
铁齿铜牙纪晓岚,http://live.metshop.top/huya/11342396
亮剑,http://live.metshop.top/huya/30080238
士兵突击,http://live.metshop.top/huya/11342430
康熙王朝,http://live.metshop.top/huya/11352940
鬼吹灯之精绝古城,http://live.metshop.top/huya/11352871
鬼吹灯之怒晴湘西,http://live.metshop.top/huya/11602075
鬼吹灯之龙岭迷窟,http://live.metshop.top/huya/29465863
鬼吹灯之云南虫谷,http://live.metshop.top/huya/11352898
雪豹,http://live.metshop.top/huya/29580970
哆啦A梦,https://live.iill.top/huya.php?id=11601963
猫和老鼠,https://live.iill.top/huya.php?id=11352879
刘德华电影,https://live.iill.top/huya.php?id=11342424
古天乐电影,https://live.iill.top/huya.php?id=29982675
李连杰电影,https://live.iill.top/huya.php?id=11342390
甄子丹电影,https://live.iill.top/huya.php?id=11352935
狄仁杰系列,https://live.iill.top/huya.php?id=30080229
沈腾电影,https://live.iill.top/huya.php?id=11601968
黄渤电影,https://live.iill.top/huya.php?id=11352876
强森电影,https://live.iill.top/huya.php?id=21059581
王晶电影,https://live.iill.top/huya.php?id=11602058
功夫电影,https://live.iill.top/huya.php?id=11352941
延边朝鲜语综合,http://live.ybtvyun.com/video/s10016-19a16c47eb99/index.m3u8
延边汉语综合,http://live.ybtvyun.com/video/s10006-04819ee234a7/index.m3u8
延边汉语综合,http://live.ybtvyun.com/video/s10016-7e5f23de35df/index.m3u8
通化新闻,http://stream2.jlntv.cn/tonghua1/sd/live.m3u8
吉林市新闻综合,https://living.muzhifm.com/jilinshi/jilin_zonghe_v.m3u8?auth_key=1837821685-0-0-67b43a2f1e9e2ce78746337eea2b2537
吉林市新闻综合,http://38.75.136.137:82/live1/jdtv2.m3u8?id=jljltv1&usign=tnO5JvE7EOUNT8al6DLMiw
吉林市新闻综合,http://38.75.136.137:82/live1/jdtv2.m3u8?id=jljltv1&usign=tnO5JvE7EOUNT8al6DLMiw
吉林市新闻综合,http://stream2.jlntv.cn/jilin1/sd/live.m3u8
四平新闻综合,http://stream2.jlntv.cn/sptv/sd/live.m3u8
辽源新闻综合,http://stream2.jlntv.cn/liaoyuan1/sd/live.m3u8
白山旅游生活,http://stream8.jlntv.cn/baishan2/playlist.m3u8
松原新闻综合,http://175.18.172.214:1935/live/sytv1/playlist.m3u8
松原新闻综合,rtmp://175.18.172.214:1935/live/sytv1
松原新闻综合,http://stream2.jlntv.cn/sytv/sd/live.m3u8
松原公共频道,http://38.75.136.137:82/live1/jdtv2.m3u8?id=jlsytv2&usign=tnO5JvE7EOUNT8al6DLMiw
松原公共频道,http://stream8.jlntv.cn/sytv2/sd/live.m3u8
白城新闻综合,http://stream2.jlntv.cn/baicheng1/sd/live.m3u8
长白山电视台,http://stream8.jlntv.cn/cbstv/sd/live.m3u8
延吉新闻综合,http://pull.ucloud.test.jlntv.cn/live/2022yjtv/playlist.m3u8
德惠综合,http://stream11.jlntv.cn/dehuitv/sd/live.m3u8
九台综合,http://stream10.jlntv.cn/jiutaitv/sd/live.m3u8
农安新闻综合,http://stream2.jlntv.cn/naxw/sd/live.m3u8
双阳综合,http://stream11.jlntv.cn/shuangyang/sd/live.m3u8
榆树综合频道,http://stream11.jlntv.cn/yushuds/sd/live.m3u8
长白新闻综合,http://hplayer1.juyun.tv/camera/11347146.m3u8
江源综合频道,http://stream10.jlntv.cn/jiangyuantv/sd/live.m3u8
靖宇综合频道,http://38.75.136.137:82/live1/hoge.m3u8?ip=jltv&id=177&usign=tnO5JvE7EOUNT8al6DLMiw
靖宇综合频道,http://stream8.jlntv.cn/jytv/sd/live.m3u8
敦化一套,http://stream8.jlntv.cn/dhtv/playlist.m3u8
珲春新闻综合,http://tplay.mlink.tv/live/fhsy3KNU.m3u8
珲春新闻综合,rtmp://tplay.mlink.tv/live/fhsy3KNU
珲春新闻综合,http://stream8.jlntv.cn/hctv/sd/live.m3u8
龙井综合,http://stream8.jlntv.cn/ljtv/sd/live.m3u8
公主岭综合,http://stream5.jlntv.cn/gzl/sd/live.m3u8
桦甸综合,http://stream10.jlntv.cn/huadian/sd/live.m3u8
磐石综合,http://stream5.jlntv.cn/ps/sd/live.m3u8
舒兰新闻综合,http://stream8.jlntv.cn/shulan/sd/live.m3u8
永吉综合频道,http://stream10.jlntv.cn/yongji/sd/live.m3u8
东丰综合,http://stream5.jlntv.cn/df/sd/live.m3u8
东辽综合,http://stream5.jlntv.cn/dl/sd/live.m3u8
双辽综合,http://stream5.jlntv.cn/sl/sd/live.m3u8
前郭综合频道,http://stream2.jlntv.cn/qg/sd/live.m3u8
辉南新闻综合,http://stream5.jlntv.cn/hn/sd/live.m3u8
集安综合频道,http://stream2.jlntv.cn/ja/sd/live.m3u8
柳河综合,http://stream5.jlntv.cn/lh/sd/live.m3u8
通化县综合,http://stream5.jlntv.cn/thx/sd/live.m3u8
汪清综合,http://stream5.jlntv.cn/wq/sd/live.m3u8
辽宁经济,http://38.75.136.137:82/live1/lnsytv.m3u8?id=lnjj&usign=tnO5JvE7EOUNT8al6DLMiw
辽宁经济,http://38.75.136.137:82/live1/jdtv2.m3u8?id=lnjj&usign=tnO5JvE7EOUNT8al6DLMiw
辽宁经济,http://38.75.136.137:82/live1/jdtv2.m3u8?id=lnjj&usign=tnO5JvE7EOUNT8al6DLMiw
辽宁经济,http://38.75.136.137:82/live2/bfgd.m3u8?id=4200000076&usign=tnO5JvE7EOUNT8al6DLMiw
辽宁经济,http://38.75.136.137:82/live2/bfgd.m3u8?id=4200000480&usign=tnO5JvE7EOUNT8al6DLMiw
辽宁都市,kdsvod://rtmphtml://http://v.91kds.com/b7/lnbdy.m3u8?id=lnds&usign=tnO5JvE7EOUNT8al6DLMiw
辽宁都市,http://38.75.136.137:82/live1/jdtv2.m3u8?id=lnds&usign=tnO5JvE7EOUNT8al6DLMiw
辽宁都市,http://38.75.136.137:82/live1/jdtv2.m3u8?id=lnds&usign=tnO5JvE7EOUNT8al6DLMiw
辽宁都市,http://38.75.136.137:82/live2/bfgd.m3u8?id=4200000610&usign=tnO5JvE7EOUNT8al6DLMiw
辽宁都市,http://38.75.136.137:82/live2/bfgd.m3u8?id=4200000068&usign=tnO5JvE7EOUNT8al6DLMiw
辽宁影视剧,kdsvod://rtmphtml://http://v.91kds.com/b7/lnbdy.m3u8?id=lnys&usign=tnO5JvE7EOUNT8al6DLMiw
辽宁影视剧,http://38.75.136.137:82/live1/jdtv2.m3u8?id=lnys&usign=tnO5JvE7EOUNT8al6DLMiw
辽宁影视剧,http://38.75.136.137:82/live1/jdtv2.m3u8?id=lnys&usign=tnO5JvE7EOUNT8al6DLMiw
辽宁影视剧,http://38.75.136.137:82/live2/bfgd.m3u8?id=4200000070&usign=tnO5JvE7EOUNT8al6DLMiw
辽宁宜佳购物,kdsvod://rtmphtml://http://v.91kds.com/b7/lnbdy.m3u8?id=lngw&usign=tnO5JvE7EOUNT8al6DLMiw
辽宁教育青少,kdsvod://rtmphtml://http://v.91kds.com/b7/lnbdy.m3u8?id=lnjy&usign=tnO5JvE7EOUNT8al6DLMiw
贺岁电影,https://live.iill.top/huya.php?id=11601986
士兵突击,https://live.iill.top/huya.php?id=11342430
倚天屠龙记,https://live.iill.top/huya.php?id=11342403
铁齿铜牙纪晓岚,https://live.iill.top/huya.php?id=11342396
康熙王朝,https://live.iill.top/huya.php?id=11352940
鬼吹灯之精绝古城,https://live.iill.top/huya.php?id=11352871
鬼吹灯之怒晴湘西,https://live.iill.top/huya.php?id=11602075
鬼吹灯之龙岭迷窟,https://live.iill.top/huya.php?id=29465863
鬼吹灯之云南虫谷,https://live.iill.top/huya.php?id=11352898
楚汉骄雄,https://live.iill.top/huya.php?id=23740156
西游记1,https://live.iill.top/huya.php?id=23728660
西游记2,https://live.iill.top/huya.php?id=23735126
大唐双龙传,https://live.iill.top/huya.php?id=23728674
倚天屠龙记,https://live.iill.top/huya.php?id=23734246
刑事侦缉档案,https://live.iill.top/huya.php?id=23734169
法政先锋,https://live.iill.top/huya.php?id=23863804
陀枪师姐,https://live.iill.top/huya.php?id=23860039
使徒行者,https://live.iill.top/huya.php?id=23734256
鉴证实录,https://live.iill.top/huya.php?id=23903183
扫黄先锋,https://live.iill.top/huya.php?id=23903196
妙手仁心,https://live.iill.top/huya.php?id=23829543
野蛮亲家,https://live.iill.top/huya.php?id=23863796
笑看风云,https://live.iill.top/huya.php?id=23865058
哆啦A梦,http://live.iill.top/huya.php?id=11601963
猫和老鼠,http://live.iill.top/huya.php?id=11352879
刘德华电影,http://live.iill.top/huya.php?id=11342424
辽宁教育青少,http://38.75.136.137:82/live1/jdtv2.m3u8?id=lnjy&usign=tnO5JvE7EOUNT8al6DLMiw
辽宁教育青少,http://38.75.136.137:82/live1/jdtv2.m3u8?id=lnjy&usign=tnO5JvE7EOUNT8al6DLMiw
辽宁教育青少,http://38.75.136.137:82/live2/bfgd.m3u8?id=4200000075&usign=tnO5JvE7EOUNT8al6DLMiw
辽宁生活,kdsvod://rtmphtml://http://v.91kds.com/b7/lnbdy.m3u8?id=lnsh&usign=tnO5JvE7EOUNT8al6DLMiw
辽宁生活,http://38.75.136.137:82/live1/jdtv2.m3u8?id=lnsh&usign=tnO5JvE7EOUNT8al6DLMiw
辽宁生活,http://38.75.136.137:82/live1/jdtv2.m3u8?id=lnsh&usign=tnO5JvE7EOUNT8al6DLMiw
辽宁生活,http://38.75.136.137:82/live2/bfgd.m3u8?id=4200000073&usign=tnO5JvE7EOUNT8al6DLMiw
辽宁公共,http://38.75.136.137:82/live1/lnsytv.m3u8?id=lngg&usign=tnO5JvE7EOUNT8al6DLMiw
辽宁公共,http://38.75.136.137:82/live1/jdtv2.m3u8?id=lngg&usign=tnO5JvE7EOUNT8al6DLMiw
辽宁公共,http://38.75.136.137:82/live1/jdtv2.m3u8?id=lngg&usign=tnO5JvE7EOUNT8al6DLMiw
辽宁公共,http://38.75.136.137:82/live2/bfgd.m3u8?id=4200000481&usign=tnO5JvE7EOUNT8al6DLMiw
辽宁公共,http://38.75.136.137:82/live2/bfgd.m3u8?id=4200000077&usign=tnO5JvE7EOUNT8al6DLMiw
辽宁北方,kdsvod://rtmphtml://http://v.91kds.com/b7/lnbdy.m3u8?id=lnbf&usign=tnO5JvE7EOUNT8al6DLMiw
辽宁北方,http://38.75.136.137:82/live1/jdtv2.m3u8?id=lnbf&usign=tnO5JvE7EOUNT8al6DLMiw
辽宁北方,http://38.75.136.137:82/live1/jdtv2.m3u8?id=lnbf&usign=tnO5JvE7EOUNT8al6DLMiw
辽宁北方,http://38.75.136.137:82/live2/bfgd.m3u8?id=4200000071&usign=tnO5JvE7EOUNT8al6DLMiw
辽宁移动电视,kdsvod://rtmphtml://http://v.91kds.com/b7/lnbdy.m3u8?id=lnyd&usign=tnO5JvE7EOUNT8al6DLMiw
辽宁移动电视,http://38.75.136.137:82/live1/jdtv2.m3u8?id=lnyd&usign=tnO5JvE7EOUNT8al6DLMiw
辽宁文化共享,http://38.75.136.137:82/live1/jdtv2.m3u8?id=lnwhgx&usign=tnO5JvE7EOUNT8al6DLMiw
辽宁导视,http://38.75.136.137:82/live2/bfgd.m3u8?id=4200000187&usign=tnO5JvE7EOUNT8al6DLMiw
家庭理财,kdsvod://rtmphtml://http://v.91kds.com/b7/lnbdy.m3u8?id=jtlc&usign=tnO5JvE7EOUNT8al6DLMiw
家庭理财,http://38.75.136.137:82/live2/bfgd.m3u8?id=4200000139&usign=tnO5JvE7EOUNT8al6DLMiw
家庭理财,http://38.75.136.137:82/live1/jdtv2.m3u8?id=jtlc&usign=tnO5JvE7EOUNT8al6DLMiw
家庭理财,http://38.75.136.137:82/live1/jdtv2.m3u8?id=jtlc&usign=tnO5JvE7EOUNT8al6DLMiw
新动漫,kdsvod://rtmphtml://http://v.91kds.com/b7/lnbdy.m3u8?id=xdm&usign=tnO5JvE7EOUNT8al6DLMiw
新动漫,http://38.75.136.137:82/live1/jdtv2.m3u8?id=xdm&usign=tnO5JvE7EOUNT8al6DLMiw
新动漫,http://38.75.136.137:82/live1/jdtv2.m3u8?id=xdm&usign=tnO5JvE7EOUNT8al6DLMiw
沈阳新闻,http://38.75.136.137:82/live1/lnsytv.m3u8?id=lnsyxw&usign=tnO5JvE7EOUNT8al6DLMiw
沈阳新闻,http://38.75.136.137:82/live1/jdtv2.m3u8?id=lnsyxw&usign=tnO5JvE7EOUNT8al6DLMiw
沈阳新闻,http://38.75.136.137:82/live2/bfgd.m3u8?id=4200000059&usign=tnO5JvE7EOUNT8al6DLMiw
大连新闻综合,http://38.75.136.137:82/live1/tidenew.m3u8?id=lndltv1&usign=tnO5JvE7EOUNT8al6DLMiw
大连新闻综合,http://38.75.136.137:82/live2/bfgd.m3u8?id=4200000273&usign=tnO5JvE7EOUNT8al6DLMiw
大连生活,http://38.75.136.137:82/live1/tidenew.m3u8?id=lndltv2&usign=tnO5JvE7EOUNT8al6DLMiw
大连文体,http://38.75.136.137:82/live1/tidenew.m3u8?id=lndltv4&usign=tnO5JvE7EOUNT8al6DLMiw
大连乐天购物,http://38.75.136.137:82/live1/tidenew.m3u8?id=lndltv8&usign=tnO5JvE7EOUNT8al6DLMiw
鞍山新闻综合,http://38.75.136.137:82/live2/bfgd.m3u8?id=4200000274&usign=tnO5JvE7EOUNT8al6DLMiw
本溪新闻频道,http://38.75.136.137:82/live2/bfgd.m3u8?id=4200000312&usign=tnO5JvE7EOUNT8al6DLMiw
锦州新闻综合,http://stream.jzgbdst.cn/1/sd/live.m3u8
锦州新闻综合,http://38.75.136.137:82/live2/bfgd.m3u8?id=4200000277&usign=tnO5JvE7EOUNT8al6DLMiw
锦州教育频道,http://stream.jzgbdst.cn/2/sd/live.m3u8
古天乐电影,http://live.iill.top/huya.php?id=29982675
李连杰电影,http://live.iill.top/huya.php?id=11342390
甄子丹电影,http://live.iill.top/huya.php?id=11352935
狄仁杰系列,http://live.iill.top/huya.php?id=30080229
沈腾电影,http://live.iill.top/huya.php?id=11601968
黄渤电影,http://live.iill.top/huya.php?id=11352876
强森电影,http://live.iill.top/huya.php?id=21059581
王晶电影,http://live.iill.top/huya.php?id=11602058
功夫电影,http://live.iill.top/huya.php?id=11352941
贺岁电影,http://live.iill.top/huya.php?id=11601986
雪豹,http://live.iill.top/huya.php?id=29580970
士兵突击,http://live.iill.top/huya.php?id=11342430
倚天屠龙记,http://live.iill.top/huya.php?id=11342403
铁齿铜牙纪晓岚,http://live.iill.top/huya.php?id=11342396
康熙王朝,http://live.iill.top/huya.php?id=11352940
鬼吹灯之精绝古城,http://live.iill.top/huya.php?id=11352871
鬼吹灯之怒晴湘西,http://live.iill.top/huya.php?id=11602075
鬼吹灯之龙岭迷窟,http://live.iill.top/huya.php?id=29465863
鬼吹灯之云南虫谷,http://live.iill.top/huya.php?id=11352898
楚汉骄雄,http://live.iill.top/huya.php?id=23740156
西游记1,http://live.iill.top/huya.php?id=23728660
西游记2,http://live.iill.top/huya.php?id=23735126
大唐双龙传,http://live.iill.top/huya.php?id=23728674
倚天屠龙记,http://live.iill.top/huya.php?id=23734246
刑事侦缉档案,http://live.iill.top/huya.php?id=23734169
法政先锋,http://live.iill.top/huya.php?id=23863804
陀枪师姐,http://live.iill.top/huya.php?id=23860039
使徒行者,http://live.iill.top/huya.php?id=23734256
鉴证实录,http://live.iill.top/huya.php?id=23903183
扫黄先锋,http://live.iill.top/huya.php?id=23903196
妙手仁心,http://live.iill.top/huya.php?id=23829543
野蛮亲家,http://live.iill.top/huya.php?id=23863796
笑看风云,http://live.iill.top/huya.php?id=23865058
哆啦A梦,https://live.iill.top/huya/11601963
猫和老鼠,https://live.iill.top/huya/11352879
喜羊羊与灰太狼,https://live.iill.top/huya/23865080
刘德华电影,https://live.iill.top/huya/11342424
古天乐电影,https://live.iill.top/huya/29982675
李连杰电影,https://live.iill.top/huya/11342390
甄子丹电影,https://live.iill.top/huya/11352935
狄仁杰系列,https://live.iill.top/huya/30080229
黄渤电影,https://live.iill.top/huya/11352876
王晶电影,https://live.iill.top/huya/11602058
功夫电影,https://live.iill.top/huya/11352941
贺岁电影,https://live.iill.top/huya/11601986
雪豹,https://live.iill.top/huya/29580970
士兵突击,https://live.iill.top/huya/11342430
倚天屠龙记,https://live.iill.top/huya/11342403
铁齿铜牙纪晓岚,https://live.iill.top/huya/11342396
康熙王朝,https://live.iill.top/huya/11352940
鬼吹灯之精绝古城,https://live.iill.top/huya/11352871
鬼吹灯之怒晴湘西,https://live.iill.top/huya/11602075
铁岭综合频道,rtmp://50461.lssplay.aodianyun.com/tv_radio_50461/tv_channel_2584?auth_key=4851316755-0-0-b486a4484293605b3d71486762b44b0a
铁岭综合频道,http://38.75.136.137:82/live2/bfgd.m3u8?id=4200000281&usign=tnO5JvE7EOUNT8al6DLMiw
盘锦新闻综合,http://38.75.136.137:82/live2/bfgd.m3u8?id=4200000283&usign=tnO5JvE7EOUNT8al6DLMiw
辽阳新闻综合,kdsvod://rtmphtml://http://v.91kds.com/b7/lnbdy.m3u8?id=lnlytv1&usign=tnO5JvE7EOUNT8al6DLMiw
辽阳新闻综合,http://38.75.136.137:82/live2/bfgd.m3u8?id=4200000280&usign=tnO5JvE7EOUNT8al6DLMiw
辽阳社会生活,kdsvod://rtmphtml://http://v.91kds.com/b7/lnbdy.m3u8?id=lnlytv2&usign=tnO5JvE7EOUNT8al6DLMiw
丹东新闻综合,http://38.75.136.137:82/live1/tianma.m3u8?ip=https://zhddapp.tianma3600.com&id=11&usign=tnO5JvE7EOUNT8al6DLMiw
丹东新闻综合,http://59.47.133.234:64230/live
丹东新闻综合,http://38.75.136.137:82/live2/bfgd.m3u8?id=4200000276&usign=tnO5JvE7EOUNT8al6DLMiw
丹东生活频道,http://59.47.133.234:64231/live
抚顺新闻综合,http://38.75.136.137:82/live2/bfgd.m3u8?id=4200000275&usign=tnO5JvE7EOUNT8al6DLMiw
抚顺教育频道,kdsvod://rtmphtml://http://v.91kds.com/b7/lnbdy.m3u8?id=lnfstv3&usign=tnO5JvE7EOUNT8al6DLMiw
营口新闻频道,kdsvod://rtmphtml://http://v.91kds.com/b7/lnbdy.m3u8?id=lnyktv1&usign=tnO5JvE7EOUNT8al6DLMiw
营口新闻频道,http://38.75.136.137:82/live2/bfgd.m3u8?id=4200000278&usign=tnO5JvE7EOUNT8al6DLMiw
营口辽河文化生活,kdsvod://rtmphtml://http://v.91kds.com/b7/lnbdy.m3u8?id=lnyktv2&usign=tnO5JvE7EOUNT8al6DLMiw
朝阳新闻综合,http://38.75.136.137:82/live2/lncytv.m3u8?id=lncytv1&usign=tnO5JvE7EOUNT8al6DLMiw
朝阳新闻综合,http://38.75.136.137:82/live2/bfgd.m3u8?id=4200000282&usign=tnO5JvE7EOUNT8al6DLMiw
朝阳教育频道,http://38.75.136.137:82/live2/lncytv.m3u8?id=lncytv2&usign=tnO5JvE7EOUNT8al6DLMiw
阜新新闻综合,http://38.75.136.137:82/live2/bfgd.m3u8?id=4200000279&usign=tnO5JvE7EOUNT8al6DLMiw
葫芦岛新闻综合,http://38.75.136.137:82/live2/bfgd.m3u8?id=4200000284&usign=tnO5JvE7EOUNT8al6DLMiw
法库新闻,kdsvod://rtmphtml://http://v.91kds.com/b7/lnbdy.m3u8?id=lnsyfk1&usign=tnO5JvE7EOUNT8al6DLMiw
新民时政频道,kdsvod://rtmphtml://http://v.91kds.com/b7/lnbdy.m3u8?id=lnsyxm1&usign=tnO5JvE7EOUNT8al6DLMiw
龙港综合,http://38.75.136.137:82/live2/bfgd.m3u8?id=4200000490&usign=tnO5JvE7EOUNT8al6DLMiw
连山综合,http://38.75.136.137:82/live2/bfgd.m3u8?id=4200000491&usign=tnO5JvE7EOUNT8al6DLMiw
兴城综合频道,kdsvod://rtmphtml://http://v.91kds.com/b7/lnbdy.m3u8?id=lnhldxc1&usign=tnO5JvE7EOUNT8al6DLMiw
彰武综合频道,kdsvod://rtmphtml://http://v.91kds.com/b7/lnbdy.m3u8?id=lnfxzw1&usign=tnO5JvE7EOUNT8al6DLMiw
昌图综合频道,kdsvod://rtmphtml://http://v.91kds.com/b7/lnbdy.m3u8?id=lntlct1&usign=tnO5JvE7EOUNT8al6DLMiw
开原综合,kdsvod://rtmphtml://http://v.91kds.com/b7/lnbdy.m3u8?id=lntlky1&usign=tnO5JvE7EOUNT8al6DLMiw
西丰综合频道,kdsvod://rtmphtml://http://v.91kds.com/b7/lnbdy.m3u8?id=lntlxf1&usign=tnO5JvE7EOUNT8al6DLMiw
调兵山综合,kdsvod://rtmphtml://http://v.91kds.com/b7/lnbdy.m3u8?id=lntldbs1&usign=tnO5JvE7EOUNT8al6DLMiw
金普新闻综合,http://38.75.136.137:82/live1/ady.m3u8?id=lndljp1&usign=tnO5JvE7EOUNT8al6DLMiw
鬼吹灯之龙岭迷窟,https://live.iill.top/huya/29465863
鬼吹灯之云南虫谷,https://live.iill.top/huya/11352898
乌龙闯情关,https://live.iill.top/huya/26355767
永夜星河,https://live.iill.top/huya/23734169
玫瑰的故事,https://live.iill.top/huya/23865142
梦中的那片海,https://live.iill.top/huya/26355765
唐诡之西行,https://live.iill.top/huya/26355763
楚汉骄雄,https://live.iill.top/huya/29465854
西游记1,https://live.iill.top/huya/23728660
西游记2,https://live.iill.top/huya/29465859
大唐双龙传,https://live.iill.top/huya/23728674
法政先锋,https://live.iill.top/huya/23863804
陀枪师姐,https://live.iill.top/huya/29465857
使徒行者,https://live.iill.top/huya/23734256
鉴证实录,https://live.iill.top/huya/23903183
扫黄先锋,https://live.iill.top/huya/29465855
妙手仁心,https://live.iill.top/huya/29465853
笑看风云,https://live.iill.top/huya/29465858
B站CS 2,https://live.iill.top/bilibili/21622811
虎牙CS 2,https://live.iill.top/huya/483917
B站英雄联盟,https://live.iill.top/bilibili/6
虎牙英雄联盟 𝟙,https://live.iill.top/huya/660000
虎牙英雄联盟 𝟚,https://live.iill.top/huya/660001
斗鱼英雄联盟 𝟙,https://live.iill.top/douyu/288016
斗鱼英雄联盟 𝟚,https://live.iill.top/douyu/424559
B站英雄联盟•手游,https://live.iill.top/bilibili/23138275
B站王者荣耀 𝟙,https://live.iill.top/bilibili/55
B站王者荣耀 𝟚,https://live.iill.top/bilibili/21654762
虎牙王者荣耀 𝟙,https://live.iill.top/huya/660002
虎牙王者荣耀 𝟚,https://live.iill.top/huya/660164
斗鱼王者荣耀 𝟙,https://live.iill.top/douyu/1863767
斗鱼王者荣耀 𝟚,https://live.iill.top/douyu/1984839
B站绝地求生,https://live.iill.top/bilibili/98
虎牙绝地求生 𝟙,https://live.iill.top/huya/660004
虎牙绝地求生 𝟚,https://live.iill.top/huya/660005
斗鱼绝地求生,https://live.iill.top/douyu/100
虎牙和平精英,https://live.iill.top/huya/660006
斗鱼和平精英,https://live.iill.top/douyu/999
虎牙金铲铲之战,https://live.iill.top/huya/660579
金普生活服务,http://38.75.136.137:82/live1/ady.m3u8?id=lndljp2&usign=tnO5JvE7EOUNT8al6DLMiw
庄河综合频道,kdsvod://rtmphtml://http://v.91kds.com/b7/lnbdy.m3u8?id=lndlzh1&usign=tnO5JvE7EOUNT8al6DLMiw
庄河综合频道,http://223.100.166.184:9090/hls/5T8gO1SYg/index.m3u8
瓦房店新闻综合,kdsvod://rtmphtml://http://v.91kds.com/b7/lnbdy.m3u8?id=lndlwfd1&usign=tnO5JvE7EOUNT8al6DLMiw
北票新闻综合,kdsvod://rtmphtml://http://v.91kds.com/b7/lnbdy.m3u8?id=lncybp1&usign=tnO5JvE7EOUNT8al6DLMiw
朝阳县综合,kdsvod://rtmphtml://http://v.91kds.com/b7/lnbdy.m3u8?id=lncycy1&usign=tnO5JvE7EOUNT8al6DLMiw
大洼综合频道,https://cp.dawawg.com/live/dawatv/hls.m3u8
东港新东港,kdsvod://rtmphtml://http://v.91kds.com/b7/lnbdy.m3u8?id=lndddg2&usign=tnO5JvE7EOUNT8al6DLMiw
宽甸综合频道,kdsvod://rtmphtml://http://v.91kds.com/b7/lnbdy.m3u8?id=lnddkd1&usign=tnO5JvE7EOUNT8al6DLMiw
清原综合频道,kdsvod://rtmphtml://http://v.91kds.com/b7/lnbdy.m3u8?id=lnfsqy1&usign=tnO5JvE7EOUNT8al6DLMiw
内蒙古蒙语,http://38.75.136.137:82/live1/xuexi.m3u8?id=nmmy&usign=tnO5JvE7EOUNT8al6DLMiw
内蒙古蒙语,http://play1-qk.nmtv.cn/live/1686560387346365.m3u8
内蒙古蒙语,http://38.75.136.137:82/live1/xuexi1.m3u8?id=nmmy&usign=tnO5JvE7EOUNT8al6DLMiw
内蒙古蒙语,https://livestream-bt.nmtv.cn/nmtv/2315general.m3u8?txSecret=4971666599ef9411629213c9a300bf66&txTime=771EF880
内蒙古蒙语,http://38.75.136.137:82/live2/nmtv.m3u8?id=nmmy&usign=tnO5JvE7EOUNT8al6DLMiw
内蒙古蒙语,http://38.75.136.137:82/live1/jdtv2.m3u8?id=nmmy&usign=tnO5JvE7EOUNT8al6DLMiw
内蒙古蒙语,http://38.75.136.137:82/live1/jdtv2.m3u8?id=nmmy&usign=tnO5JvE7EOUNT8al6DLMiw
内蒙古新闻综合,http://play1-qk.nmtv.cn/live/1686560423879174.m3u8
内蒙古新闻综合,https://livestream-bt.nmtv.cn/nmtv/2316general.m3u8?txSecret=b4373417a82ed64e52b0982a66da8df2&txTime=771E8800
内蒙古新闻综合,http://38.75.136.137:82/live2/nmtv.m3u8?id=nmxw&usign=tnO5JvE7EOUNT8al6DLMiw
内蒙古新闻综合,http://38.75.136.137:82/live1/jdtv2.m3u8?id=nmxw&usign=tnO5JvE7EOUNT8al6DLMiw
内蒙古新闻综合,http://38.75.136.137:82/live1/jdtv2.m3u8?id=nmxw&usign=tnO5JvE7EOUNT8al6DLMiw
内蒙古文体娱乐,http://play1-qk.nmtv.cn/live/1686561195713372.m3u8
内蒙古文体娱乐,https://livestream-bt.nmtv.cn/nmtv/2319general.m3u8?txSecret=c7b5c515d2bb6df442492d54955329a3&txTime=771E8800
内蒙古文体娱乐,http://38.75.136.137:82/live2/nmtv.m3u8?id=nmwt&usign=tnO5JvE7EOUNT8al6DLMiw
内蒙古文体娱乐,http://38.75.136.137:82/live1/jdtv2.m3u8?id=nmwt&usign=tnO5JvE7EOUNT8al6DLMiw
内蒙古文体娱乐,http://38.75.136.137:82/live1/jdtv2.m3u8?id=nmwt&usign=tnO5JvE7EOUNT8al6DLMiw
内蒙古经济生活,http://play1-qk.nmtv.cn/live/1686562470947181.m3u8
内蒙古经济生活,https://livestream-bt.nmtv.cn/nmtv/2317general.m3u8?txSecret=112b2c4c872de52b0f37aff6ead63ef0&txTime=771E8800
内蒙古经济生活,http://38.75.136.137:82/live2/nmtv.m3u8?id=nmjj&usign=tnO5JvE7EOUNT8al6DLMiw
内蒙古经济生活,http://38.75.136.137:82/live1/jdtv2.m3u8?id=nmjj&usign=tnO5JvE7EOUNT8al6DLMiw
内蒙古经济生活,http://38.75.136.137:82/live1/jdtv2.m3u8?id=nmjj&usign=tnO5JvE7EOUNT8al6DLMiw
内蒙古农牧频道,http://play1-qk.nmtv.cn/live/1686561299036179.m3u8
内蒙古农牧频道,https://livestream-bt.nmtv.cn/nmtv/2320general.m3u8?txSecret=4d368a175afa19737a9f5be10af24fe2&txTime=771E8800
内蒙古农牧频道,http://38.75.136.137:82/live2/nmtv.m3u8?id=nmys&usign=tnO5JvE7EOUNT8al6DLMiw
内蒙古农牧频道,http://38.75.136.137:82/live1/jdtv2.m3u8?id=nmys&usign=tnO5JvE7EOUNT8al6DLMiw
内蒙古农牧频道,http://38.75.136.137:82/live1/jdtv2.m3u8?id=nmys&usign=tnO5JvE7EOUNT8al6DLMiw
内蒙古少儿频道,http://play1-qk.nmtv.cn/live/1686560464515368.m3u8
内蒙古少儿频道,https://livestream-bt.nmtv.cn/nmtv/2318general.m3u8?txSecret=a2c948908728a0733cecbe1fadea23dc&txTime=771E8800
内蒙古少儿频道,http://38.75.136.137:82/live2/nmtv.m3u8?id=nmse&usign=tnO5JvE7EOUNT8al6DLMiw
内蒙古少儿频道,http://38.75.136.137:82/live1/jdtv2.m3u8?id=nmse&usign=tnO5JvE7EOUNT8al6DLMiw
斗鱼金铲铲之战,https://live.iill.top/douyu/9715241
虎牙DOTA2,https://live.iill.top/huya/660118
斗鱼DOTA2,https://live.iill.top/douyu/3811559
斗鱼云顶之弈,https://live.iill.top/douyu/522423
虎牙永劫无间,https://live.iill.top/huya/660115
斗鱼永劫无间,https://live.iill.top/huya/9662891
B站使命召唤•手游,https://live.iill.top/bilibili/22741849
虎牙使命召唤•手游,https://live.iill.top/huya/11718629
斗鱼使命召唤•手游,https://live.iill.top/douyu/9223245
虎牙穿越火线,https://live.iill.top/huya/660101
斗鱼穿越火线 𝟙,https://live.iill.top/douyu/605964
斗鱼穿越火线 𝟚,https://live.iill.top/douyu/5388537
虎牙穿越火线•手游,https://live.iill.top/huya/660102
B站第五人格,https://live.iill.top/bilibili/5555
虎牙第五人格,https://live.iill.top/huya/idvesports
斗鱼第五人格,https://live.iill.top/douyu/3226194
虎牙逆战,https://live.iill.top/huya/nsl2021
B站无畏契约,https://live.iill.top/bilibili/22908869
虎牙无畏契约,https://live.iill.top/huya/660679
斗鱼无畏契约,https://live.iill.top/douyu/4585645
斗鱼原神,https://live.iill.top/douyu/10853239
B站QQ飞车•手游,https://live.iill.top/bilibili/21743919
斗鱼QQ飞车•手游,https://live.iill.top/douyu/5040227
斗鱼梦幻西游·手游,https://live.iill.top/huya/9163712
斗鱼街霸,https://live.iill.top/huya/11437
B站JJ斗地主,https://live.iill.top/bilibili/22021983
斗鱼JJ斗地主,https://live.iill.top/douyu/488743
斗鱼我的世界,https://live.iill.top/douyu/738878
斗鱼FIFA,https://live.iill.top/douyu/7692166
斗鱼火影忍者,https://live.iill.top/douyu/1997723
斗鱼跑跑卡丁车,https://live.iill.top/douyu/7722576
斗鱼跑跑卡丁车•手游,https://live.iill.top/douyu/6672862
内蒙古少儿频道,http://38.75.136.137:82/live1/jdtv2.m3u8?id=nmse&usign=tnO5JvE7EOUNT8al6DLMiw
内蒙古文化频道,http://play1-qk.nmtv.cn/live/1686561065304370.m3u8
内蒙古文化频道,https://livestream-bt.nmtv.cn/nmtv/2321general.m3u8?txSecret=d9d0fd7a252ef56b515c46a2e21830f4&txTime=771E8800
内蒙古文化频道,http://38.75.136.137:82/live2/nmtv.m3u8?id=nmwh&usign=tnO5JvE7EOUNT8al6DLMiw
内蒙古文化频道,http://38.75.136.137:82/live1/jdtv2.m3u8?id=nmwh&usign=tnO5JvE7EOUNT8al6DLMiw
内蒙古文化频道,http://38.75.136.137:82/live1/jdtv2.m3u8?id=nmwh&usign=tnO5JvE7EOUNT8al6DLMiw
内蒙古足球频道,http://nmglive.imfc.cn/5n1r1c/182396.m3u8
呼和浩特新闻综合,http://play1-qk.nmtv.cn/live/1735545967595013.m3u8
呼和浩特新闻综合,https://livestream-bt.nmtv.cn/nmtv/2331general.m3u8?txSecret=4d7342ca5cd74480526ab6d292247aff&txTime=771E8800
呼和浩特新闻综合,https://ltech.0471tv.org.cn:8088/xwzh/xinwenzonghe.m3u8
呼和浩特新闻综合,http://38.75.136.137:82/live2/nmtv.m3u8?id=nmhhht1&usign=tnO5JvE7EOUNT8al6DLMiw
呼和浩特影视娱乐,https://ltech.0471tv.org.cn:8088/ysyl/yingshiyule.m3u8
鄂尔多斯新闻综合,http://play1-qk.nmtv.cn/live/1735546299241021.m3u8
鄂尔多斯新闻综合,https://livestream-bt.nmtv.cn/nmtv/2349general.m3u8?txSecret=e44477052aba305cadeea45aaf1c674a&txTime=771E8800
鄂尔多斯新闻综合,https://live.nxw.org.cn/lsdream/h2mxgj4/1000/live.m3u8
鄂尔多斯新闻综合,http://38.75.136.137:82/live2/nmtv.m3u8?id=nmetv1&usign=tnO5JvE7EOUNT8al6DLMiw
鄂尔多斯经济服务,https://live.nxw.org.cn/lsdream/ogvfqcp/1000/live.m3u8
鄂尔多斯蒙语综合,https://live.nxw.org.cn/lsdream/3lZr8dK/1000/live.m3u8
包头新闻综合,http://play1-qk.nmtv.cn/live/1735546150395017.m3u8
包头新闻综合,https://livestream-bt.nmtv.cn/nmtv/2358general.m3u8?txSecret=98390a77c143a68f0fd64bfe6e181dcb&txTime=771E8800
包头新闻综合,http://live.btgdt.com/channels/btgd/xwzh/m3u8:500k/live.m3u8
包头新闻综合,http://38.75.136.137:82/live2/nmtv.m3u8?id=nmbttv1&usign=tnO5JvE7EOUNT8al6DLMiw
包头新闻综合,http://38.75.136.137:82/live1/jdtv2.m3u8?id=nmbttv1&usign=tnO5JvE7EOUNT8al6DLMiw
包头新闻综合,http://38.75.136.137:82/live1/jdtv2.m3u8?id=nmbttv1&usign=tnO5JvE7EOUNT8al6DLMiw
包头生活服务,http://38.75.136.137:82/live1/jdtv2.m3u8?id=nmbttv2&usign=tnO5JvE7EOUNT8al6DLMiw
包头生活服务,http://38.75.136.137:82/live1/jdtv2.m3u8?id=nmbttv2&usign=tnO5JvE7EOUNT8al6DLMiw
包头经济频道,http://38.75.136.137:82/live1/jdtv2.m3u8?id=nmbttv3&usign=tnO5JvE7EOUNT8al6DLMiw
包头经济频道,http://38.75.136.137:82/live1/jdtv2.m3u8?id=nmbttv3&usign=tnO5JvE7EOUNT8al6DLMiw
赤峰新闻综合,http://play1-qk.nmtv.cn/live/1735546697341033.m3u8
赤峰新闻综合,https://livestream-bt.nmtv.cn/nmtv/2351general.m3u8?txSecret=8857087aeec2cec44d178a18550fdb8a&txTime=771E8800
赤峰新闻综合,http://38.75.136.137:82/live2/nmtv.m3u8?id=nmcftv1&usign=tnO5JvE7EOUNT8al6DLMiw
兴安新闻综合,http://play1-qk.nmtv.cn/live/1735546886977046.m3u8
兴安新闻综合,https://livestream-bt.nmtv.cn/nmtv/2357general.m3u8?txSecret=9fa7524fa6e7380395e4a7a91bd3bcc8&txTime=771E8800
兴安新闻综合,http://38.75.136.137:82/live2/nmtv.m3u8?id=nmxatv1&usign=tnO5JvE7EOUNT8al6DLMiw
通辽新闻综合,http://play1-qk.nmtv.cn/live/1735546745882037.m3u8
通辽新闻综合,https://livestream-bt.nmtv.cn/nmtv/2353general.m3u8?txSecret=96a2008eff039ef4ad07179e367b838b&txTime=771E8800
通辽新闻综合,http://38.75.136.137:82/live2/nmtv.m3u8?id=nmtltv1&usign=tnO5JvE7EOUNT8al6DLMiw
呼伦贝尔新闻综合,http://play1-qk.nmtv.cn/live/1735546791130040.m3u8
呼伦贝尔新闻综合,http://live.hrtonline.cn/hls/live001.m3u8
呼伦贝尔新闻综合,https://livestream-bt.nmtv.cn/nmtv/2356general.m3u8?txSecret=ff186bf3aac1022cd17068bcc0c78414&txTime=771E8800
呼伦贝尔新闻综合,http://live.hrtonline.cn/flv/live/live001.flv
呼伦贝尔新闻综合,http://38.75.136.137:82/live2/nmtv.m3u8?id=nmhlbe1&usign=tnO5JvE7EOUNT8al6DLMiw
呼伦贝尔文化旅游,http://live.hrtonline.cn/hls/live002.m3u8
呼伦贝尔文化旅游,http://live.hrtonline.cn/flv/live/live002.flv
呼伦贝尔生活资讯,http://live.hrtonline.cn/hls/live003.m3u8
呼伦贝尔生活资讯,http://live.hrtonline.cn/flv/live/live003.flv
巴彦淖尔新闻综合,http://play1-qk.nmtv.cn/live/1735546423467029.m3u8
巴彦淖尔新闻综合,https://livestream-bt.nmtv.cn/nmtv/2348general.m3u8?txSecret=6a4ddce077e41b976fe33619fbef2b30&txTime=771E8800
巴彦淖尔新闻综合,http://38.75.136.137:82/live2/nmtv.m3u8?id=nmbyne1&usign=tnO5JvE7EOUNT8al6DLMiw
巴彦淖尔经济生活,http://38.75.136.137:82/live1/tianma.m3u8?ip=nmbyne&id=12&usign=tnO5JvE7EOUNT8al6DLMiw
阿拉善新闻综合,http://play1-qk.nmtv.cn/live/1735547046115053.m3u8
阿拉善新闻综合,https://livestream-bt.nmtv.cn/nmtv/2347general.m3u8?txSecret=7516318a05754a7c1513eb01e1c66b77&txTime=771E8800
阿拉善新闻综合,http://38.75.136.137:82/live2/nmtv.m3u8?id=nmals1&usign=tnO5JvE7EOUNT8al6DLMiw
乌兰察布新闻综合,http://play1-qk.nmtv.cn/live/1735546836103043.m3u8
乌兰察布新闻综合,https://livestream-bt.nmtv.cn/nmtv/2354general.m3u8?txSecret=cf5f71d0000862b18f5813607b3dfd5b&txTime=771E8800
乌兰察布新闻综合,http://222.74.233.6/xwzhpd/sd/live.m3u8
乌兰察布新闻综合,http://38.75.136.137:82/live2/nmtv.m3u8?id=nmwlcb1&usign=tnO5JvE7EOUNT8al6DLMiw
乌兰察布经济生活,http://222.74.233.6/jjshpd/sd/live.m3u8
乌海新闻综合,http://play1-qk.nmtv.cn/live/1735546358166026.m3u8
橙子 弹幕看剧坊,https://www.goodiptv.club/douyu/4549169
[奇光]喜剧点播剧场,https://www.goodiptv.club/douyu/8009547
林正英【久久】下饭电视剧,https://www.goodiptv.club/douyu/8371123
【贝贝】武汉丫头陪你一起看剧啦~,https://www.goodiptv.club/douyu/431460
哥几个又来看美女了啊,上头了上头了哈,https://www.goodiptv.club/douyu/11824307
【酷炫短剧场】全网热播短剧,https://www.goodiptv.club/douyu/36337
❄️憨宝❄️陪你重刷[经典热剧],https://www.goodiptv.club/douyu/434971
【蓝斡】弹幕天国,https://www.goodiptv.club/douyu/5908256
(小屁）林正英,鬼片，恐怖片，护你,https://www.goodiptv.club/douyu/6906628
【奇光】林正英,僵尸，鬼片 24H,https://www.goodiptv.club/douyu/11849873
（小屁）喜剧剧场,https://www.goodiptv.club/douyu/11851549
【蓝斡】。,https://www.goodiptv.club/douyu/7459925
【女神金】沙发分你一半,一起来追剧,https://www.goodiptv.club/douyu/747764
【弹幕天国】,https://www.goodiptv.club/douyu/12463728
【冰冰冰冰】平安顺遂~~,https://www.goodiptv.club/douyu/74374
LR1245的直播间,https://www.goodiptv.club/douyu/12534632
欢迎来到比基尼海滩,https://www.goodiptv.club/douyu/12400977
【神 剧】的直播间,https://www.goodiptv.club/douyu/3439096
任志飞的直播间,https://www.goodiptv.club/douyu/12501387
【RM-点播】点播模式-24H欢乐不断,https://www.goodiptv.club/douyu/131977
元芳到底看不看,https://www.goodiptv.club/douyu/6027991
斗鱼音乐MV频道（自助点播）,https://www.goodiptv.club/douyu/3870925
【神 剧】,https://www.goodiptv.club/douyu/5875025
【惬匪】技术学院,https://www.goodiptv.club/douyu/922564
乌海新闻综合,https://livestream-bt.nmtv.cn/nmtv/2355general.m3u8?txSecret=c623c5c66e83e43b566ebe90f49c4b06&txTime=771E8800
乌海新闻综合,http://live.wuhainews.org.cn/xwzh/sd/live.m3u8
乌海新闻综合,http://38.75.136.137:82/live2/nmtv.m3u8?id=nmwhtv1&usign=tnO5JvE7EOUNT8al6DLMiw
乌海都市生活,http://live.wuhainews.org.cn/dssh/sd/live.m3u8
锡林郭勒盟一套,http://play1-qk.nmtv.cn/live/1735546994821050.m3u8
锡林郭勒盟一套,https://livecdnpull.xlglrbw.org.cn/live/tvzhpd.m3u8
锡林郭勒盟一套,https://livestream-bt.nmtv.cn/nmtv/2346general.m3u8?txSecret=4917fb7aee368c8f4d8099847182a791&txTime=771E8800
锡林郭勒盟一套,http://38.75.136.137:82/live2/nmtv.m3u8?id=nmxlgl1&usign=tnO5JvE7EOUNT8al6DLMiw
杭锦电视台,http://38.75.136.137:82/live1/xinhua.m3u8?id=nmhjtv1&usign=tnO5JvE7EOUNT8al6DLMiw
达茂综合频道,http://pili-live-hls.nmgapp12019.sobeylive.com/nmgapp12019/live170528902231903.m3u8
达茂综合频道,http://38.75.136.137:82/live1/tianma.m3u8?ip=yxdm.nmgcyy.com.cn&id=12&usign=tnO5JvE7EOUNT8al6DLMiw
宁城综合频道,http://111.56.77.43:38080/hls/1cd66c2b4b0844f09593f5b3fa29f60d/index.m3u8
元宝山综合,http://l2yx82zv.live2.danghongyun.com/live/hls/8be0890a1b0c4d7aaf80b51ea8646682/5a8988f5ecc64986a19aa9b6b3a052a6.m3u8
伊金霍洛综合,https://cms-play.yjhlnews.cn/live/vedio.m3u8?auth_key=1722251660-0-0-72a94f54877cc3d41d7fbd352caa5b2e
奈曼旗电视台,https://pili-live-hls-nmgapp12019.sobeylive.com/nmgapp12019/live170021062141421.m3u8
奈曼旗电视台,http://38.75.136.137:82/live1/tianma.m3u8?ip=nmqrmt.nmgcyy.com.cn&id=2&usign=tnO5JvE7EOUNT8al6DLMiw
准格尔旗电视台,http://pili-live-hls-nmgapp12019.sobeylive.com/nmgapp12019/live171964822753116.m3u8
准格尔旗电视台,http://38.75.136.137:82/live1/tianma.m3u8?ip=zge.nmgcyy.com.cn&id=25&usign=tnO5JvE7EOUNT8al6DLMiw
鄂托克旗电视台,http://live.zcznbj.cn/hls/F509Rh7GR/F509Rh7GR_live.m3u8
阿荣旗电视台,http://38.75.136.137:82/live1/polyv.m3u8?id=nmarq1&usign=tnO5JvE7EOUNT8al6DLMiw
鄂温克电视台,http://pili-live-hls.nmgapp12019.sobeylive.com/nmgapp12019/live169742765819039.m3u8
鄂温克电视台,http://38.75.136.137:82/live1/tianma.m3u8?ip=ewkrm.nmgcyy.com.cn&id=12&usign=tnO5JvE7EOUNT8al6DLMiw
满洲里电视,http://38.75.136.137:82/live2/nmtv.m3u8?id=nmmzl1&usign=tnO5JvE7EOUNT8al6DLMiw
额济纳旗电视,http://38.75.136.137:82/live1/tianma.m3u8?ip=alsejn.nmgcyy.com.cn&id=12&usign=tnO5JvE7EOUNT8al6DLMiw
额济纳旗电视,http://pili-live-hls.nmgapp12019.sobeylive.com/nmgapp12019/live167081213259277.m3u8
二连浩特电视,http://38.75.136.137:82/live2/nmtv.m3u8?id=nmelht1&usign=tnO5JvE7EOUNT8al6DLMiw
宁夏公共,https://hls.ningxiahuangheyun.com/live/nxgg1M.m3u8
宁夏公共,https://livepgc.cmc.ningxiahuangheyun.com/tv/nxgg.m3u8
宁夏经济,http://38.75.136.137:82/live1/nxtv.m3u8?id=nxjj&usign=tnO5JvE7EOUNT8al6DLMiw
宁夏经济,https://hls.ningxiahuangheyun.com/live/nxjj1M.m3u8
宁夏经济,https://livepgc.cmc.ningxiahuangheyun.com/tv/nxjj.m3u8
宁夏少儿,https://publiclive.cmc.ningxiahuangheyun.com/tv/52afa3fa027cbbd0a24a34b268589400.m3u8
银川生活,http://play-sh13.quklive.com/live/1667883987087179.m3u8?auth_key=2015914201-e789f4bf87944ac98fc8e0c712232434-0-474d2b458436091b7c92eb893b9561f0
【经典剧场】经典武侠 动作 老剧你懂的,https://www.goodiptv.club/douyu/4246519
家有诳子  不败其家,https://www.goodiptv.club/douyu/6911044
【弹幕天国】新蓝斡,https://www.goodiptv.club/douyu/12210085
正常开播,欢迎欢迎,https://www.goodiptv.club/douyu/319576
【超清1】经典港剧天地,https://www.goodiptv.club/douyu/4290711
晓葵动漫花园o(❁´◡`❁)o,https://www.goodiptv.club/douyu/426517
胡八一 ：胖子促发剧情,https://www.goodiptv.club/douyu/5635000
❄️【经典】 ❄️,https://www.goodiptv.club/douyu/6091425
懒猫 美食家 点播,https://www.goodiptv.club/douyu/260322
【超清2】热门港剧天地,https://www.goodiptv.club/douyu/5522351
港剧:祝大家新年快乐,https://www.goodiptv.club/douyu/5061550
范闲：第二部什么时候出？,https://www.goodiptv.club/douyu/7812810
【萌小鬼】剧,https://www.goodiptv.club/douyu/3928
【顺才少爷】国语经典,https://www.goodiptv.club/douyu/10084875
金庸经典播放,点关注不迷路,https://www.goodiptv.club/douyu/12128227
【超清3】人气港剧天地,https://www.goodiptv.club/douyu/5261342
【倍速播放】快乐会加倍,https://www.goodiptv.club/douyu/4105989
原版配音🐯许三多 迷茫必看🐯,https://www.goodiptv.club/douyu/10348728
【米尼影院】经典电视剧,https://www.goodiptv.club/douyu/7642724
❄️奶虫❄️剧场~聚场~花式剧,https://www.goodiptv.club/douyu/263824
一起陪伴我们成长的神剧,https://www.goodiptv.club/douyu/1006179
经典神剧,https://www.goodiptv.club/douyu/508118
大星与海绵方块,https://www.goodiptv.club/douyu/3949681
❄️新三国老三国⚔️鼎之轻重,何以问乎？,https://www.goodiptv.club/douyu/12253936
【阿七点歌台】MV 热歌 经典 流行,https://www.goodiptv.club/douyu/3186217
(三国）桧源结义,https://www.goodiptv.club/douyu/12180551
还有一件事,https://www.goodiptv.club/douyu/2287949
【动漫】超燃 怀旧 经典,https://www.goodiptv.club/douyu/1174353
【静静】经典影视剧 MV,https://www.goodiptv.club/douyu/5668371
熟悉的她来了,https://www.goodiptv.club/douyu/8231658
今天咱们吃一顿好的,持续更新..,https://www.goodiptv.club/douyu/7107176
燕双鹰·下饭专场：我赌你碗里没菜,https://www.goodiptv.club/douyu/11931032
全网最清晰林正英僵尸道长,https://www.goodiptv.club/douyu/7356023
刘星：像超人一样自由自在天空自由飞翔,https://www.goodiptv.club/douyu/11827530
傲娇的超级赛亚人的直播间,https://www.goodiptv.club/douyu/4373285
一起看欢乐时光经典剧场,https://www.goodiptv.club/douyu/755851
【电视剧】本直播间由天使点播提供技术支持,https://www.goodiptv.club/douyu/7623292
✨爱你孤身走暗巷爱你不跪的模样✨,https://www.goodiptv.club/douyu/7528160
【Hunter】动漫 热血 老贼 冒险,https://www.goodiptv.club/douyu/6610883
【粤语电影】吴孟达 达叔 周星驰 经典,https://www.goodiptv.club/douyu/1226741
❄️下饭神剧❄️,https://www.goodiptv.club/douyu/3700024
听听123456789,https://www.goodiptv.club/douyu/7039598
传位于李德全,https://www.goodiptv.club/douyu/12130861
【胡胡椒粉的胡歌】 你清高,你了不起,https://www.goodiptv.club/douyu/5448413
[弟弟疼][粤语][西片]钟意啱完唔松,https://www.goodiptv.club/douyu/8912325
❄️女团社⚔️最新舞蹈MV音乐演唱会舞台,https://www.goodiptv.club/douyu/11327316
【小贝壳】小闲闲 小年糕（高帧率）,https://www.goodiptv.club/douyu/329876
草帽一伙海盗团的直播间,https://www.goodiptv.club/douyu/997925
SeeYa60688的直播间,https://www.goodiptv.club/douyu/12401098
【西关大陆】粤语学习,https://www.goodiptv.club/douyu/11878141
斗鱼直播圈,https://www.goodiptv.club/douyu/4654883
【李小龙】以无法为有法,以无限为有限,https://www.goodiptv.club/douyu/8721095
【金庸武侠】致敬经典,https://www.goodiptv.club/douyu/9285904
〰️❄️胡一菲⚔️〰️问就是停电了,https://www.goodiptv.club/douyu/6863367
银川生活,http://38.75.136.137:82/live1/qklive.m3u8?id=nxycsh&usign=tnO5JvE7EOUNT8al6DLMiw
银川公共,http://play-sh13.quklive.com/live/1667883943560053.m3u8?auth_key=2015914283-08371389613b4c0ea3c6dff651dc7342-0-532f80aa10dc71b9376a1f0f37975064
银川公共,http://38.75.136.137:82/live1/qklive.m3u8?id=nxycgg&usign=tnO5JvE7EOUNT8al6DLMiw
银川文体,http://play-sh13.quklive.com/live/1667884025738071.m3u8?auth_key=2015914252-03486acd5e3b46648af6c4c84f7a411c-0-ad0d9bc275c37555f8220045d23af678
银川文体,http://38.75.136.137:82/live1/qklive.m3u8?id=nxycwt&usign=tnO5JvE7EOUNT8al6DLMiw
石嘴山综合,https://pili-live-hls-jrszs.szsnews.com/jrszs/zhpd.m3u8
石嘴山公共,https://pili-live-hls-jrszs.szsnews.com/jrszs/ggpd.m3u8
吴忠综合,http://live.kanwz.net/zhpd/sd/live.m3u8
吴忠公共,http://live.kanwz.net/ggpd/sd/live.m3u8
中宁综合频道,https://hls.ningxiahuangheyun.com/live/znzh.m3u8
安多卫视,http://38.75.136.137:82/live1/xuexi1.m3u8?id=qhzy&usign=tnO5JvE7EOUNT8al6DLMiw
安多卫视,http://stream.qhbtv.com/adws/sd/live.m3u8
安多卫视,http://38.75.136.137:82/live1/xuexi.m3u8?id=qhzy&usign=tnO5JvE7EOUNT8al6DLMiw
安多卫视,http://38.75.136.137:82/live1/jdtv2.m3u8?id=qhzy&usign=tnO5JvE7EOUNT8al6DLMiw
西宁新闻综合,https://liveout.xntv.tv/a65jur/96iln2.m3u8
西宁新闻综合,http://cm-wshls.homecdn.com/live/5a296.dlv
西宁新闻综合,http://dtrmlive.qhdtrm.cn/xnds/sd/live.m3u8
西宁新闻综合,http://cm-wshls.homecdn.com/live/5a296.m3u8
西宁生活服务,https://liveout.xntv.tv/a65jur/90p2i1.m3u8
西宁生活服务,http://cm-wshls.homecdn.com/live/147f4.flv
西宁生活服务,http://cm-wshls.homecdn.com/live/147f4.m3u8
海东综合频道,https://tv.hdhhy.cn/live/hdtv.m3u8
海南州综合频道,http://111.12.201.10:8091/0.m3u8
海西州综合频道,http://stream.haixitv.cn/1/sd/live.m3u8
果洛综合,http://111.44.214.34:8066/0.m3u8
黄南州综合,http://111.12.218.74:8081/live/ch0.m3u8
囊谦综合,http://pili-live-hls-qhnqapp2020.sobeylive.com/qhnqapp2020/qhnqtv01.m3u8
大通综合,http://dtrmlive.qhdtrm.cn/testpush/sd/live.m3u8
湟源综合,http://livecdn.dmqhyadmin.com/hls/xjhuangyuan.m3u8
湟中综合,http://livecdn.dmqhyadmin.com/hls/xjhuangzhong.m3u8
都兰电视台,http://livecdn.dmqhyadmin.com/hls/xjdulan.m3u8
德令哈综合,http://livecdn.dmqhyadmin.com/hls/xjdelingha.m3u8
门源综合,http://livecdn.dmqhyadmin.com/hls/xjmenyuan.m3u8
祁连综合,http://livecdn.dmqhyadmin.com/hls/xjqilian.m3u8
贵南综合,http://livecdn.dmqhyadmin.com/hls/xjguinan.m3u8
同德电视台,https://lived.dmqhyadmin.com/tdtv/sd/live.m3u8
兴海县广播电视台,https://lived.dmqhyadmin.com/xhzhpd/sd/live.m3u8
化隆综合,http://livecdn.dmqhyadmin.com/hls/xjhualong.m3u8
互助综合,http://livecdn.dmqhyadmin.com/hls/xjhuzhu.m3u8
民和综合,http://livecdn.dmqhyadmin.com/hls/xjminhe.m3u8
玛沁综合,http://livecdn.dmqhyadmin.com/hls/xjmaqin.m3u8
农林卫视,http://38.75.136.137:82/live2/bfgd.m3u8?id=4200000122&usign=tnO5JvE7EOUNT8al6DLMiw
农林卫视,http://38.75.136.137:82/live1/jdtv2.m3u8?id=snnl&usign=tnO5JvE7EOUNT8al6DLMiw
农林卫视,http://38.75.136.137:82/live1/jdtv2.m3u8?id=snnl&usign=tnO5JvE7EOUNT8al6DLMiw
陕西新闻资讯,http://38.75.136.137:82/live1/jdtv2.m3u8?id=sntv1&usign=tnO5JvE7EOUNT8al6DLMiw
陕西都市青春,http://38.75.136.137:82/live1/jdtv2.m3u8?id=sntv2&usign=tnO5JvE7EOUNT8al6DLMiw
陕西银龄频道,http://38.75.136.137:82/live1/jdtv2.m3u8?id=sntv3&usign=tnO5JvE7EOUNT8al6DLMiw
陕西秦腔频道,http://38.75.136.137:82/live1/jdtv2.m3u8?id=sntv5&usign=tnO5JvE7EOUNT8al6DLMiw
陕西乐家购物,http://tvplay.lejogo.com/sxtv6/cnwest.m3u8?auth_token=1909756800-20226157-2022618-ff6b71f2cbc1c9b95d91af67b1bac497
曾小贤你听不听第四季,https://www.goodiptv.club/douyu/9586235
曾小贤第一集你看不看,https://www.goodiptv.club/douyu/11720507
外表看似小孩,智慧却过于常人,https://www.goodiptv.club/douyu/6484910
❄️曾小贤第二季的故事⚔️,https://www.goodiptv.club/douyu/920389
洞蜜园·粤语港剧,https://www.goodiptv.club/douyu/6588759
✅Three King✅我二弟天下无敌,https://www.goodiptv.club/douyu/12337487
顺风为主 其他情喜影剧集锦为辅 随机连播,https://www.goodiptv.club/douyu/6369954
【雍正康熙】帝王故事连连看,https://www.goodiptv.club/douyu/4808115
【白晓生】经典武侠解说,https://www.goodiptv.club/douyu/9649681
经典老剧轮播,https://www.goodiptv.club/douyu/12015111
Angela小兔990,https://www.goodiptv.club/douyu/9617766
用户6056099521的直播间,https://www.goodiptv.club/douyu/12065793
【饭店】我们把装蒜当美学来修炼的,https://www.goodiptv.club/douyu/9650782
illit礼的直播间,https://www.goodiptv.club/douyu/12065549
用户3174886540的直播间,https://www.goodiptv.club/douyu/12065769
一生pitus的直播间,https://www.goodiptv.club/douyu/12065569
用户8092785756的直播间,https://www.goodiptv.club/douyu/12065570
【吐槽】吐槽一下,快乐一天,https://www.goodiptv.club/douyu/9236042
祝大家新年快乐 2067020,https://www.goodiptv.club/douyu/2067020
来个心软的神 捡了十年垃圾了,https://www.goodiptv.club/douyu/9352671
舞蹈新主播呀~~,https://www.goodiptv.club/douyu/11490031
有这样的你会好好吗,https://www.goodiptv.club/douyu/10730187
[ 天天娱乐 ],https://www.goodiptv.club/douyu/5692901
越南小哥的丛林生活,https://www.goodiptv.club/douyu/10675329
看看这是哪里,https://www.goodiptv.club/douyu/5804577
舌尖上的印度丨下饭必备❤点关注不迷路,https://www.goodiptv.club/douyu/5895598
盾牌的直播间,https://www.goodiptv.club/douyu/10424994
一起看短剧 6806017,https://www.goodiptv.club/douyu/6806017
世界第一直播呢,https://www.goodiptv.club/douyu/4579455
随便看看,标题凑字数,https://www.goodiptv.club/douyu/8971159
【侦探】饿不饿,要不要下一碗面吃呀,https://www.goodiptv.club/douyu/138959
【粤语】看的不是电影【是回忆】求关注,https://www.goodiptv.club/douyu/7919720
顺其自然飞的直播间,https://www.goodiptv.club/douyu/12334108
浩贤说电影的直播间,https://www.goodiptv.club/douyu/10535867
脑洞短剧 玩的就是梗,https://www.goodiptv.club/douyu/10282256
【1.5】陆三金,完整版，未删减，补档,https://www.goodiptv.club/douyu/527502
失眠的时候听下雨的声音吧,https://www.goodiptv.club/douyu/7481383
大庆在农村的直播间,https://www.goodiptv.club/douyu/9477316
8257039的直播间,https://www.goodiptv.club/douyu/8257039
【喜剧电影】最全搞笑喜剧,从这一刻开始,https://www.goodiptv.club/douyu/9824094
古典流行的完美结合 视觉听觉的最高享受,https://www.goodiptv.club/douyu/6033135
陈绮Siri今天也要加油,https://www.goodiptv.club/douyu/759805
放空了一起待会吧,https://www.goodiptv.club/douyu/527076
欢乐猴群纪录片,https://www.goodiptv.club/douyu/7921708
欣赏戏曲的房间,https://www.goodiptv.club/douyu/12091975
EMO的心,并不在一起,https://www.goodiptv.club/douyu/170426
陕西乐家购物,http://38.75.136.137:82/live1/jdtv2.m3u8?id=sntv6&usign=tnO5JvE7EOUNT8al6DLMiw
陕西体育休闲,http://38.75.136.137:82/live1/jdtv2.m3u8?id=sntv7&usign=tnO5JvE7EOUNT8al6DLMiw
陕西西部电影,http://38.75.136.137:82/live1/jdtv2.m3u8?id=sntv8&usign=tnO5JvE7EOUNT8al6DLMiw
西安新闻综合,https://xatv-yt.xiancity.cn/live/1/index.m3u8
西安新闻综合,https://stream.xiancity.cn/live/1/index.m3u8
西安新闻综合,http://38.75.136.137:82/live1/jdtv2.m3u8?id=snxatv1&usign=tnO5JvE7EOUNT8al6DLMiw
西安都市频道,https://xatv-yt.xiancity.cn/live/2/index.m3u8
西安都市频道,https://stream.xiancity.cn/live/2/index.m3u8
西安都市频道,http://38.75.136.137:82/live1/jdtv2.m3u8?id=snxatv2&usign=tnO5JvE7EOUNT8al6DLMiw
西安商务资讯,https://xatv-yt.xiancity.cn/live/3/index.m3u8
西安商务资讯,https://stream.xiancity.cn/live/3/index.m3u8
西安商务资讯,http://38.75.136.137:82/live1/jdtv2.m3u8?id=snxatv3&usign=tnO5JvE7EOUNT8al6DLMiw
西安戏剧影视,https://xatv-yt.xiancity.cn/live/4/index.m3u8
西安戏剧影视,https://stream.xiancity.cn/live/4/index.m3u8
西安戏剧影视,http://38.75.136.137:82/live1/jdtv2.m3u8?id=snxatv4&usign=tnO5JvE7EOUNT8al6DLMiw
西安丝路频道,https://xatv-yt.xiancity.cn/live/5/index.m3u8
西安丝路频道,https://stream.xiancity.cn/live/5/index.m3u8
西安丝路频道,http://119.3.248.8/xatv5/sd/live.m3u8
西安丝路频道,http://38.75.136.137:82/live1/jdtv2.m3u8?id=snxatv5&usign=tnO5JvE7EOUNT8al6DLMiw
西安乐购购物,https://xatv-yt.xiancity.cn/live/6/index.m3u8
西安乐购购物,https://stream.xiancity.cn/live/6/index.m3u8
西安移动电视,https://xatv-yt.xiancity.cn/live/7/index.m3u8
西安移动电视,https://stream.xiancity.cn/live/7/index.m3u8
西安教育频道,http://38.75.136.137:82/live1/jdtv2.m3u8?id=snxajy&usign=tnO5JvE7EOUNT8al6DLMiw
榆林电视一套,https://hplayer1.juyun.tv/camera/140908134.m3u8
榆林电视二套,https://hplayer1.juyun.tv/camera/140909190.m3u8
安康新闻频道,https://hls-sxak.sobeylive.com/xjhsyapp2019/zhpdhd.m3u8
安康新闻频道,http://pili-live-hdl.hsyapp.sobeylingyun.com/xjhsyapp2019/zhpdhd.m3u8
安康新闻频道,http://38.75.136.137:82/live1/tianma.m3u8?ip=snaktv&id=11&usign=tnO5JvE7EOUNT8al6DLMiw
安康民生频道,https://hls-sxak.sobeylive.com/xjhsyapp2019/ggpdhd.m3u8
安康民生频道,http://pili-live-hdl.hsyapp.sobeylingyun.com/xjhsyapp2019/ggpdhd.m3u8
安康民生频道,http://38.75.136.137:82/live1/tianma.m3u8?ip=snaktv&id=12&usign=tnO5JvE7EOUNT8al6DLMiw
安康教育频道,https://hls-sxak.sobeylive.com/xjhsyapp2019/jypdhd.m3u8
安康教育频道,http://pili-live-hdl.hsyapp.sobeylingyun.com/xjhsyapp2019/jypdhd.m3u8
安康教育频道,http://38.75.136.137:82/live1/tianma.m3u8?ip=snaktv&id=13&usign=tnO5JvE7EOUNT8al6DLMiw
宝鸡新闻综合,http://h5.baojinews.com/m3u8/baojitv1.m3u8
宝鸡新闻综合,http://38.75.136.137:82/live1/jwzth.m3u8?id=snbjtv1&usign=tnO5JvE7EOUNT8al6DLMiw
宝鸡经济资讯,http://h5.baojinews.com/m3u8/baojitv2.m3u8
宝鸡经济资讯,http://38.75.136.137:82/live1/jwzth.m3u8?id=snbjtv2&usign=tnO5JvE7EOUNT8al6DLMiw
咸阳综合频道,https://player24.juyun.tv/camera/157309154.m3u8?auth_key=1733564583784-0-0-92f976b779ce12608d89bd13b72cfe9d
咸阳综合频道,https://xytv2024appplay.sxxynews.com.cn/xytv/xyzonghe.m3u8?auth_key=1744828342-0-0-c046d8335c986564a288d445ba8d220e
咸阳公共频道,https://player24.juyun.tv/camera/157314173.m3u8?auth_key=1733564779561-0-0-1e81b6d1e9eec631e13a887dfa9563ec
咸阳公共频道,https://xytv2024appplay.sxxynews.com.cn/xytv/xygonggong.m3u8?auth_key=1744828342-0-0-d7b0598310eecc28f4ae2985c39815b5
延安新闻综合,http://live.cloud.yanews.cn/video/s10001-YATV-1/index.m3u8
延安公共频道,http://live.cloud.yanews.cn/video/s10001-YATV-2/index.m3u8
汉中综合频道,http://live.hzrtvs.com/channel1/sd/live.m3u8
杨凌综合频道,http://player3.juyun.tv/camera/77662112.m3u8
商洛综合频道,https://player.juyun.tv/camera/165255160.m3u8
商洛公共频道,https://player4.juyun.tv/camera/167348174.m3u8
铜川综合频道,http://38.75.136.137:82/live1/sntctv.m3u8?id=sntctv1&usign=tnO5JvE7EOUNT8al6DLMiw
铜川公共频道,http://38.75.136.137:82/live1/sntctv.m3u8?id=sntctv2&usign=tnO5JvE7EOUNT8al6DLMiw
高陵综合频道,http://119.3.248.8/xatv7/sd/live.m3u8
横山综合频道,http://stream.hsqtv.cn/2/sd/live.m3u8
眉县新闻综合,http://p2.weizan.cn/918387/131992469932521531/live.m3u8
礼泉新闻频道,http://38.75.136.137:82/live1/snxylq.m3u8?id=snxylq1&usign=tnO5JvE7EOUNT8al6DLMiw
礼泉影视频道,http://38.75.136.137:82/live1/snxylq.m3u8?id=snxylq2&usign=tnO5JvE7EOUNT8al6DLMiw
礼泉戏曲频道,http://38.75.136.137:82/live1/snxylq.m3u8?id=snxylq3&usign=tnO5JvE7EOUNT8al6DLMiw
镇安综合频道,http://38.75.136.137:82/live1/snslza.m3u8?id=snslza1&usign=tnO5JvE7EOUNT8al6DLMiw
山东齐鲁,http://38.75.136.137:82/live1/sdxw.m3u8?id=sdql&usign=tnO5JvE7EOUNT8al6DLMiw
山东齐鲁,http://38.75.136.137:82/live1/jdtv2.m3u8?id=sdql&usign=tnO5JvE7EOUNT8al6DLMiw
山东齐鲁,http://38.75.136.137:82/live1/jdtv2.m3u8?id=sdql&usign=tnO5JvE7EOUNT8al6DLMiw
在线分享有趣的,https://www.goodiptv.club/douyu/1816353
失踪人口回归 2041014,https://www.goodiptv.club/douyu/2041014
花爷的直播间 4058285,https://www.goodiptv.club/douyu/4058285
闹着玩,闲来无事,https://www.goodiptv.club/douyu/4231787
荒野大镖客⩎,https://www.goodiptv.club/douyu/5982597
不羡鸳鸯不羡仙啊,https://www.goodiptv.club/douyu/9262563
斗鱼下饭娱乐主播直播间,https://www.goodiptv.club/douyu/9387499
预告资讯抢先看,https://www.goodiptv.club/douyu/10670244
易说影视的直播间,https://www.goodiptv.club/douyu/10859591
用户34145296833的直播间,https://www.goodiptv.club/douyu/11081842
高手在民间来吧高能,https://www.goodiptv.club/douyu/11708460
【隋唐】与君共饮盏中酒,几人捶伤几人愁,https://www.goodiptv.club/douyu/7552568
感谢大家的支持 7495810,https://www.goodiptv.club/douyu/7495810
各位看官走过路边进来坐坐,https://www.goodiptv.club/douyu/11184164
帕鲁的世界,https://www.goodiptv.club/douyu/7027040
喵喵喵的猫酱酱的直播间,https://www.goodiptv.club/douyu/11179077
搞笑天堂岛,https://www.goodiptv.club/douyu/6916081
2569874的直播间,https://www.goodiptv.club/douyu/2569874
车展,后院御姐的街拍美拍,https://www.goodiptv.club/douyu/5138817
【严守一】太传统不好,太饭桶更不好,https://www.goodiptv.club/douyu/8507023
科幻梦工厂,https://www.goodiptv.club/douyu/9608874
[热血小说] 最终军团,https://www.goodiptv.club/douyu/12156856
不可抗拒因素,https://www.goodiptv.club/douyu/310926
《武侠剧》,https://www.goodiptv.club/douyu/7655471
美丽的孔雀公主,https://www.goodiptv.club/douyu/3113309
kura_yun的直播间,https://www.goodiptv.club/douyu/4627432
山东体育休闲,http://38.75.136.137:82/live1/sdxw.m3u8?id=sdty&usign=tnO5JvE7EOUNT8al6DLMiw
山东体育休闲,http://38.75.136.137:82/live1/jdtv2.m3u8?id=sdty&usign=tnO5JvE7EOUNT8al6DLMiw
山东体育休闲,http://38.75.136.137:82/live1/jdtv2.m3u8?id=sdty&usign=tnO5JvE7EOUNT8al6DLMiw
山东农科,http://38.75.136.137:82/live1/sdxw.m3u8?id=sdnk&usign=tnO5JvE7EOUNT8al6DLMiw
山东农科,http://38.75.136.137:82/live1/jdtv2.m3u8?id=sdnk&usign=tnO5JvE7EOUNT8al6DLMiw
山东新闻,http://38.75.136.137:82/live1/sdxw.m3u8?id=sdgg&usign=tnO5JvE7EOUNT8al6DLMiw
山东新闻,http://38.75.136.137:82/live1/jdtv2.m3u8?id=sdgg&usign=tnO5JvE7EOUNT8al6DLMiw
山东新闻,http://38.75.136.137:82/live1/jdtv2.m3u8?id=sdgg&usign=tnO5JvE7EOUNT8al6DLMiw
山东少儿,http://38.75.136.137:82/live1/sdxw.m3u8?id=sdse&usign=tnO5JvE7EOUNT8al6DLMiw
山东少儿,http://38.75.136.137:82/live1/jdtv2.m3u8?id=sdse&usign=tnO5JvE7EOUNT8al6DLMiw
山东文旅,http://38.75.136.137:82/live1/sdxw.m3u8?id=sdys&usign=tnO5JvE7EOUNT8al6DLMiw
山东文旅,http://38.75.136.137:82/live1/jdtv2.m3u8?id=sdys&usign=tnO5JvE7EOUNT8al6DLMiw
山东综艺,http://38.75.136.137:82/live1/sdxw.m3u8?id=sdzy&usign=tnO5JvE7EOUNT8al6DLMiw
山东综艺,http://38.75.136.137:82/live1/jdtv2.m3u8?id=sdzy&usign=tnO5JvE7EOUNT8al6DLMiw
山东生活,http://38.75.136.137:82/live1/sdxw.m3u8?id=sdsh&usign=tnO5JvE7EOUNT8al6DLMiw
山东生活,http://38.75.136.137:82/live1/jdtv2.m3u8?id=sdsh&usign=tnO5JvE7EOUNT8al6DLMiw
山东居家购物,http://vod.51lepai.com/live/live.m3u8
山东居家购物,http://38.75.136.137:82/live1/jdtv2.m3u8?id=sdgw&usign=tnO5JvE7EOUNT8al6DLMiw
收藏天下,http://38.75.136.137:82/live2/bfgd.m3u8?id=4200000155&usign=tnO5JvE7EOUNT8al6DLMiw
收藏天下,http://38.75.136.137:82/live1/jdtv2.m3u8?id=sctx&usign=tnO5JvE7EOUNT8al6DLMiw
山东教育卫视,http://38.75.136.137:82/live1/xuexi1.m3u8?id=sdjy&usign=tnO5JvE7EOUNT8al6DLMiw
山东教育卫视,https://hlsbkmgsplive.miguvideo.com/envivo_v/2018/SD/shandongedu/1000/01.m3u8?&HlsSubType=&encrypt=
山东教育卫视,http://38.75.136.137:82/live1/xuexi.m3u8?id=sdjy&usign=tnO5JvE7EOUNT8al6DLMiw
山东教育卫视,http://livewai.sdetv.com.cn/live/da4ebbb91ee8468db5a9d230a535391f_transios/playlist.m3u8
山东教育卫视,http://38.75.136.137:82/live2/bfgd.m3u8?id=4200000112&usign=tnO5JvE7EOUNT8al6DLMiw
山东教育卫视,http://38.75.136.137:82/live1/jdtv2.m3u8?id=sdjy&usign=tnO5JvE7EOUNT8al6DLMiw
山东教育卫视,http://38.75.136.137:82/live1/jdtv2.m3u8?id=sdjy&usign=tnO5JvE7EOUNT8al6DLMiw
海洋频道,http://38.75.136.137:82/live1/jdtv2.m3u8?id=sdhypd&usign=tnO5JvE7EOUNT8al6DLMiw
济南新闻,http://dspull.ijntv.cn/ijnlive/1541.m3u8?hwSecret=4182a1c9e7a8f395a65d3b8ea56973a4f83c239724d45d0e4c51dfcbd7422576&hwTime=67f5203d
济南新闻,http://dspull.ijntv.cn/ijnlive/1541.flv?hwSecret=4182a1c9e7a8f395a65d3b8ea56973a4f83c239724d45d0e4c51dfcbd7422576&hwTime=67f5203d
济南新闻,http://38.75.136.137:82/live1/sdjntv.m3u8?id=sdjnxw&usign=tnO5JvE7EOUNT8al6DLMiw
济南新闻,http://38.75.136.137:82/live1/sdjntv1.m3u8?id=sdjnxw&usign=tnO5JvE7EOUNT8al6DLMiw
济南新闻,http://38.75.136.137:82/live1/sdjntv.m3u8?fmt=flv&id=sdjnxw&usign=tnO5JvE7EOUNT8al6DLMiw
济南新闻,http://38.75.136.137:82/live1/jdtv2.m3u8?id=sdjnxw&usign=tnO5JvE7EOUNT8al6DLMiw
济南新闻,http://38.75.136.137:82/live1/jdtv2.m3u8?id=sdjnxw&usign=tnO5JvE7EOUNT8al6DLMiw
济南都市,http://dspull.ijntv.cn/ijnlive/1607.m3u8?hwSecret=ff66bb7098b69f1e9b871bccf9003a3fe67ea2efeeabcdfe47adfd17e5bfa1e0&hwTime=67f5203d
济南都市,http://dspull.ijntv.cn/ijnlive/1607.flv?hwSecret=ff66bb7098b69f1e9b871bccf9003a3fe67ea2efeeabcdfe47adfd17e5bfa1e0&hwTime=67f5203d
济南都市,http://38.75.136.137:82/live1/sdjntv.m3u8?id=sdjnds&usign=tnO5JvE7EOUNT8al6DLMiw
济南都市,http://38.75.136.137:82/live1/sdjntv1.m3u8?id=sdjnds&usign=tnO5JvE7EOUNT8al6DLMiw
济南都市,http://38.75.136.137:82/live1/sdjntv.m3u8?fmt=flv&id=sdjnds&usign=tnO5JvE7EOUNT8al6DLMiw
济南文旅体育,http://dspull.ijntv.cn/ijnlive/1610.m3u8?hwSecret=cabf1ae29aa45870e7f4275ce548cbdbf94e77d20eb1a5dcb9bd0e467326da64&hwTime=67f5203d
济南文旅体育,http://dspull.ijntv.cn/ijnlive/1610.flv?hwSecret=cabf1ae29aa45870e7f4275ce548cbdbf94e77d20eb1a5dcb9bd0e467326da64&hwTime=67f5203d
济南文旅体育,http://38.75.136.137:82/live1/sdjntv.m3u8?id=sdjnys&usign=tnO5JvE7EOUNT8al6DLMiw
济南文旅体育,https://quehuamtyoutlive.ijntv.cn/5025f2/ucgsoz.m3u8
济南文旅体育,http://38.75.136.137:82/live1/sdjntv1.m3u8?id=sdjnys&usign=tnO5JvE7EOUNT8al6DLMiw
济南文旅体育,http://38.75.136.137:82/live1/sdjntv.m3u8?fmt=flv&id=sdjnys&usign=tnO5JvE7EOUNT8al6DLMiw
济南生活,http://dspull.ijntv.cn/ijnlive/1615.m3u8?hwSecret=2ca28f0ab3e4b9c0b2a454671c1278208491cabf00b4c5cf0c10fea58fcd17f3&hwTime=67f5203d
济南生活,http://38.75.136.137:82/live1/sdjntv.m3u8?id=sdjnsh&usign=tnO5JvE7EOUNT8al6DLMiw
济南生活,http://38.75.136.137:82/live1/sdjntv1.m3u8?id=sdjnsh&usign=tnO5JvE7EOUNT8al6DLMiw
济南生活,http://38.75.136.137:82/live1/sdjntv.m3u8?fmt=flv&id=sdjnsh&usign=tnO5JvE7EOUNT8al6DLMiw
济南少儿,http://dspull.ijntv.cn/ijnlive/2686.m3u8?hwSecret=c653d98b4e072870e205a09a13f487728a8b045e22a818041f7a1356e8ff83b5&hwTime=67f5203d
济南少儿,http://dspull.ijntv.cn/ijnlive/2686.flv?hwSecret=c653d98b4e072870e205a09a13f487728a8b045e22a818041f7a1356e8ff83b5&hwTime=67f5203d
济南少儿,http://38.75.136.137:82/live1/sdjntv.m3u8?id=sdjnse&usign=tnO5JvE7EOUNT8al6DLMiw
济南少儿,http://38.75.136.137:82/live1/sdjntv1.m3u8?id=sdjnse&usign=tnO5JvE7EOUNT8al6DLMiw
济南少儿,http://38.75.136.137:82/live1/sdjntv.m3u8?fmt=flv&id=sdjnse&usign=tnO5JvE7EOUNT8al6DLMiw
济南鲁中,http://dspull.ijntv.cn/ijnlive/1621.m3u8?hwSecret=5224ceb83eb279c7cb0be03622b561abc3d54f9aa491866db2516798dbb26c50&hwTime=67f5203d
济南鲁中,http://dspull.ijntv.cn/ijnlive/1621.flv?hwSecret=5224ceb83eb279c7cb0be03622b561abc3d54f9aa491866db2516798dbb26c50&hwTime=67f5203d
济南鲁中,http://38.75.136.137:82/live1/sdjntv.m3u8?id=sdlwtv1&usign=tnO5JvE7EOUNT8al6DLMiw
济南鲁中,http://38.75.136.137:82/live1/sdjntv1.m3u8?id=sdlwtv1&usign=tnO5JvE7EOUNT8al6DLMiw
济南鲁中,http://38.75.136.137:82/live1/sdjntv.m3u8?fmt=flv&id=sdlwtv1&usign=tnO5JvE7EOUNT8al6DLMiw
济南鲁中,http://38.75.136.137:82/live1/jdtv2.m3u8?id=sdlwtv1&usign=tnO5JvE7EOUNT8al6DLMiw
济南城市,http://38.75.136.137:82/live1/sdjntv1.m3u8?id=sdjncs&usign=tnO5JvE7EOUNT8al6DLMiw
济南地铁,http://38.75.136.137:82/live1/sdjntv1.m3u8?id=sdjndt&usign=tnO5JvE7EOUNT8al6DLMiw
张晓新21602的直播间,https://www.goodiptv.club/douyu/4860588
搞笑段子日常更新 点点关注,https://www.goodiptv.club/douyu/10646699
梦幻西游❄️周杰伦音乐MV边游戏边听音乐,https://www.goodiptv.club/douyu/7537296
【牛叔】N分钟带你看完大片,https://www.goodiptv.club/douyu/2758565
【更新】最全斗牌、麻将剧集解说,https://www.goodiptv.club/douyu/9559158
【万合天宜】王大锤情怀上线,https://www.goodiptv.club/douyu/9220456
【片片】片荒的时候看片片,https://www.goodiptv.club/douyu/4258555
清晨醒脑：T-ARA根本停不下来,https://www.goodiptv.club/douyu/17732
你滴勋宗8.12已更新,https://www.goodiptv.club/douyu/9738854
【科幻Dans】精彩科幻影视,解说连连看,https://www.goodiptv.club/douyu/3508304
【正版】经典小品,下饭必备,https://www.goodiptv.club/douyu/9067836
开心锤锤,开心快乐每一天,https://www.goodiptv.club/douyu/9018297
科学黑历史,https://www.goodiptv.club/douyu/9317739
【牛叔2号】欢迎来到牛叔的悬疑世界,https://www.goodiptv.club/douyu/10010651
欢迎大家来参加金边的婚礼 百想艺术大赏,https://www.goodiptv.club/douyu/40471
【全体起立】你的本山大叔超强来袭,https://www.goodiptv.club/douyu/9817716
【樱花道灌篮】HP动漫精彩解说,https://www.goodiptv.club/douyu/9837291
车模车展,感谢大哥们办卡,https://www.goodiptv.club/douyu/9805480
口音贼重的解说直播间,https://www.goodiptv.club/douyu/9734098
在线制裁,https://www.goodiptv.club/douyu/12392971
美女车模鉴赏团～,https://www.goodiptv.club/douyu/9837104
祝灵动小猫MIUN金主鑫0224出道快乐,https://www.goodiptv.club/douyu/113158
【史君说剧】史君说尽天下好剧,https://www.goodiptv.club/douyu/9419771
《游钓中国》第十季同步更新中,https://www.goodiptv.club/douyu/791411
【刘老师】每天爆笑解说不停,https://www.goodiptv.club/douyu/8317926
济南移动,http://38.75.136.137:82/live1/sdjntv1.m3u8?id=sdjnyd&usign=tnO5JvE7EOUNT8al6DLMiw
济南教育,https://livejnedu.chinamcache.com/live/jneduzb04.m3u8
青岛新闻综合,http://38.75.136.137:82/live1/jsb.m3u8?id=sdqdtv1&usign=tnO5JvE7EOUNT8al6DLMiw
青岛新闻综合,http://38.75.136.137:82/live1/jsb1.m3u8?id=sdqdtv1&usign=tnO5JvE7EOUNT8al6DLMiw
青岛新闻综合,http://38.75.136.137:82/live1/jdtv2.m3u8?id=sdqdtv1&usign=tnO5JvE7EOUNT8al6DLMiw
青岛新闻综合,http://hlspull.qtv.com.cn/gwepn2sr/channel/969b06fca3f82c40de59171b3eb9428c/index.m3u8
青岛生活服务,http://38.75.136.137:82/live1/jsb.m3u8?id=sdqdtv2&usign=tnO5JvE7EOUNT8al6DLMiw
青岛生活服务,http://38.75.136.137:82/live1/jsb1.m3u8?id=sdqdtv2&usign=tnO5JvE7EOUNT8al6DLMiw
青岛生活服务,http://38.75.136.137:82/live1/jdtv2.m3u8?id=sdqdtv2&usign=tnO5JvE7EOUNT8al6DLMiw
青岛影视频道,http://38.75.136.137:82/live1/jsb.m3u8?id=sdqdtv3&usign=tnO5JvE7EOUNT8al6DLMiw
青岛影视频道,http://38.75.136.137:82/live1/jsb1.m3u8?id=sdqdtv3&usign=tnO5JvE7EOUNT8al6DLMiw
青岛影视频道,http://38.75.136.137:82/live1/jdtv2.m3u8?id=sdqdtv3&usign=tnO5JvE7EOUNT8al6DLMiw
青岛休闲资讯,http://38.75.136.137:82/live1/jsb.m3u8?id=sdqdtv4&usign=tnO5JvE7EOUNT8al6DLMiw
青岛休闲资讯,http://38.75.136.137:82/live1/jsb1.m3u8?id=sdqdtv4&usign=tnO5JvE7EOUNT8al6DLMiw
青岛休闲资讯,http://38.75.136.137:82/live1/jdtv2.m3u8?id=sdqdtv4&usign=tnO5JvE7EOUNT8al6DLMiw
青岛都市频道,http://38.75.136.137:82/live1/jsb.m3u8?id=sdqdtv5&usign=tnO5JvE7EOUNT8al6DLMiw
青岛都市频道,http://38.75.136.137:82/live1/jsb1.m3u8?id=sdqdtv5&usign=tnO5JvE7EOUNT8al6DLMiw
青岛都市频道,http://38.75.136.137:82/live1/jdtv2.m3u8?id=sdqdtv5&usign=tnO5JvE7EOUNT8al6DLMiw
青岛教育频道,http://38.75.136.137:82/live1/jdtv2.m3u8?id=sdqdtv6&usign=tnO5JvE7EOUNT8al6DLMiw
青岛李沧频道,http://38.75.136.137:82/live1/iqilu.m3u8?id=sdqdlc1&usign=tnO5JvE7EOUNT8al6DLMiw
青岛李沧频道,http://live.lcqtv.com:88/live/lcqtv.m3u8
青岛城阳频道,http://38.75.136.137:82/live1/iqilu.m3u8?id=sdqdtv8&usign=tnO5JvE7EOUNT8al6DLMiw
日照新闻综合,http://38.75.136.137:82/live1/hoge.m3u8?ip=sdrztv&id=6&usign=tnO5JvE7EOUNT8al6DLMiw
日照公共频道,http://38.75.136.137:82/live1/hoge.m3u8?ip=sdrztv&id=13&usign=tnO5JvE7EOUNT8al6DLMiw
日照科教频道,http://38.75.136.137:82/live1/hoge.m3u8?ip=sdrztv&id=12&usign=tnO5JvE7EOUNT8al6DLMiw
烟台新闻综合,http://live.yantaitv.cn/live/212803c257394d429606a0815d20e3ce/710c510f5a5441cb8fc062e2dd3e1a76.m3u8
烟台新闻综合,http://38.75.136.137:82/live1/jdtv2.m3u8?id=sdyttv1&usign=tnO5JvE7EOUNT8al6DLMiw
烟台公共频道,http://live.yantaitv.cn/live/412a6764092149faa58f80a0fd8004e9/22bbe85c960145dc95fc25e699d0fb3a-1.m3u8
烟台公共频道,http://38.75.136.137:82/live1/jdtv2.m3u8?id=sdyttv2&usign=tnO5JvE7EOUNT8al6DLMiw
烟台影视频道,http://38.75.136.137:82/live1/jdtv2.m3u8?id=sdyttv4&usign=tnO5JvE7EOUNT8al6DLMiw
临沂综合频道,https://m3u8-channel.lytv.tv/nmip-media/channellive/channel111841/playlist.m3u8
临沂综合频道,rtmp://tv.lytv.tv/channellive/ch1
临沂综合频道,http://38.75.136.137:82/live1/jdtv2.m3u8?id=sdlytv1&usign=tnO5JvE7EOUNT8al6DLMiw
临沂经济频道,https://m3u8-channel.lytv.tv/nmip-media/channellive/channel113571/playlist.m3u8
临沂经济频道,rtmp://tv.lytv.tv/channellive/ch2
临沂经济频道,http://38.75.136.137:82/live1/jdtv2.m3u8?id=sdlytv2&usign=tnO5JvE7EOUNT8al6DLMiw
临沂公共频道,https://m3u8-channel.lytv.tv/nmip-media/channellive/channel115062/playlist.m3u8
临沂公共频道,rtmp://tv.lytv.tv/channellive/ch3
临沂公共频道,http://38.75.136.137:82/live1/jdtv2.m3u8?id=sdlytv3&usign=tnO5JvE7EOUNT8al6DLMiw
济宁综合频道,http://221.2.36.14/video/s10001-JNTV-1/index.m3u8
济宁综合频道,http://221.2.36.14/video/s10001-JNTV4/index.m3u8
济宁综合频道,http://60.211.179.171/video/s10001-JNTV-1/index.m3u8
济宁综合频道,http://60.211.179.171/video/s10001-JNTV4/index.m3u8
济宁综合频道,http://111.17.177.164/video/s10001-JNTV-1/index.m3u8
济宁综合频道,http://111.17.177.164/video/s10001-JNTV4/index.m3u8
济宁综合频道,http://lives.jnnews.tv/video/s10001-JNTV-1/index.m3u8
济宁综合频道,http://lives.jnnews.tv/video/s10001-JNTV4/index.m3u8
济宁综合频道,http://38.75.136.137:82/live1/jdtv2.m3u8?id=sdjitv1&usign=tnO5JvE7EOUNT8al6DLMiw
济宁生活频道,http://221.2.36.14/video/s10001-JNTV2-2023/index.m3u8
济宁生活频道,http://60.211.179.171/video/s10001-JNTV2-2023/index.m3u8
济宁生活频道,http://111.17.177.164/video/s10001-JNTV2-2023/index.m3u8
济宁生活频道,https://lives.jnnews.tv/video/s10001-JNTV2-2023/index.m3u8
济宁生活频道,http://38.75.136.137:82/live1/jdtv2.m3u8?id=sdjitv2&usign=tnO5JvE7EOUNT8al6DLMiw
济宁公共频道,http://221.2.36.14/video/s10001-JNTV3/index.m3u8
济宁公共频道,http://60.211.179.171/video/s10001-JNTV3/index.m3u8
济宁公共频道,http://111.17.177.164/video/s10001-JNTV3/index.m3u8
济宁公共频道,http://lives.jnnews.tv/video/s10001-JNTV3/index.m3u8
菏泽新闻综合,http://live.hznet.tv:1935/live/live1/500K/tzwj_video.m3u8
菏泽经济生活,http://live.hznet.tv:1935/live/live2/500K/tzwj_video.m3u8
菏泽影视频道,http://live.hznet.tv:1935/live/live3/500K/tzwj_video.m3u8
枣庄新闻综合,http://stream.zztvzd.com/1/sd/live.m3u8
【开心麻花】沈腾、马丽经典小品专场,https://www.goodiptv.club/douyu/10153463
金在中&DreamyRoad,https://www.goodiptv.club/douyu/8189873
【虫哥】魔性吐槽童年回忆,https://www.goodiptv.club/douyu/8915074
【体育】聊聊科比、乔丹传奇故事,https://www.goodiptv.club/douyu/8434598
扑朔迷离的档案里隐藏着什么？,https://www.goodiptv.club/douyu/610972
电影最TOP,https://www.goodiptv.club/douyu/2164691
【咖妃驾到】宋小宝经典小品,https://www.goodiptv.club/douyu/9817729
美剧解说精彩不断,https://www.goodiptv.club/douyu/9643264
已更新星君带你看大片,https://www.goodiptv.club/douyu/8014467
九幽将军更新~直播间左下看当前内容,https://www.goodiptv.club/douyu/10650322
已更新聊聊武侠与江湖,https://www.goodiptv.club/douyu/8986636
车模现场,美女云集,https://www.goodiptv.club/douyu/10118209
你的海南军哥给你带来最地道的赶海,https://www.goodiptv.club/douyu/1109218
【悬疑】古往今来犯罪录,https://www.goodiptv.club/douyu/9171887
周扒片深度解说,https://www.goodiptv.club/douyu/6434857
迷小雅最新爽剧解说,https://www.goodiptv.club/douyu/9639225
☆卡卡罗特☆,https://www.goodiptv.club/douyu/7286439
【悬疑】午夜惊悚乐园,点上关注带你探险,https://www.goodiptv.club/douyu/9075333
【特辑电影】有骨气酒楼营业中,https://www.goodiptv.club/douyu/3637778
史剧解说洪武年间大案,https://www.goodiptv.club/douyu/297689
贾玲经典小品的直播间,https://www.goodiptv.club/douyu/10419541
【悬疑】都市奇闻传说、恐怖故事,https://www.goodiptv.club/douyu/2337939
兄弟赶海,带你看遍天下海鲜,https://www.goodiptv.club/douyu/9091847
【科幻片】最专业的科幻片解说,https://www.goodiptv.club/douyu/9338839
睡前故事会,https://www.goodiptv.club/douyu/7422897
带你领略宇宙星辰——纪录片记,https://www.goodiptv.club/douyu/9412981
小小天才的搞笑段子,https://www.goodiptv.club/douyu/9419678
1000部悬疑电影,https://www.goodiptv.club/douyu/9601429
四大经典/水浒系列,https://www.goodiptv.club/douyu/9487003
【拳叔】那些经典的动漫,https://www.goodiptv.club/douyu/9484105
下次直播再见,搞笑就看文西与阿漆,https://www.goodiptv.club/douyu/8737695
长工带你一起来追剧,https://www.goodiptv.club/douyu/8869614
许君聪经典小品的直播间,https://www.goodiptv.club/douyu/10419558
【洗碗君】 解说 爷青回,https://www.goodiptv.club/douyu/9446706
大家快来看 9403712,https://www.goodiptv.club/douyu/9403712
【1900影视室】精讲剧场,https://www.goodiptv.club/douyu/7796193
梁山好汉都在此,https://www.goodiptv.club/douyu/3472959
白客、孔连顺主演《鲜肉老师》登陆斗鱼,https://www.goodiptv.club/douyu/9815091
大齐赶海,又是出大货的一天,https://www.goodiptv.club/douyu/3647278
全新大事件更新啦~,https://www.goodiptv.club/douyu/1275878
睡丝虫的直播间,https://www.goodiptv.club/douyu/10308234
【恐怖片】专注恐怖片赏析与原创解说,https://www.goodiptv.club/douyu/9280384
宇宙的尽头是什么？,https://www.goodiptv.club/douyu/9456028
悬疑烧脑影视大合集,https://www.goodiptv.club/douyu/5354713
武神常山赵子龙是也,https://www.goodiptv.club/douyu/9388938
大秦国要搞大,https://www.goodiptv.club/douyu/9388931
世界未解之谜盘点,秦始皇之死,https://www.goodiptv.club/douyu/9369468
【茶啊二中】好看的动画,https://www.goodiptv.club/douyu/2925610
【吐槽】疯狂吐槽辣眼雷剧,https://www.goodiptv.club/douyu/9026377
枣庄新闻综合,http://stream.zzgd.tv/1/sd/live.m3u8
枣庄经济生活,http://stream.zztvzd.com/2/sd/live.m3u8
枣庄经济生活,http://stream.zzgd.tv/2/sd/live.m3u8
枣庄公共频道,http://stream.zztvzd.com/3/sd/live.m3u8
枣庄公共频道,http://stream.zzgd.tv/3/sd/live.m3u8
东营新闻综合,http://38.75.136.137:82/live1/iqilu.m3u8?id=sddytv1&usign=tnO5JvE7EOUNT8al6DLMiw
东营新闻综合,rtmp://stream.hhek.cn:9936/live/xwzh_sd
东营新闻综合,http://stream.hhek.cn/xwzh/sd/live.m3u8
东营公共频道,http://38.75.136.137:82/live1/iqilu.m3u8?id=sddytv2&usign=tnO5JvE7EOUNT8al6DLMiw
东营公共频道,rtmp://stream.hhek.cn:9936/live/ggpd_sd
东营公共频道,http://stream.hhek.cn/ggpd/sd/live.m3u8
东营科教频道,http://38.75.136.137:82/live1/iqilu.m3u8?id=sddytv3&usign=tnO5JvE7EOUNT8al6DLMiw
东营科教频道,rtmp://stream.hhek.cn:9936/live/dyjy_sd
东营科教频道,http://stream.hhek.cn/dyjy/sd/live.m3u8
潍坊新闻综合,http://pullwftv.wftvqcm.com/live/wf1pda1.m3u8
潍坊新闻综合,http://38.75.136.137:82/live1/iqilu.m3u8?id=sdwftv1&usign=tnO5JvE7EOUNT8al6DLMiw
潍坊新闻综合,http://38.75.136.137:82/live1/jdtv2.m3u8?id=sdwftv1&usign=tnO5JvE7EOUNT8al6DLMiw
潍坊经济生活,https://wfrtv-live-tz.wfcmw.cn:5443/live/wftv2.m3u8
潍坊经济生活,http://38.75.136.137:82/live1/iqilu.m3u8?id=sdwftv2&usign=tnO5JvE7EOUNT8al6DLMiw
潍坊经济生活,http://38.75.136.137:82/live1/jdtv2.m3u8?id=sdwftv2&usign=tnO5JvE7EOUNT8al6DLMiw
潍坊影视综艺,https://wfrtv-live-tz.wfcmw.cn:5443/live/wftv3.m3u8
潍坊影视综艺,http://38.75.136.137:82/live1/iqilu.m3u8?id=sdwftv3&usign=tnO5JvE7EOUNT8al6DLMiw
潍坊科教文旅,http://pullwftv.wftvqcm.com/live/wf4pda4.m3u8
潍坊科教文旅,http://38.75.136.137:82/live1/iqilu.m3u8?id=sdwftv4&usign=tnO5JvE7EOUNT8al6DLMiw
德州新闻频道,http://38.75.136.137:82/live1/iqilu.m3u8?id=sddztv1&usign=tnO5JvE7EOUNT8al6DLMiw
德州新闻频道,http://38.75.136.137:82/live1/jdtv2.m3u8?id=sddztv1&usign=tnO5JvE7EOUNT8al6DLMiw
德州经济生活,http://38.75.136.137:82/live1/iqilu.m3u8?id=sddztv2&usign=tnO5JvE7EOUNT8al6DLMiw
德州经济生活,http://38.75.136.137:82/live1/jdtv2.m3u8?id=sddztv2&usign=tnO5JvE7EOUNT8al6DLMiw
威海综合频道,http://38.75.136.137:82/live1/iqilu.m3u8?id=sdwhtv1&usign=tnO5JvE7EOUNT8al6DLMiw
威海综合频道,http://l1.weihai.tv:8081/hls/969O76hb21.m3u8
威海综合频道,http://38.75.136.137:82/live1/jdtv2.m3u8?id=sdwhtv1&usign=tnO5JvE7EOUNT8al6DLMiw
威海都市生活,http://38.75.136.137:82/live1/iqilu.m3u8?id=sdwhtv2&usign=tnO5JvE7EOUNT8al6DLMiw
威海都市生活,http://l2.weihai.tv:8081/hls/g16E3482eN.m3u8
威海都市生活,http://38.75.136.137:82/live1/jdtv2.m3u8?id=sdwhtv2&usign=tnO5JvE7EOUNT8al6DLMiw
威海海洋频道,http://38.75.136.137:82/live1/iqilu.m3u8?id=sdwhtv3&usign=tnO5JvE7EOUNT8al6DLMiw
威海海洋频道,http://l2.weihai.tv:8081/hls/x8b19NoyEG.m3u8
滨州新闻综合,https://lmt.binzhouw.com:8443/live/909446c1cd66.m3u8
滨州民生频道,https://lmt.binzhouw.com:8443/live/89874c6170d0.m3u8
聊城新闻综合,http://file.lcxw.cn/nmip-media/channellive/channel101173/playlist.m3u8
聊城民生频道,http://file.lcxw.cn/nmip-media/channellive/channel101246/playlist.m3u8
泰安综合频道,http://zzbb.1545ts.com:8068/live/tatv0111.m3u8
泰安经济生活,http://zzbb.1545ts.com:8068/live/tatv222.m3u8
长清新闻综合,http://38.75.136.137:82/live1/iqilu.m3u8?id=sdjncq1&usign=tnO5JvE7EOUNT8al6DLMiw
济阳综合频道,http://38.75.136.137:82/live1/iqilu.m3u8?id=sdjnjy1&usign=tnO5JvE7EOUNT8al6DLMiw
济阳综合频道,http://push.hostpod.cn:888/hls/jyzh.m3u8
济阳影视频道,http://38.75.136.137:82/live1/iqilu.m3u8?id=sdjnjy2&usign=tnO5JvE7EOUNT8al6DLMiw
济阳影视频道,http://push.hostpod.cn:888/hls/jyys.m3u8
历城综合频道,http://38.75.136.137:82/live1/iqilu.m3u8?id=sdjnlc1&usign=tnO5JvE7EOUNT8al6DLMiw
平阴综合频道,http://38.75.136.137:82/live1/iqilu.m3u8?id=sdjnpy1&usign=tnO5JvE7EOUNT8al6DLMiw
平阴综合频道,http://r.gslb.lecloud.com/live/hls/2020011830gRf002n16/desc.m3u8
平阴生活频道,http://38.75.136.137:82/live1/iqilu.m3u8?id=sdjnpy2&usign=tnO5JvE7EOUNT8al6DLMiw
平阴生活频道,http://r.gslb.lecloud.com/live/hls/2020011830gZc002o16/desc.m3u8
商河综合频道,http://38.75.136.137:82/live1/iqilu.m3u8?id=sdjnsh1&usign=tnO5JvE7EOUNT8al6DLMiw
商河影视频道,http://38.75.136.137:82/live1/iqilu.m3u8?id=sdjnsh2&usign=tnO5JvE7EOUNT8al6DLMiw
章丘综合频道,http://38.75.136.137:82/live1/iqilu.m3u8?id=sdzqtv1&usign=tnO5JvE7EOUNT8al6DLMiw
章丘公共频道,http://38.75.136.137:82/live1/iqilu.m3u8?id=sdzqtv2&usign=tnO5JvE7EOUNT8al6DLMiw
黄岛新闻综合,http://38.75.136.137:82/live1/iqilu.m3u8?id=sdqdhd1&usign=tnO5JvE7EOUNT8al6DLMiw
黄岛新闻综合,http://38.75.136.137:82/live1/jdtv2.m3u8?id=sdqdhd1&usign=tnO5JvE7EOUNT8al6DLMiw
黄岛生活财经,http://38.75.136.137:82/live1/iqilu.m3u8?id=sdqdhd2&usign=tnO5JvE7EOUNT8al6DLMiw
喜欢不要忘记关注哦,https://www.goodiptv.club/douyu/9038894
欢乐小饭米粒的直播间,https://www.goodiptv.club/douyu/9403690
【令狐冲】什么是江湖,https://www.goodiptv.club/douyu/9653063
经典小品相声乐不停,https://www.goodiptv.club/douyu/9273031
宋小宝早期经典作品,爆笑了家人们,https://www.goodiptv.club/douyu/9374865
影视 笑工场的直播间,https://www.goodiptv.club/douyu/10298846
战斗吧热血动漫全看,https://www.goodiptv.club/douyu/9641152
龙视爱笑会议室直播间,https://www.goodiptv.club/douyu/9375430
【悬疑烧脑】欢迎来到侦探宇宙,https://www.goodiptv.club/douyu/8788687
深更民间故事,https://www.goodiptv.club/douyu/10217984
刘哔讲电影,东北话解说嘛嘎强,https://www.goodiptv.club/douyu/2632223
【瑜伽女孩】练习每一天,https://www.goodiptv.club/douyu/10205199
辽视组团上春晚的直播间,https://www.goodiptv.club/douyu/9406416
【红雷】经典电视剧精讲,https://www.goodiptv.club/douyu/9650131
【一目十影】温情解说经典电影,https://www.goodiptv.club/douyu/3643605
【小片片】国产经典剧集专属直播间,https://www.goodiptv.club/douyu/10011547
一个只讲恐怖电影的电影解说,https://www.goodiptv.club/douyu/8415464
【速看】爆笑解说,欢乐百分百,https://www.goodiptv.club/douyu/2660125
解说：高能国产悬疑推理剧集,https://www.goodiptv.club/douyu/8741860
车祸集锦两行泪,https://www.goodiptv.club/douyu/117854
感谢钓友关注,每天分享渔乐,https://www.goodiptv.club/douyu/10074370
燃爆全网的动作大片都在这里,https://www.goodiptv.club/douyu/9614847
渔妹带你来赶海,来看有没有你没见过的,https://www.goodiptv.club/douyu/9348805
经典美剧解说,悬疑科幻惊悚,https://www.goodiptv.club/douyu/9123570
【雍正、杨贵妃】剧集精讲,https://www.goodiptv.club/douyu/9660127
今日宜“哈哈哈哈”,https://www.goodiptv.club/douyu/10298856
改装房车自驾游,https://www.goodiptv.club/douyu/9629423
这里全是名场面~,https://www.goodiptv.club/douyu/9336286
英大吉的奇闻&故事档案,https://www.goodiptv.club/douyu/9174097
【路亚钓鱼】韩国美女在线钓鱼,https://www.goodiptv.club/douyu/10616765
【谁说Whospeak】精彩电影解说,https://www.goodiptv.club/douyu/8705754
一人一狗机车摩旅西藏行,https://www.goodiptv.club/douyu/655973
跟着小猪一起看【热剧联播】,https://www.goodiptv.club/douyu/10297898
挖沟连江沟长的直播间,https://www.goodiptv.club/douyu/8413092
超级敏感的小肉腿,https://www.goodiptv.club/douyu/10308225
NBA最强球王精彩集锦爽,https://www.goodiptv.club/douyu/9406897
【吐槽】烂片的克星,老邪入驻啦,https://www.goodiptv.club/douyu/9222870
林正英混剪 各类电影剪辑混剪盘点系列,https://www.goodiptv.club/douyu/9607934
【敬汉卿】将作死进行到底,https://www.goodiptv.club/douyu/2912165
强人说笑,https://www.goodiptv.club/douyu/10329713
【史君观影】国产刑侦电视剧太精彩了,https://www.goodiptv.club/douyu/9644669
生物全部变异成为顶级食材,少年化身恶魔,https://www.goodiptv.club/douyu/9391292
【鬼哥奇谈】午夜故事,提神醒脑，清清凉凉,https://www.goodiptv.club/douyu/8722254
【正在解说光头强】饭点陪聊,https://www.goodiptv.club/douyu/9527700
互联网二极馆,https://www.goodiptv.club/douyu/10102281
【影视/动作】那些操作猛如虎的精彩瞬间,https://www.goodiptv.club/douyu/9627172
【老王】经典电影看不停,https://www.goodiptv.club/douyu/9687733
龙视欢乐英雄传的直播间,https://www.goodiptv.club/douyu/9374836
黄岛生活财经,http://38.75.136.137:82/live1/jdtv2.m3u8?id=sdqdhd2&usign=tnO5JvE7EOUNT8al6DLMiw
即墨新闻综合,http://38.75.136.137:82/live1/iqilu.m3u8?id=sdqdjm1&usign=tnO5JvE7EOUNT8al6DLMiw
即墨生活服务,http://38.75.136.137:82/live1/iqilu.m3u8?id=sdqdjm2&usign=tnO5JvE7EOUNT8al6DLMiw
胶州新闻频道,http://38.75.136.137:82/live1/iqilu.m3u8?id=sdqdjz1&usign=tnO5JvE7EOUNT8al6DLMiw
胶州生活频道,http://38.75.136.137:82/live1/iqilu.m3u8?id=sdqdjz2&usign=tnO5JvE7EOUNT8al6DLMiw
崂山电视台,http://38.75.136.137:82/live1/iqilu.m3u8?id=sdqdls1&usign=tnO5JvE7EOUNT8al6DLMiw
莱西综合频道,http://38.75.136.137:82/live1/iqilu.m3u8?id=sdqdlx1&usign=tnO5JvE7EOUNT8al6DLMiw
莱西生活频道,http://38.75.136.137:82/live1/iqilu.m3u8?id=sdqdlx2&usign=tnO5JvE7EOUNT8al6DLMiw
平度新闻综合,http://38.75.136.137:82/live1/iqilu.m3u8?id=sdqdpd1&usign=tnO5JvE7EOUNT8al6DLMiw
平度生活服务,http://38.75.136.137:82/live1/iqilu.m3u8?id=sdqdpd2&usign=tnO5JvE7EOUNT8al6DLMiw
莒县电视一套,http://38.75.136.137:82/live1/iqilu.m3u8?id=sdrzjx1&usign=tnO5JvE7EOUNT8al6DLMiw
莒县电视二套,http://38.75.136.137:82/live1/iqilu.m3u8?id=sdrzjx2&usign=tnO5JvE7EOUNT8al6DLMiw
岚山综合频道,http://38.75.136.137:82/live1/iqilu.m3u8?id=sdrzls1&usign=tnO5JvE7EOUNT8al6DLMiw
五莲新闻综合,http://38.75.136.137:82/live1/iqilu.m3u8?id=sdrzwl1&usign=tnO5JvE7EOUNT8al6DLMiw
五莲文化旅游,http://38.75.136.137:82/live1/iqilu.m3u8?id=sdrzwl2&usign=tnO5JvE7EOUNT8al6DLMiw
长岛综合频道,http://38.75.136.137:82/live1/iqilu.m3u8?id=sdytcd1&usign=tnO5JvE7EOUNT8al6DLMiw
福山综合频道,http://38.75.136.137:82/live1/iqilu.m3u8?id=sdytfs1&usign=tnO5JvE7EOUNT8al6DLMiw
海阳新闻综合,http://38.75.136.137:82/live1/iqilu.m3u8?id=sdythy1&usign=tnO5JvE7EOUNT8al6DLMiw
龙口新闻综合,http://38.75.136.137:82/live1/iqilu.m3u8?id=sdytlk1&usign=tnO5JvE7EOUNT8al6DLMiw
龙口新闻综合,http://yslk.chinashadt.com:1635/live/stream:di1.stream/playlist.m3u8
龙口新闻综合,http://yslk.chinashadt.com:1635/live/stream:di1.stream_360p/playlist.m3u8
龙口生活频道,http://38.75.136.137:82/live1/iqilu.m3u8?id=sdytlk3&usign=tnO5JvE7EOUNT8al6DLMiw
龙口生活频道,http://yslk.chinashadt.com:1635/live/stream:di2.stream/playlist.m3u8
龙口生活频道,http://yslk.chinashadt.com:1635/live/stream:di2.stream_360p/playlist.m3u8
莱山综合频道,http://38.75.136.137:82/live1/iqilu.m3u8?id=sdytls1&usign=tnO5JvE7EOUNT8al6DLMiw
莱山影视频道,http://38.75.136.137:82/live1/iqilu.m3u8?id=sdytls2&usign=tnO5JvE7EOUNT8al6DLMiw
莱阳新闻综合,http://38.75.136.137:82/live1/iqilu.m3u8?id=sdytly1&usign=tnO5JvE7EOUNT8al6DLMiw
莱阳民生综艺,http://38.75.136.137:82/live1/iqilu.m3u8?id=sdytly2&usign=tnO5JvE7EOUNT8al6DLMiw
莱州综合频道,http://38.75.136.137:82/live1/iqilu.m3u8?id=sdytlz1&usign=tnO5JvE7EOUNT8al6DLMiw
牟平综合频道,http://38.75.136.137:82/live1/iqilu.m3u8?id=sdytmp1&usign=tnO5JvE7EOUNT8al6DLMiw
蓬莱新闻频道,http://38.75.136.137:82/live1/iqilu.m3u8?id=sdytpl1&usign=tnO5JvE7EOUNT8al6DLMiw
蓬莱新闻频道,http://sdpl.chinashadt.com:2036/live/stream:1.stream/playlist.m3u8
蓬莱新闻频道,http://sdpl.chinashadt.com:2036/live/stream:3.stream/playlist.m3u8
蓬莱综合频道,http://38.75.136.137:82/live1/iqilu.m3u8?id=sdytpl2&usign=tnO5JvE7EOUNT8al6DLMiw
蓬莱综合频道,http://sdpl.chinashadt.com:2036/live/stream:2.stream/playlist.m3u8
栖霞市新闻频道,http://38.75.136.137:82/live1/iqilu.m3u8?id=sdytqx1&usign=tnO5JvE7EOUNT8al6DLMiw
栖霞市苹果频道,http://38.75.136.137:82/live1/iqilu.m3u8?id=sdytqx2&usign=tnO5JvE7EOUNT8al6DLMiw
招远综合频道,http://38.75.136.137:82/live1/iqilu.m3u8?id=sdytzy1&usign=tnO5JvE7EOUNT8al6DLMiw
招远综艺频道,http://38.75.136.137:82/live1/iqilu.m3u8?id=sdytzy2&usign=tnO5JvE7EOUNT8al6DLMiw
费县综合频道,http://38.75.136.137:82/live1/iqilu.m3u8?id=sdlyfx1&usign=tnO5JvE7EOUNT8al6DLMiw
荒野求生纪录片小天地,https://www.goodiptv.club/douyu/9661369
神探：带你走进档案,https://www.goodiptv.club/douyu/3310454
贻哥带你看电影,https://www.goodiptv.club/douyu/9338867
中二日记搞笑日常更新,https://www.goodiptv.club/douyu/9505575
音乐台长的直播间,https://www.goodiptv.club/douyu/9629943
《探奇录-案件篇》,https://www.goodiptv.club/douyu/9746763
【经典武侠】时代的记忆,,https://www.goodiptv.club/douyu/9649701
俗哥看电影的直播间,https://www.goodiptv.club/douyu/2161818
9942574的直播间,https://www.goodiptv.club/douyu/9942574
车祸现场——都是贪快惹的祸,https://www.goodiptv.club/douyu/4921957
费县生活频道,http://38.75.136.137:82/live1/iqilu.m3u8?id=sdlyfx2&usign=tnO5JvE7EOUNT8al6DLMiw
河东综合频道,http://38.75.136.137:82/live1/iqilu.m3u8?id=sdlyhd1&usign=tnO5JvE7EOUNT8al6DLMiw
河东影视频道,http://38.75.136.137:82/live1/iqilu.m3u8?id=sdlyhd2&usign=tnO5JvE7EOUNT8al6DLMiw
莒南综合频道,http://38.75.136.137:82/live1/iqilu.m3u8?id=sdlyjn1&usign=tnO5JvE7EOUNT8al6DLMiw
莒南影视频道,http://38.75.136.137:82/live1/iqilu.m3u8?id=sdlyjn2&usign=tnO5JvE7EOUNT8al6DLMiw
兰山综合频道,http://38.75.136.137:82/live1/iqilu.m3u8?id=sdlyla1&usign=tnO5JvE7EOUNT8al6DLMiw
兰陵综合频道,http://38.75.136.137:82/live1/jdtv2.m3u8?id=sdlyll1&usign=tnO5JvE7EOUNT8al6DLMiw
临沭综合频道,http://38.75.136.137:82/live1/iqilu.m3u8?id=sdlyls1&usign=tnO5JvE7EOUNT8al6DLMiw
临沭生活频道,http://38.75.136.137:82/live1/iqilu.m3u8?id=sdlyls2&usign=tnO5JvE7EOUNT8al6DLMiw
罗庄新闻综合,http://38.75.136.137:82/live1/iqilu.m3u8?id=sdlylz1&usign=tnO5JvE7EOUNT8al6DLMiw
罗庄影视频道,http://38.75.136.137:82/live1/iqilu.m3u8?id=sdlylz2&usign=tnO5JvE7EOUNT8al6DLMiw
蒙阴综合,http://38.75.136.137:82/live1/iqilu.m3u8?id=sdlymy1&usign=tnO5JvE7EOUNT8al6DLMiw
蒙阴综合,http://38.75.136.137:82/live1/jdtv2.m3u8?id=sdlymy1&usign=tnO5JvE7EOUNT8al6DLMiw
蒙阴二套,http://38.75.136.137:82/live1/iqilu.m3u8?id=sdlymy2&usign=tnO5JvE7EOUNT8al6DLMiw
平邑新闻频道,http://38.75.136.137:82/live1/iqilu.m3u8?id=sdlypy1&usign=tnO5JvE7EOUNT8al6DLMiw
平邑生活频道,http://38.75.136.137:82/live1/iqilu.m3u8?id=sdlypy2&usign=tnO5JvE7EOUNT8al6DLMiw
郯城综合频道,http://38.75.136.137:82/live1/iqilu.m3u8?id=sdlytc1&usign=tnO5JvE7EOUNT8al6DLMiw
郯城电视二套,http://38.75.136.137:82/live1/iqilu.m3u8?id=sdlytc2&usign=tnO5JvE7EOUNT8al6DLMiw
沂南综合频道,http://38.75.136.137:82/live1/iqilu.m3u8?id=sdlyyn1&usign=tnO5JvE7EOUNT8al6DLMiw
沂南红色影视,http://38.75.136.137:82/live1/iqilu.m3u8?id=sdlyyn2&usign=tnO5JvE7EOUNT8al6DLMiw
沂水综合,http://38.75.136.137:82/live1/iqilu.m3u8?id=sdlyys1&usign=tnO5JvE7EOUNT8al6DLMiw
沂水综合,http://38.75.136.137:82/live1/jdtv2.m3u8?id=sdlyys1&usign=tnO5JvE7EOUNT8al6DLMiw
沂水生活,http://38.75.136.137:82/live1/iqilu.m3u8?id=sdlyys2&usign=tnO5JvE7EOUNT8al6DLMiw
沂水生活,http://38.75.136.137:82/live1/jdtv2.m3u8?id=sdlyys2&usign=tnO5JvE7EOUNT8al6DLMiw
金乡新闻频道,http://38.75.136.137:82/live1/iqilu.m3u8?id=sdjiji1&usign=tnO5JvE7EOUNT8al6DLMiw
金乡生活频道,http://38.75.136.137:82/live1/iqilu.m3u8?id=sdjiji2&usign=tnO5JvE7EOUNT8al6DLMiw
嘉祥综合频道,http://38.75.136.137:82/live1/iqilu.m3u8?id=sdjijx1&usign=tnO5JvE7EOUNT8al6DLMiw
嘉祥生活频道,http://38.75.136.137:82/live1/iqilu.m3u8?id=sdjijx2&usign=tnO5JvE7EOUNT8al6DLMiw
梁山新闻综合,http://38.75.136.137:82/live1/iqilu.m3u8?id=sdjils1&usign=tnO5JvE7EOUNT8al6DLMiw
曲阜新闻频道,http://38.75.136.137:82/live1/iqilu.m3u8?id=sdjiqf1&usign=tnO5JvE7EOUNT8al6DLMiw
任城新闻生活,http://38.75.136.137:82/live1/iqilu.m3u8?id=sdjirc1&usign=tnO5JvE7EOUNT8al6DLMiw
任城影视娱乐,http://38.75.136.137:82/live1/iqilu.m3u8?id=sdjirc2&usign=tnO5JvE7EOUNT8al6DLMiw
泗水新闻综合,http://38.75.136.137:82/live1/iqilu.m3u8?id=sdjiss1&usign=tnO5JvE7EOUNT8al6DLMiw
泗水文化生活,http://38.75.136.137:82/live1/iqilu.m3u8?id=sdjiss2&usign=tnO5JvE7EOUNT8al6DLMiw
微山电视一套,http://38.75.136.137:82/live1/iqilu.m3u8?id=sdjiwe1&usign=tnO5JvE7EOUNT8al6DLMiw
微山电视二套,http://38.75.136.137:82/live1/iqilu.m3u8?id=sdjiwe2&usign=tnO5JvE7EOUNT8al6DLMiw
汶上新闻频道,http://38.75.136.137:82/live1/iqilu.m3u8?id=sdjiws1&usign=tnO5JvE7EOUNT8al6DLMiw
汶上生活频道,http://38.75.136.137:82/live1/iqilu.m3u8?id=sdjiws2&usign=tnO5JvE7EOUNT8al6DLMiw
鱼台综合频道,http://38.75.136.137:82/live1/iqilu.m3u8?id=sdjiyt1&usign=tnO5JvE7EOUNT8al6DLMiw
鱼台生活频道,http://38.75.136.137:82/live1/iqilu.m3u8?id=sdjiyt2&usign=tnO5JvE7EOUNT8al6DLMiw
兖州新闻频道,http://38.75.136.137:82/live1/iqilu.m3u8?id=sdjiyz1&usign=tnO5JvE7EOUNT8al6DLMiw
兖州生活频道,http://38.75.136.137:82/live1/iqilu.m3u8?id=sdjiyz2&usign=tnO5JvE7EOUNT8al6DLMiw
邹城新闻综合,http://38.75.136.137:82/live1/iqilu.m3u8?id=sdjizc1&usign=tnO5JvE7EOUNT8al6DLMiw
邹城文化生活,http://38.75.136.137:82/live1/iqilu.m3u8?id=sdjizc2&usign=tnO5JvE7EOUNT8al6DLMiw
成武综合频道,http://38.75.136.137:82/live1/iqilu.m3u8?id=sdhzcw1&usign=tnO5JvE7EOUNT8al6DLMiw
篮球集锦速递,https://www.goodiptv.club/douyu/9399887
【大坑】悬疑推理视频解说,https://www.goodiptv.club/douyu/9440339
来呀官人,都是你的梦,https://www.goodiptv.club/douyu/9986305
长片短解,精彩的电影都有,https://www.goodiptv.club/douyu/9410946
柠檬檬檬儿vlog的直播间,https://www.goodiptv.club/douyu/9624845
植物植re房间的直播间,https://www.goodiptv.club/douyu/9771247
创造粤语新流行,https://www.goodiptv.club/douyu/2940299
陈佩斯喜剧放映中,https://www.goodiptv.club/douyu/9286868
【萌迪迪】经典系列,https://www.goodiptv.club/douyu/5354705
爆笑视频,每日一更,https://www.goodiptv.club/douyu/4716
美女带你做瑜伽,https://www.goodiptv.club/douyu/10217953
洛克电影的直播间,https://www.goodiptv.club/douyu/9414884
【快看张不疯】带你看香港经典电影,https://www.goodiptv.club/douyu/8413226
内涵 搞笑 短剧,每日更新,https://www.goodiptv.club/douyu/2995636
新的房车生活：4万块的面包车改床车,https://www.goodiptv.club/douyu/9653323
二毛荒野垂钓生活,https://www.goodiptv.club/douyu/10007687
【飞碟说】一分钟了解知识,https://www.goodiptv.club/douyu/1449125
有温度的篮球厂牌,https://www.goodiptv.club/douyu/9367541
剪辑让电影变得更有趣,https://www.goodiptv.club/douyu/8443438
俄罗斯小伙硬核野外生存指南,https://www.goodiptv.club/douyu/9804068
两个大麻瓜的沙雕钓鱼日常,https://www.goodiptv.club/douyu/10121755
恰饭橘美食制作,喜欢点关注哟,https://www.goodiptv.club/douyu/7974136
周六重oey训练营,https://www.goodiptv.club/douyu/8912150
成武综艺频道,http://38.75.136.137:82/live1/iqilu.m3u8?id=sdhzcw2&usign=tnO5JvE7EOUNT8al6DLMiw
曹县新闻综合,http://38.75.136.137:82/live1/iqilu.m3u8?id=sdhzcx1&usign=tnO5JvE7EOUNT8al6DLMiw
东明新闻综合,http://38.75.136.137:82/live1/iqilu.m3u8?id=sdhzdm1&usign=tnO5JvE7EOUNT8al6DLMiw
定陶新闻频道,http://38.75.136.137:82/live1/iqilu.m3u8?id=sdhzdt1&usign=tnO5JvE7EOUNT8al6DLMiw
定陶综艺频道,http://38.75.136.137:82/live1/iqilu.m3u8?id=sdhzdt2&usign=tnO5JvE7EOUNT8al6DLMiw
鄄城综合频道,http://38.75.136.137:82/live1/iqilu.m3u8?id=sdhzjc1&usign=tnO5JvE7EOUNT8al6DLMiw
巨野新闻频道,http://38.75.136.137:82/live1/iqilu.m3u8?id=sdhzjy1&usign=tnO5JvE7EOUNT8al6DLMiw
牡丹新闻综合,http://38.75.136.137:82/live1/iqilu.m3u8?id=sdhzmd1&usign=tnO5JvE7EOUNT8al6DLMiw
牡丹综艺频道,http://38.75.136.137:82/live1/iqilu.m3u8?id=sdhzmd2&usign=tnO5JvE7EOUNT8al6DLMiw
哇是搞笑君啊,https://www.goodiptv.club/douyu/10329719
UP主最新视频合集,https://www.goodiptv.club/douyu/10074407
钓鱼人最后的挣扎,https://www.goodiptv.club/douyu/9570290
那些6到让我们窒息的操作,https://www.goodiptv.club/douyu/8881729
日本最新资讯速递,https://www.goodiptv.club/douyu/296836
民间高手野外露营SHOW,https://www.goodiptv.club/douyu/10372765
爆笑解说各种动漫,https://www.goodiptv.club/douyu/2365
徒手打造顶级荒野豪宅,https://www.goodiptv.club/douyu/9611578
神羊说电影,一起看电影,https://www.goodiptv.club/douyu/9443552
9365077的直播间,https://www.goodiptv.club/douyu/9365077
爱爱小Q的直播间,https://www.goodiptv.club/douyu/10308312
爆笑神剧陪你下饭24小时不间断轮播,https://www.goodiptv.club/douyu/9339300
万池塘徒手挖池塘,https://www.goodiptv.club/douyu/9544576
【钓鱼】最专业的路亚钓法,https://www.goodiptv.club/douyu/9974427
漫威不DC,精彩有声漫,https://www.goodiptv.club/douyu/1952680
高分悬疑电影解说,https://www.goodiptv.club/douyu/9037784
单县综合频道,http://38.75.136.137:82/live1/iqilu.m3u8?id=sdhzsx1&usign=tnO5JvE7EOUNT8al6DLMiw
郓城综合频道,http://38.75.136.137:82/live1/iqilu.m3u8?id=sdhzyc1&usign=tnO5JvE7EOUNT8al6DLMiw
郓城民生综艺,http://38.75.136.137:82/live1/iqilu.m3u8?id=sdhzyc2&usign=tnO5JvE7EOUNT8al6DLMiw
山亭综合频道,http://38.75.136.137:82/live1/iqilu.m3u8?id=sdzzst1&usign=tnO5JvE7EOUNT8al6DLMiw
枣庄市中区综合,http://38.75.136.137:82/live1/iqilu.m3u8?id=sdzzsz1&usign=tnO5JvE7EOUNT8al6DLMiw
薛城新闻综合,http://38.75.136.137:82/live1/iqilu.m3u8?id=sdzzxc1&usign=tnO5JvE7EOUNT8al6DLMiw
峄城综合频道,http://38.75.136.137:82/live1/iqilu.m3u8?id=sdzzyc1&usign=tnO5JvE7EOUNT8al6DLMiw
台儿庄新闻综合,http://38.75.136.137:82/live1/iqilu.m3u8?id=sdzztez1&usign=tnO5JvE7EOUNT8al6DLMiw
东营区新闻综合,http://38.75.136.137:82/live1/iqilu.m3u8?id=sddydy1&usign=tnO5JvE7EOUNT8al6DLMiw
东营区科教影视,http://38.75.136.137:82/live1/iqilu.m3u8?id=sddydy2&usign=tnO5JvE7EOUNT8al6DLMiw
广饶新闻综合,http://38.75.136.137:82/live1/iqilu.m3u8?id=sddygr1&usign=tnO5JvE7EOUNT8al6DLMiw
广饶科教文艺,http://38.75.136.137:82/live1/iqilu.m3u8?id=sddygr2&usign=tnO5JvE7EOUNT8al6DLMiw
垦利新闻频道,http://38.75.136.137:82/live1/iqilu.m3u8?id=sddykl1&usign=tnO5JvE7EOUNT8al6DLMiw
利津新闻频道,http://38.75.136.137:82/live1/iqilu.m3u8?id=sddylj1&usign=tnO5JvE7EOUNT8al6DLMiw
利津文化生活,http://38.75.136.137:82/live1/iqilu.m3u8?id=sddylj2&usign=tnO5JvE7EOUNT8al6DLMiw
昌乐新闻综合,http://38.75.136.137:82/live1/iqilu.m3u8?id=sdwfcl1&usign=tnO5JvE7EOUNT8al6DLMiw
昌邑综合频道,http://38.75.136.137:82/live1/iqilu.m3u8?id=sdwfcy1&usign=tnO5JvE7EOUNT8al6DLMiw
昌邑经济生活,http://38.75.136.137:82/live1/iqilu.m3u8?id=sdwfcy2&usign=tnO5JvE7EOUNT8al6DLMiw
大别山的真实生活,https://www.goodiptv.club/douyu/8837707
小马哥说电影的直播间,https://www.goodiptv.club/douyu/9396672
鹈友说电影,一起看电影,https://www.goodiptv.club/douyu/9445244
【经典悬疑烧脑剧解说】你值得拥有,https://www.goodiptv.club/douyu/8790357
篮球小人物的直播间,https://www.goodiptv.club/douyu/9184257
带你看没时间看的经典电影,https://www.goodiptv.club/douyu/9375743
逗米说电影的直播间,https://www.goodiptv.club/douyu/421222
猫狗双全,就是这样,https://www.goodiptv.club/douyu/8695854
大弟赶海乐趣多,https://www.goodiptv.club/douyu/9348766
科幻战到,为你带来好看的科幻片,https://www.goodiptv.club/douyu/8772060
中国海钓王游钓世界,https://www.goodiptv.club/douyu/9329608
走进“柯”学,西瓜讲的历史档案,https://www.goodiptv.club/douyu/9065082
里面全是小猫咪,https://www.goodiptv.club/douyu/8657834
趣味视频集锦,https://www.goodiptv.club/douyu/9524579
篮球直播间 10228726,https://www.goodiptv.club/douyu/10228726
【小叮当】童年经典动画片,https://www.goodiptv.club/douyu/9445279
车门锁死了,贫道和你一起看电影,https://www.goodiptv.club/douyu/9463586
坊子新闻综合,http://38.75.136.137:82/live1/iqilu.m3u8?id=sdwffz1&usign=tnO5JvE7EOUNT8al6DLMiw
高密综合频道,http://38.75.136.137:82/live1/iqilu.m3u8?id=sdwfgm1&usign=tnO5JvE7EOUNT8al6DLMiw
高密综合频道,http://38.75.136.137:82/live1/jdtv2.m3u8?id=sdwfgm1&usign=tnO5JvE7EOUNT8al6DLMiw
高密党建农科,http://38.75.136.137:82/live1/iqilu.m3u8?id=sdwfgm2&usign=tnO5JvE7EOUNT8al6DLMiw
潍坊高新区电视,http://38.75.136.137:82/live1/iqilu.m3u8?id=sdwfgx1&usign=tnO5JvE7EOUNT8al6DLMiw
寒亭综合频道,http://38.75.136.137:82/live1/iqilu.m3u8?id=sdwfht1&usign=tnO5JvE7EOUNT8al6DLMiw
奎文综合频道,http://38.75.136.137:82/live1/iqilu.m3u8?id=sdwfkw1&usign=tnO5JvE7EOUNT8al6DLMiw
临朐综合频道,http://38.75.136.137:82/live1/iqilu.m3u8?id=sdwflq1&usign=tnO5JvE7EOUNT8al6DLMiw
青州综合频道,http://sdqz.chinashadt.com:2036/live/stream:1.stream/playlist.m3u8
青州文化旅游,http://sdqz.chinashadt.com:2036/live/stream:3.stream/playlist.m3u8
寿光新闻频道,http://38.75.136.137:82/live1/iqilu.m3u8?id=sdwfsg1&usign=tnO5JvE7EOUNT8al6DLMiw
寿光蔬菜频道,http://38.75.136.137:82/live1/iqilu.m3u8?id=sdwfsg2&usign=tnO5JvE7EOUNT8al6DLMiw
潍城综合频道,http://38.75.136.137:82/live1/iqilu.m3u8?id=sdwfwc1&usign=tnO5JvE7EOUNT8al6DLMiw
诸城新闻综合,http://38.75.136.137:82/live1/iqilu.m3u8?id=sdwfzc1&usign=tnO5JvE7EOUNT8al6DLMiw
诸城生活娱乐,http://38.75.136.137:82/live1/iqilu.m3u8?id=sdwfzc2&usign=tnO5JvE7EOUNT8al6DLMiw
潍坊奎文频道,https://wfrtv-live-tz.wfcmw.cn:81/live/52-xsq-wfkuiwen.m3u8
潍坊寒亭频道,https://wfrtv-live-tz.wfcmw.cn:81/live/47-xsq-wfhanting.m3u8
潍坊青州频道,https://wfrtv-live-tz.wfcmw.cn:81/live/23-xsq-wfqingzhou.m3u8
真实、惊悚事件录,https://www.goodiptv.club/douyu/9754849
【独立鱼】鱼叔荐好片 爱看你就来,https://www.goodiptv.club/douyu/2413555
科普公开课,https://www.goodiptv.club/douyu/9498354
每天一分钟,笑侃体坛篮球那些事,https://www.goodiptv.club/douyu/9170147
【脑洞吧】经典搞笑 神配音哦,https://www.goodiptv.club/douyu/2040822
救助流浪小猫咪,https://www.goodiptv.club/douyu/850030
一只喵讲电影会是什么样？,https://www.goodiptv.club/douyu/9312432
来看一只熊熊解说电影,https://www.goodiptv.club/douyu/9386057
心情不好的时候治愈你,https://www.goodiptv.club/douyu/9204381
利利川的直播间,https://www.goodiptv.club/douyu/9329249
【日常野钓】游钓黑坑一疯子,https://www.goodiptv.club/douyu/10103411
听听歌,看绝美动漫场景,https://www.goodiptv.club/douyu/9191790
原创惊悚恐怖动漫,https://www.goodiptv.club/douyu/9312460
【科幻】九叔带你看大片,https://www.goodiptv.club/douyu/9348282
庄尼兔拟音实验室的直播间,https://www.goodiptv.club/douyu/9546169
【午夜消暑】伊藤润二恐怖漫画行亏解说专场,https://www.goodiptv.club/douyu/8936207
野生基建狂异地登陆,https://www.goodiptv.club/douyu/10039437
潍坊安丘频道,https://wfrtv-live-tz.wfcmw.cn/live/48-xsq-wfanqiu.m3u8
潍坊高密频道,https://wfrtv-live-tz.wfcmw.cn/live/13-xsq-wfgaomi.m3u8
潍坊昌邑频道,https://wfrtv-live-tz.wfcmw.cn/live/12-xsq-wfchangyi.m3u8
潍坊保税区频道,https://wfrtv-live-tz.wfcmw.cn:81/live/19-xsq-wfbaoshui.m3u8
潍坊经济开发区频道,https://wfrtv-live-tz.wfcmw.cn:81/live/43-xsq-wfjingkai.m3u8
潍坊潍城频道,https://wfrtv-live-tz.wfcmw.cn/live/30-xsq-wfweicheng.m3u8
潍坊坊子频道,https://wfrtv-live-tz.wfcmw.cn:81/live/55-xsq-wffangzi.m3u8
潍坊寿光频道,https://wfrtv-live-tz.wfcmw.cn/live/1-xsq-wfshouguang.m3u8
潍坊诸城频道,https://wfrtv-live-tz.wfcmw.cn/live/24-xsq-wfzhucheng.m3u8
潍坊临朐频道,https://wfrtv-live-tz.wfcmw.cn:82/live/36-xsq-wflinqu.m3u8
潍坊昌乐频道,https://wfrtv-live-tz.wfcmw.cn:82/live/44-xsq-wfchangle.m3u8
潍坊高新区频道,https://wfrtv-live-tz.wfcmw.cn:81/live/31-xsq-wfgaoxin.m3u8
潍坊滨海频道,https://wfrtv-live-tz.wfcmw.cn/live/11-xsq-wfbinhai.m3u8
潍坊峡山频道,https://wfrtv-live-tz.wfcmw.cn/live/2-xsq-wfxiashan.m3u8
安丘新闻综合,http://38.75.136.137:82/live1/iqilu.m3u8?id=sdaqtv1&usign=tnO5JvE7EOUNT8al6DLMiw
安丘民生频道,http://38.75.136.137:82/live1/iqilu.m3u8?id=sdaqtv2&usign=tnO5JvE7EOUNT8al6DLMiw
陵城新闻频道,http://38.75.136.137:82/live1/iqilu.m3u8?id=sddzlc1&usign=tnO5JvE7EOUNT8al6DLMiw
乐陵新闻频道,http://38.75.136.137:82/live1/iqilu.m3u8?id=sddzll1&usign=tnO5JvE7EOUNT8al6DLMiw
乐陵城市生活,http://38.75.136.137:82/live1/iqilu.m3u8?id=sddzll2&usign=tnO5JvE7EOUNT8al6DLMiw
恐怖电影,北大落说大片,https://www.goodiptv.club/douyu/8828811
【搞笑】我叫孙火旺,论优秀没输过,https://www.goodiptv.club/douyu/9770949
【火龙果讲电影】超爽的电影解说,https://www.goodiptv.club/douyu/2039501
非著名养猪UP主·姐和她的小猪咪们,https://www.goodiptv.club/douyu/8657669
忧郁观影 带您看奇案,https://www.goodiptv.club/douyu/9393577
最会“忽悠”的三代鹿人来斗鱼啦,https://www.goodiptv.club/douyu/9629717
不做大师,只做中国好钓友,https://www.goodiptv.club/douyu/9957389
看遍世界各地的纪录片,https://www.goodiptv.club/douyu/8834003
有部电影儿的直播间,https://www.goodiptv.club/douyu/9736479
热星音乐菌的直播间,https://www.goodiptv.club/douyu/8405922
小姐姐解说大马猴电影,https://www.goodiptv.club/douyu/8851063
前方高能 我也就看了几百遍,https://www.goodiptv.club/douyu/9188696
迷惑住宅行为大赏,https://www.goodiptv.club/douyu/3431701
一起看台球那些人,https://www.goodiptv.club/douyu/10078171
书岳钓鱼的直播间,https://www.goodiptv.club/douyu/10100206
农村一级野钓大师,https://www.goodiptv.club/douyu/9433591
临邑综合,http://38.75.136.137:82/live1/iqilu.m3u8?id=sdwfly1&usign=tnO5JvE7EOUNT8al6DLMiw
临邑综合,http://38.75.136.137:82/live1/jdtv2.m3u8?id=sdwfly1&usign=tnO5JvE7EOUNT8al6DLMiw
平原综合频道,http://38.75.136.137:82/live1/iqilu.m3u8?id=sddzpy1&usign=tnO5JvE7EOUNT8al6DLMiw
齐河新闻频道,http://38.75.136.137:82/live1/iqilu.m3u8?id=sddzqh1&usign=tnO5JvE7EOUNT8al6DLMiw
庆云新闻频道,http://38.75.136.137:82/live1/iqilu.m3u8?id=sddzqy1&usign=tnO5JvE7EOUNT8al6DLMiw
庆云生活频道,http://38.75.136.137:82/live1/iqilu.m3u8?id=sddzqy2&usign=tnO5JvE7EOUNT8al6DLMiw
武城综合频道,http://38.75.136.137:82/live1/iqilu.m3u8?id=sddzwc1&usign=tnO5JvE7EOUNT8al6DLMiw
武城综艺影视,http://38.75.136.137:82/live1/iqilu.m3u8?id=sddzwc2&usign=tnO5JvE7EOUNT8al6DLMiw
夏津综合频道,http://38.75.136.137:82/live1/iqilu.m3u8?id=sddzxj1&usign=tnO5JvE7EOUNT8al6DLMiw
夏津综合频道,http://38.75.136.137:82/live1/jdtv2.m3u8?id=sddzxj1&usign=tnO5JvE7EOUNT8al6DLMiw
夏津公共频道,http://38.75.136.137:82/live1/iqilu.m3u8?id=sddzxj2&usign=tnO5JvE7EOUNT8al6DLMiw
禹城综合频道,http://38.75.136.137:82/live1/iqilu.m3u8?id=sddzyc1&usign=tnO5JvE7EOUNT8al6DLMiw
禹城综合频道,http://38.75.136.137:82/live1/jdtv2.m3u8?id=sddzyc1&usign=tnO5JvE7EOUNT8al6DLMiw
禹城综艺频道,http://38.75.136.137:82/live1/iqilu.m3u8?id=sddzyc2&usign=tnO5JvE7EOUNT8al6DLMiw
禹城综艺频道,http://38.75.136.137:82/live1/jdtv2.m3u8?id=sddzyc2&usign=tnO5JvE7EOUNT8al6DLMiw
环翠综合频道,http://38.75.136.137:82/live1/iqilu.m3u8?id=sdwhhc1&usign=tnO5JvE7EOUNT8al6DLMiw
荣成综合频道,http://38.75.136.137:82/live1/iqilu.m3u8?id=sdwhrc1&usign=tnO5JvE7EOUNT8al6DLMiw
荣成生活频道,http://38.75.136.137:82/live1/iqilu.m3u8?id=sdwhrc2&usign=tnO5JvE7EOUNT8al6DLMiw
乳山新闻综合,http://38.75.136.137:82/live1/iqilu.m3u8?id=sdwhrs1&usign=tnO5JvE7EOUNT8al6DLMiw
【川麻】麻将大师赛,https://www.goodiptv.club/douyu/10217975
辽视辽宁春晚集锦,https://www.goodiptv.club/douyu/9403738
农民野钓的直播间,https://www.goodiptv.club/douyu/10103361
冷门惊悚片,一次看过瘾,https://www.goodiptv.club/douyu/9647845
荒野避难所的直播间,https://www.goodiptv.club/douyu/10234334
小猪搞笑精选,https://www.goodiptv.club/douyu/10329752
墨西哥大毒枭的传奇往事,https://www.goodiptv.club/douyu/9422144
探案解说中,https://www.goodiptv.club/douyu/9065302
用乐高给猫做一次自助餐实现他的愿望,https://www.goodiptv.club/douyu/7348194
一起来看大神修复老物件,解压 治愈,https://www.goodiptv.club/douyu/4164119
朱一旦顶级团队·802,职场大爆炸,https://www.goodiptv.club/douyu/8768943
娱乐扒叔的直播间,https://www.goodiptv.club/douyu/9624581
听霏o姐说,https://www.goodiptv.club/douyu/8830082
老刘带你看大片,https://www.goodiptv.club/douyu/3985805
正在解说丧尸片,https://www.goodiptv.club/douyu/10075154
用细致的角度观察电影,https://www.goodiptv.club/douyu/3715426
整活视频,开心就好,https://www.goodiptv.club/douyu/10319056
乳山新闻综合,http://38.75.136.137:82/live1/jdtv2.m3u8?id=sdwhrs1&usign=tnO5JvE7EOUNT8al6DLMiw
乳山生活频道,http://38.75.136.137:82/live1/iqilu.m3u8?id=sdwhrs2&usign=tnO5JvE7EOUNT8al6DLMiw
文登电视一套,http://38.75.136.137:82/live1/iqilu.m3u8?id=sdwhwd1&usign=tnO5JvE7EOUNT8al6DLMiw
文登电视二套,http://38.75.136.137:82/live1/iqilu.m3u8?id=sdwhwd2&usign=tnO5JvE7EOUNT8al6DLMiw
滨城综合频道,http://38.75.136.137:82/live1/iqilu.m3u8?id=sdbzbc1&usign=tnO5JvE7EOUNT8al6DLMiw
滨城综合频道,http://sdbz.chinashadt.com:2036/live/1.stream/playlist.m3u8
博兴综合,http://38.75.136.137:82/live1/iqilu.m3u8?id=sdbzbx1&usign=tnO5JvE7EOUNT8al6DLMiw
惠民综合,http://38.75.136.137:82/live1/iqilu.m3u8?id=sdbzhm1&usign=tnO5JvE7EOUNT8al6DLMiw
惠民影视,http://38.75.136.137:82/live1/iqilu.m3u8?id=sdbzhm2&usign=tnO5JvE7EOUNT8al6DLMiw
